i,text
0,"Mitochondria form a ring structure around the nucleus with chloroplasts on transvacuolar strands during developmentally regulated programmed cell death in the lace plant, and calcineurin inhibitor cyclosporine A shows feasibility in whole plant systems; mitochondria play a critical early role in this process."
1,"Snellen E chart overestimates visual acuity by a small margin compared to Landolt C, especially in lower ranges for strabismus amblyopia patients."
2,Aquagenic maladies manifest as a pediatric form of aquagenic urticaria.
3,"A 2-fold improvement in continence score was observed with the abdominal approach compared to the transanal pull-through, while stool pattern and enterocolitis scores were slightly better for the transanal pull-through group, indicating potential improvements in surgical management for HD but requiring further case studies for a definitive conclusion."
4,Telephone counseling is more effective than tailored print for promoting mammography screening adherence in nonadherent women.
5,"DBE in the community setting is equally safe and effective with comparable yield, efficacy, and complication rate to that performed in a tertiary referral center."
6,"Emergency laparotomy has a high mortality rate, especially among individuals over 70 years old, necessitating improvements such as increased surgical manpower, early patient recognition, clear management protocols, and potential centralization to specialized centers with multidisciplinary teams."
7,"Sleep disorders are prevalent in Japanese adults, but correction for reporting heterogeneity is not essential; instead, older age, gender differences, multiple morbidities, and exercise should guide policy and clinical practices."
8,Genetic variants found in the study are not sufficient to cause early carotid atherosclerosis.
9,"Short stay wards demonstrate improved bed efficiency, patient care, parental satisfaction, and early family return at two different institutions."
10,Traffic law reforms effective in reducing traffic fatalities and injuries necessitate police enforcement changes; global road safety practices promoted by WHO and World Bank significantly enhance national safety.
11,"Trauma patients face a high risk of complications with anticoagulation therapy, necessitating prospective studies to identify safe treatment regimens."
12,Higher MCVs and AST/ALT ratios in ASH indicate disease severity but cannot distinguish NASH from ASH; these biomarkers may aid in patient selection for biopsy and therapy targeting.
13,No change was observed in identifying high-risk patients despite using simple family history prompts; further studies are needed on physician perceptions.
14,"Residents in emergency medicine programs with EUS fellowships performed more scans and used bedside ultrasound for advanced applications, enhancing their educational experience."
15,Opioid PCT is a feasible and acceptable method to reduce refractory breathlessness in palliative care patients.
16,Short- and long-term outcomes after living-related transplantation (LRT) and living-similar transplantation (SLT) are equivalent; SLT is首选治疗方案，适用于有可用尸体器官的国家，用于紧急情况或需确定最佳移植时间的情况。
17,Cluster analyses can help identify groups for targeted health messages.
18,RPN in porcine models is feasible and useful for teaching retroperitoneoscopy.
19,Significant associations exist between resting heart rate and established cardiovascular risk factors; prospective studies in sub-Saharan African populations are required to assess the potential value of RHR in risk assessment.
20,"Defining hospital preparedness by a fixed number of casualties rather than bed capacity percentiles is more effective, with only 20% of arriving casualties needing immediate treatment, potentially improving resource utilization."
21,"Peak inspiratory pressure, PEEP, and ventilation index values on day 3 can distinguish survivors from nonsurvivors in children with malignancy and ARDS, aiding early supportive therapy."
22,"Disadvantaged families had the lowest rates of protective health behaviors, increasing their risk of tobacco exposure and tobacco-related health disparities; thus, novel interventions are essential."
23,Nomograms accurately predict PCSM and other clinically relevant outcomes with greater accuracy than BCR.
24,"Self-reported mechanical factors linked to chronic oro-facial pain are often intertwined with psychological factors and similarly prevalent in other unexplained syndromes, suggesting such factors might indicate somatization. Extensive invasive therapies aimed at altering these mechanical factors are likely unjustified in many instances."
25,"Older individuals with a history of amblyopia may recover visual function in the amblyopic eye following vision loss in the fellow eye, with sustained improvement."
26,"The process of implementing labor analgesia was rapid, effective, and safe; however, a subgroup of women had suboptimal responses requiring further investigation, indicating overall satisfactory adherence among pregnant women."
27,HER2 immunoreactivity has limited prognostic value for advanced urothelial carcinoma patients receiving adjuvant M-VEC.
28,Halofantrine induces mild to moderate changes in cochlear histology and is classified as an ototoxic drug.
29,VAT area measured 3 cm above the lower margin of the L3 vertebra effectively reflects changes in VAT volume and body weight.
30,HBO as adjuvant therapy for NF does not reduce patient mortality or morbidity.
31,"A positive Hawkins sign indicates no avascular necrosis in a fractured talus, while its absence is inconclusive."
32,"Undergraduate surgical education can be effectively provided in various specialty settings without requiring general surgery in clerkship, but a careful analysis of local programs and facilities is essential before implementation."
33,Acupuncture at voice-related acupoints improves vocal function and heals vocal fold lesions.
34,Elderly patients with aSAH have better outcomes with aneurysm repair than conservative treatment.
35,"Structural practice characteristics are unrelated to new IT facility adoption, whereas post-graduate education and practice nurse use significantly influence its utilization in diabetes management, driving sustained uptake."
36,"Wilson-depressed hepatocellular carcinomas do not represent early cancer, as patients with Wilson-depressed and large-depressed HCCs showed no significant difference in disease-free survival."
37,"Improving follow-up adherence through up to 3 reminders is more critical than the type of follow-up advised, especially for family planning clinic populations with low adherence rates."
38,"Real-time PCR effectively identifies and quantifies pollen, including mixes, with potential for multiplex detection and high-throughput analysis."
39,The accuracy of PET in diagnosing cervical cancer remains high in patients with mild to moderate diabetes compared to non-diabetic patients.
40,"SBK and ASA improve corneal biomechanics and may moderately reduce the risk of corneal haze in excimer laser keratorefractive surgery compared to conventional LASIK or PRK, but wound healing issues persist."
41,Patients with locally recurrent rectal cancer who underwent radiotherapy have poorer oncologic outcomes compared to those who did not receive radiotherapy.
42,An increase of 5% in circumference measurements best identifies potential lymphedema cases.
43,"GM of CRC and SLM correlated with fewer procedures without affecting overall survival; SM patients experienced delayed surgery and increased chemotherapy, indicating more careful patient selection could enhance disease-free survival post-SLM resection."
44,"Schizophrenia patients exhibit normal speed discrimination but show abnormalities in generating or integrating feedback from eye movements, necessitating a revision in how motion perception abnormalities are conceptualized."
45,Transgastric endoscopic splenectomy is technically feasible in a porcine model; planned experiments will assess long-term survival.
46,"The time from symptom onset to initial surgery is the critical prognostic factor for Fournier's gangrene, emphasizing the need for early recognition and immediate radical debridement."
47,"Patient and graft survival after kidney transplantation from elderly donors to young recipients matches that from young donors, but renal function is superior with young donors."
48,"Medicaid Demonstration in Florida leads to lower PMPM expenditures, with PSNs showing slightly greater reductions than HMOs, suggesting PSNs are a promising care delivery model."
49,Selective screening of high-risk elderly patients would reduce the screening load by 40% without affecting surgical management or neurological outcomes.
50,Mesocolon invasion is to be classified as T4 in gastric cancer staging.
51,"Acetabular fracture patients with ICU or hospital stays exceeding 10 days had higher HO risk; XRT prophylaxis significantly reduced HO, likely due to injury severity."
52,"Statins show significant benefits in acute stroke, warranting further detailed analysis."
53,Pregnant women rated interventions as more complex when font was used.
54,"Isolated sternal fractures in children result from common trauma, and ultrasonography effectively detects fractures while radiography best visualizes dislocation extent."
55,"FT and androstenedione are statistically significantly associated with sexual desire in women, whereas ADT-G is not superior to measuring circulating androgens by mass spectrometry."
56,"No evidence exists that ibuprofen interferes with adjuvant chemotherapy; however, a significant rate of implant infections was observed."
57,Low levels of HPV DNA in pterygia suggest HPV is not involved in pterygia development in Denmark.
58,An artificial neural network outperformed linear statistics in relating item patterns to length of stay (LOS) but failed to accurately estimate individual LOS. The inverse correlation between PRISM score (or its LOS estimate) and actual LOS may indicate quality of care.
59,"Transcatheter aortic valve implantation can be safely performed without balloon predilatation with equivalent early results, potentially reducing pacing periods needed."
60,"Pediatricians must recognize early signs of AEA and be aware that some choking game participants may develop AEA, necessitating vigilance among primary care providers to intervene."
61,"Comorbid MD/AUD during adolescence is associated with increased exposure to adverse childhood circumstances and higher rates of depression to age 35, indicating it may serve as a risk marker rather than a causal factor."
62,"Cough and cold medicines continue to be used in children under 6 years, with many caregivers remaining unaware of public warnings and potential risks."
63,"Manikin users showed high success in inserting LMAS post-instruction but frequently made uncorrected errors, suggesting labeling and photo improvements could enhance understanding and reduce mistakes."
64,"SLBM underestimates mesopic pupil size, has low sensitivity for pupils >6 mm, and shows wide agreement variability with CIP, potentially misleading surgical planning."
65,"Incomplete prepuce separation is normal in newborns, becoming complete by adolescence in most boys, limiting circumcision indications to few cases in children unless medically necessary."
66,"Routine colonoscopy after acute diverticulitis does not impact patient management or outcomes, suggesting a need to reconsider current practices."
67,IADL disability predicts higher risk of dementia within 1- to 2-year follow-up in memory clinics.
68,The use of an endoscope in VPS procedures does not increase surgical infection risk.
69,"Children, their parents, and physicians often misperceive overweight severity. This highlights the necessity of educating physicians to better recognize obesity."
70,Specialized phonologic awareness training programs in kindergartens and preschools are unnecessary for most children but beneficial for those with temporary hearing deficits; general perception training suffices for others.
71,Findings suggest a link between multiple sclerosis and streptococcal infections; further animal model studies are needed to elucidate the role of group A streptococci in multiple sclerosis pathogenesis.
72,"2ME enhances the antiproliferative activity of certain chemotherapeutics and shows good tolerability in patients with refractory metastatic breast cancer, potentially offering a new treatment regimen for hormone-dependent cancers."
73,"The distance between the fibular head and the joint line is the most accurate radiographic parameter for assessing the joint line, unaffected by arthritis level, age, gender, landmark visibility, or misalignment, serving as a tibia-related landmark for revision surgery."
74,Patients with better postoperative mechanical alignment were observed after receiving metal-backed Onlay tibial components compared to all-polyethylene Inlay prostheses; Onlay prostheses should be首选用于 medial UKR手术。
75,Progression to the renal vein and vena cava in pT3 tumours is not linked to higher VEGF expression but VEGF remains an independent poor prognosis indicator.
76,Alcohol and drug use significantly contribute to injury and poisoning deaths among young men; further research is required to explore how unemployment and being single influence their health and to understand their risk-taking behaviors.
77,"Rescue AC applies to only 18% of cases, with specific subsets more likely to benefit."
78,"BMI, neck circumference, and waist circumference are not predictive of autoCPAP pressure; thus, the derived algorithm fails to adequately predict fixed CPAP pressure for obese individuals, and OSA severity correlates only moderately with autoCPAP pressure."
79,Patients with a history of ACD have an elevated risk of recurrent preterm birth and cervical shortening in subsequent pregnancies compared to women with prior preterm birth due to PPROM or PTL.
80,"Patients traveling long distances to high-volume centers had better lymph node yield, neoadjuvant chemoradiation receipt, and reduced 30- and 90-day mortality and 5-year survival rates compared with those traveling short distances to low-volume centers."
81,Dopamine partial agonist mechanism of aripiprazole explains pathological gambling adverse reactions reported in case studies.
82,Lysosomotropic amines combined with cyclosporine show synergistic suppression of T-cell proliferation; chloroquine with cyclosporine improves GVHD control.
83,"Neoadjuvant chemotherapy for Stage IV NPC patients improves survival and disease control, with recurrence in the irradiated volume being the primary failure mode."
84,"Approaching a contralateral hydrocele in neonatal testicular torsion via a scrotal incision is safe and effective, avoiding the need for inguinal exploration and reducing the risk of testicular or vasal injury."
85,"Visually impaired pedestrians made accurate crossing decisions similar to normally sighted individuals but significantly overestimated vehicular gap times when relying solely on auditory information. Blind pedestrians performed notably worse than both normally sighted and visually impaired individuals under auditory-only conditions, indicating a need for training to enhance their detection and interpretation of vehicular gap times."
86,"Granulomatous myelotoxicity and enteritis occurred in a 21-year-old female after 3 weeks of sulfasalazine for rheumatoid arthritis; corticosteroids resolved cholestatic hepatitis, rash, eosinophilia, and gastrointestinal symptoms with no residual effects at 7 months."
87,"School children in lower socio-economic areas frequently chew Chaalia and Pan Masala due to taste, familial and peer influence, low cost, and easy availability."
88,"Cervical physical therapy may positively affect subjective tinnitus in patients with tinnitus and neck complaints, but larger studies with better outcome measures are needed to confirm this effect."
89,"Significant eosinophilic inflammation is found in all asthma categories, with paucigranulocytic asthma characterized as a low-grade inflammatory disease."
90,"HIV/STD control measures have slowed the HIV/AIDS epidemic in Jamaica, but many continue to engage in unprotected sex during high-risk situations."
91,"1.6% of S. aureus from bacteraemic patients were PVL-positive, indicating PVL-positive S. aureus have no significant role in causing S. aureus bacteraemia."
92,Elevated post-CABG surgery mortality is observed in a similar-sized group comprising patients with IFG and undiagnosed DM.
93,"Positron emission tomography scanning accurately reclassifies staging or modifies therapy in approximately 30% of patients with advanced primary rectal cancer, suggesting its inclusion in standard workup, especially before neoadjuvant chemoradiation."
94,"Manual resuscitators deliver inconsistent tidal volumes; physical characteristics do not predict delivery accuracy, making manual resuscitators unsuitable for precise ventilation."
95,Tax increases do not necessarily translate to higher retail prices due to non-market forces and the Chinese tobacco monopoly system.
96,"Histology shows moderate to severe inflammation in the presence of VLEM, which may be a highly specific endoscopic feature of esophagitis in children."
97,Severe hypoglycaemia increases CV risk in high-risk individuals; insulin glargine reduces this risk compared to standard care.
98,A correlation between radiographic transition zone level and aganglionosis length is weak; systematic preoperative biopsy is essential.
99,"Dexamethasone is effective for treating mild to moderate acute asthma exacerbations in children compared to prednisone, offering better compliance, palatability, and cost, but its role in hospitalized children needs further investigation."
100,The Sami attended the NBCSP more frequently but had lower recall and cancer detection rates compared to the non-Sami group.
101,"ECL assays enhance prediction of diabetes onset in autoantibody-positive relatives, aiding future prevention trial design."
102,"Specialists in infectious diseases and clinical microbiology achieve consistent assessment of antimicrobial appropriateness across various indications, but improvements are needed, highlighting the need for multidisciplinary discussions and education."
103,"Patients with five or fewer metastatic sites have better survival rates compared to those with more than five lesions, indicating that early detection and aggressive treatment for smaller numbers of metastases could improve long-term survival."
104,"Young hypermetropic adults exhibit +1 to +2 D of latent hypermetropia, while myopic adults show pseudomyopia of -0.5 D; asthenopia symptoms in hypermetropic adults warrant cycloplegic refraction."
105,Ultrasonographic screening significantly reduces mortality in hepatocellular carcinoma patients by enabling early detection.
106,Jordanian men play a crucial role in breast cancer early detection; involving husbands in health campaigns enhances family support.
107,Stroke survivors' self-reports on driving incidents differ from government records; future studies should use both sources for accuracy.
108,Upfront assessment of kit mutation status aids in distinguishing treatment strategies for biologically distinct GISTs and determining the optimal surgery timing.
109,Bezafibrate shows a potential preventive effect against colon cancer in patients with coronary artery disease.
110,"Training managers in transformational leadership behaviors can improve healthcare workers' sleep quality, but the underlying mechanisms remain unclear. Self-efficacy does not explain these improvements."
111,"Use of contaminated products with antibiotic prophylaxis appears safe regarding fever onset, fever duration, neutrophil and platelet engraftment, and hospitalization length."
112,Patients with normalized postoperative CA19-9 levels have equivalent survival to those with normal preoperative CA19-9 levels; preoperative CA19-9 level alone should not deter surgery.
113,"Rabbits are suitable surgical training models due to low morbidity-mortality, intramuscular anesthesia capability, no requirement for pre-operative fasting, and absence of hypoglycemia even during prolonged fasting."
114,"Patients have limited understanding of ACE-I side effects, leading to more referrals for chronic cough and angioedema."
115,LF and cruroplasty effectively controls GERD symptoms and promotes weight loss but is associated with high postoperative complication rates; re-sleeve procedures may be an alternative for selected patients.
116,Biased assessments of asthma severity and poor patient-physician communication contribute to racial disparities in asthma care. Improving these aspects may reduce such disparities.
117,"Laparoscopic surgery reduces atrial fibrillation risk in foregut surgery, leading to shorter intensive care stays; a prospective trial is recommended."
118,"In crowded locations near evacuation hospitals, suicide bombings can overwhelm medical resources. A semi-evacuation hospital with mobile emergency ultrasound proved effective for mass casualty management."
119,"Persons with various communication disorders decode musical expressions of emotions and movements differently, necessitating tailored music selection in therapy."
120,"Long-term FA supplementation in methotrexate-treated patients prevents mouth ulcers, nausea, vomiting, and neutropenia with minimal methotrexate efficacy loss."
121,Patients with lower calyceal lithiasis and an infundibular height less than 22 mm are likely to benefit from SWL treatment.
122,"In situ lung ischemia-reperfusion significantly reduces coronary blood flow, alters hemodynamics, and modifies the inflammatory profile, directly measured for the first time during the procedure, highlighting increased cardiac risk."
123,"Patient-reported HRQOL offers independent prognostic information for survival, supporting its collection in clinical practice."
124,Beta1Gly49 homozygosity and TACC haplotype of ADRB2 gene predispose to TTN.
125,"A longer treatment duration may reduce mental health care returns in certain groups, but no causal link is established; randomized controlled trials are necessary."
126,Shaving the incision site before spinal surgery increases postoperative infection rates.
127,This study finds no direct link between atmospheric pressure and abdominal aortic aneurysm ruptures.
128,Most individuals in France consider situational factors when determining if a physician should break patient confidentiality to safeguard the spouse of an STD-infected patient.
129,"Somatic complaints are a risk factor for depressive symptoms in women, but social variables also play a crucial role, and more research is needed to identify predictors in men."
130,Hospital admission data fail to provide a comprehensive health profile for women with depression during pregnancy who are dispensed antidepressants.
131,This clinical trial assessed whether remote postischemic conditioning reduces intervention-related myocardial damage.
132,"A single-pill strategy showed marginal quality-adjusted life years improvement and remains cost-effective, but long-term impacts need further investigation."
133,"Economic inequalities in breast and cervical cancer screening are low in LMICs with high screening coverage, indicating feasible high equity levels despite income disparity."
134,"This study finds that racial disparities in breast cancer mortality between White non-Hispanic and African-American/Hispanic women are more pronounced at the census tract level when using relative statistics, though results differ based on whether relative or absolute measures are applied. Further research is required to determine the best geographic scale for identifying racial disparities."
135,Leukocyte count at presentation aids in assessing the severity of injury in blunt trauma patients.
136,"a-tDCS may help identify residual connectivity markers in clinically-defined UWS patients, who often lack purposeful behavior due to motor-output failure."
137,"Patients on AIs with osteoporosis have higher risks of musculoskeletal symptoms and fractures; co-administration of Ca/Bis reduces these risks. Tamoxifen before AIs lowers AI-related musculoskeletal symptoms. We advise offering Ca/Bis to AI patients, particularly those on steroidal AIs or without prior tamoxifen, to decrease musculoskeletal symptoms and fractures."
138,"Women with asymptomatic recurrence of endometrial cancer have a better clinical outcome than those with symptomatic relapse, but optimal follow-up strategies remain undefined."
139,LITT facilitates the localized delivery of chemotherapeutic agents into brain tissue for treating brain tumors.
140,Tracheobronchoscopy is recommended in tertiary centers for babies with EA before surgical repair due to its usefulness and safety.
141,Ocular movements following horizontal semicircular canal stimulation are not always aligned with the canal axis due to otolith organ inputs.
142,Current data do not support a causal relationship between appendix perforation and increased risk of tubal pregnancy or infertility; a well-designed case-control study is needed.
143,No serovar-specific immunity was observed; populations with frequent gonorrhoea infections might have a stronger immune response.
144,Medical students can appropriately serve as examiners for undergraduate emergency medicine OSCE formative testing but not for summative assessments.
145,Immunostaining with vWF antibody and confocal microscopy assist in grading astrocytomas.
146,Healthy lifestyles are associated with higher utilization of preventive health services but do not significantly reduce outpatient visits; individuals with regular exercise and blood pressure monitoring have more outpatient visits. Increased access to health consultations is recommended.
147,"Antral follicle assessment is a stronger predictor of in vitro fertilization outcome compared to maternal age or follicle-stimulated hormone levels, potentially offering a marker for ovarian age independent of chronological age or hormonal indicators."
148,"Socio-economic gradients in health are shallower among Pacific and, particularly, Asian peoples; caution is advised when using socio-economic measures as proxies for health service needs."
149,"Tricompartmental replacement altered knee kinematics, whereas unicompartmental replacement maintained normal knee kinematics."
150,Serum leptin levels are not predictive of prognosis in advanced lung cancer patients and show no correlation with tumor-related factors.
151,Fetal gender has no impact on asthma-related ED visits or adverse pregnancy outcomes in women with asthma during pregnancy.
152,"The R14C KCNQ1 mutation alone is insufficient for AF; instead, an additional factor like hypertension, which induces atrial stretch and reveals the ion channel defect, is necessary for AF manifestation, explaining the age-related increase in AF development."
153,"Circumferences and related ratios scale significantly with height in a US-representative population, adjusted for age and race, with implications for clinical and epidemiologic applications."
154,"QTcD is significantly higher in hypertensive patients with LVH, correlating strongly with LVH indices; a QTcD cut-off of 60 ms predicts LVH with high sensitivity and specificity."
155,The severity of traumatic aortic injury decreases as the aortic arch index increases.
156,MASCC score shows promise for outpatient management of NF in gynecologic oncology patients; ongoing prospective study will assess safety and cost impact.
157,Post-mastectomy radiotherapy is recommended for node-negative patients under 40 years old with larger tumors at risk of local failure.
158,Can bisphosphonate therapy be discontinued in children with fragility fractures before linear growth ceases?
159,"No difference in postoperative morbidity, rehospitalization rates, in-patient mortality, or hospitalization costs exists between geriatric patients receiving regional versus general anesthesia for hip fracture repair; delay beyond 3 days or ICU admission increases hospitalization costs."
160,Systolic blood pressure measured by nurses in treated hypertensive patients is significantly lower than that measured by physicians and nearly identical to ambulatory blood pressure monitoring readings. Nurses can effectively determine blood pressure for both diagnosis and follow-up control in hypertensive patients.
161,"VO2peak measured during an incremental treadmill test accurately reflects VO2max in ambulatory children with spina bifida, supporting the use of treadmill testing. Supramaximal testing is an easy and well-tolerated method to confirm maximal effort in these children."
162,"ART conception is not linked to PND or TOPFA probability for CHD; thus, live births alone can assess overall CHD risk but not total CHD prevalence, especially severe cases."
163,"CFAEs during AF show minimal overlap with SRF regions; SRF predominantly occurs in areas with wave-front collision, and its distribution is similar in AF patients and controls, indicating it likely does not play a crucial role in AF maintenance or make a suitable ablation target."
164,Premature births in rural mothers are associated with increased risks of stillbirth and neonatal mortality compared to urban infants.
165,"Ethyl-2-cyanoacrylate achieved better healing, shorter anastomotic time, and equal strength compared to polyglactin 910 sutures in intestinal anastomosis."
166,"Cancellous bone is crucial for the primary stability of mini-implants, regardless of the presence or absence of cortical bone."
167,Data show no July effect in patients undergoing major cancer surgery.
168,"Insertion of a routinely placed ENBD tube does not benefit patient outcomes, yet increases procedure time and discomfort."
169,Maintaining vaccines at recommended temperatures is crucial for potency; inadequate cold chain management compromises immunization effectiveness.
170,Clinical axillary examination for breast cancer can yield false positives and is inadequate for axillary lymph node dissection; SLN biopsy should be considered instead if other preoperative assessments are negative or indeterminate.
171,"Retinal hemorrhages after a convulsive episode are rare and indicate the need for a thorough investigation into alternative causes, such as child abuse."
172,"Patients in regional and rural settings effectively support junior medical student training by participating more in consultations than previously documented for urban settings, potentially expanding primary care-based medical education."
173,Adequate femoral tunnel lengths can be safely created without knee hyperflexion using flexible instruments via an anteromedial portal.
174,"Patients with lower socioeconomic status reported poorer health-related quality of life at baseline, but similar responses to treatment were observed at follow-up, indicating that quality of life depends significantly on socioeconomic characteristics."
175,"Bone turnover markers correlate moderately with iliac cancellous bone turnover parameters, suggesting iliac crest bone may not fully reflect overall bone turnover."
176,"Most children with congenital heart disease can be extubated in the operating room, and neonates, even those undergoing complex procedures, can typically be extubated within 24 hours post-surgery, linked to low morbidity and shorter ICU and hospital stays."
177,Delivery mode has no impact on postpartum quality of life in rural China; socio-cultural factors play a greater role.
178,"The first report identifies uNK cells and their role in regulating cytokines in postmenopausal endometrium, suggesting a mechanism for HT-induced irregular bleeding."
179,Percutaneous ethanol injection without fluid aspiration is preferred for treating benign cystic thyroid nodules.
180,Age over 60 and polyp size greater than 10 mm predict neoplastic GB polyps; polyps <10 mm do not need surgery.
181,"The study demonstrates that the strategic use of a performance management system incorporating non-financial metrics, like those in a balanced scorecard, enables healthcare managers to allocate time effectively to address strategic opportunities and threats, thereby enhancing organizational and output-related performance."
182,"Paracervical anesthesia reduces the duration of the last abortion procedure phase but offers limited benefits for pain perception, analgesic requirement, or vaginal gemeprost efficacy in second trimester abortions."
183,"Plasma glucose levels linked to CVD risk primarily through insulin resistance, questioning if glucose-lowering treatments alone suffice in managing type 2 diabetes or preventing CVD."
184,"The study identified risk factors for leakage in laparoscopic sleeve gastrectomy, enabling better patient selection and follow-up, with all future efforts aimed at reducing serious complications to enhance the procedure's safety and acceptance."
185,"Patients with chronic functional somatic symptoms exhibit diverse symptoms and use more somatic and psychotropic drugs compared to controls, showing high referral rates and psychiatric morbidity. These findings support the concept that such symptoms do not cluster into distinct syndromes, suggesting they should not be classified into medical subspecialty syndromes."
186,"Actinobaculum schaalii requires CO(2); thus, Gram staining, incubation in 5% CO(2), or species-specific real-time PCR should be used if clinical symptoms and a negative culture with leucocytes in the urine are present."
187,Using Medicare claims data to analyze 11 chronic conditions offers a tool for healthcare providers and policymakers to develop strategies targeting chronic conditions and reducing healthcare costs.
188,Completing the obstetric manual of PEP enhanced midwives' knowledge without changing their practices.
189,Patients with localized prostate cancer prefer lower radiation doses due to concerns about gastrointestinal toxicity over survival benefits.
190,"Music did not significantly reduce cortisol levels, but smaller, less significant spikes in UFC levels were noted."
191,Reducing spasticity in the arm is associated with significant improvement in arm function.
192,The Holmium:YAG laser effectively treats ureteral calculi with high success and low complications.
193,"A large percentage of patients misuse metered-dose inhalers, and healthcare providers, especially respiratory care practitioners, show greater proficiency in their proper use."
194,Reducing friction at the bracket/ligature interface does not increase the rate of space closure; individual patient response likely determines orthodontic tooth movement.
195,"The study found that residents lacked a healthy lifestyle, particularly in physical activity and diet, and had inadequate vaccination rates; interventions are needed to promote healthier lifestyles and improve vaccination status."
196,CIN and VAIN share some common features when associated with HPV infection.
197,"General practitioners should use patients' first names more frequently, especially with younger patients."
198,"TEE can assess left ventricular function in potential brain-dead donors, with an FAC below 50% found in 36% of potential heart donors; thus, left ventricular dysfunction indicated by an FAC <50% does not always contraindicate heart transplantation."
199,Edaravone prophylaxis prevents I/R-induced ovarian damage during pneumoperitoneum in rats.
200,Right hemisphere stroke volumes exceed left hemisphere stroke volumes for a given NIHSS score; clinical implications require further investigation.
201,"The VMPA offers optimal access and outcomes for TMJ surgeries, making it the preferred approach."
202,"The Young-Burgess system predicts transfusion requirements; LC1 fractures, though common, have an 8.2% mortality rate."
203,No difference in 25(OH) D levels found between normal children and those with CD after adjusting for body mass index.
204,"No trend in unsafe sex behavior was found over time; however, specific subgroups reported higher rates and require targeted interventions."
205,"Small bowel atresia often leads to postoperative cholestasis, which resolves over time; a more selective approach is advised to reduce unnecessary tests."
206,"Financial incentives for smoking cessation in pregnancy cost £482 per quality-adjusted life year, below recommended thresholds."
207,"Students can identify QA issues and propose solutions, suggesting they should have a formal role in day surgery QA programs to enhance preparation for medical practice."
208,"The linear dimension method is the most practical for assessing carotid and vagal body paraganglioma growth, while manual area tracing is preferred for jugulotympanic tumours; however, volumetric changes are less clinically significant compared to structural relationships."
209,"3D ultrasound validation improves ultrasound-guided LCNB by reducing the need for core samples, decreasing procedure time and costs."
210,"The safest areas for miniscrew placement are between the first and second premolars and between the first and second molars, irrespective of the insertion angle."
211,General practice selection predicts MRCGP performance.
212,DAR is predictive of intraoperative motor evoked potential alerts in patients with severe spinal deformities undergoing 3-column osteotomies. Accurate risk factor identification aids in improving safety and outcomes during complex spinal corrections.
213,"Coping strategies are influenced by multiple factors and are moderated by age, impacting intervention designs."
214,Increased levels of AGEs in blood and tissues in uremia indicate alterations in the autoxidation of carbohydrates and lipids.
215,A preliminary case-control study finds no presence of 'high-risk' HPV types in human breast milk.
216,Maximal therapeutic efforts combining optimal surgery and chemotherapy significantly prolong survival in selected patients with third extracranial oncology relapse.
217,"Chemotherapy significantly extends survival in patients with a performance status of less than 2, with greater benefits if no weight loss occurs; thus, the hesitation of many pneumologists to use this treatment is unjustified."
218,Locally administered 1.0% ropivacaine significantly reduces post-tonsillectomy pain and decreases analgesic requirement in children.
219,"Pain is a significant but underrecognized clinical issue in general adult psychiatry patients, who have distinct risk factors不同于其他学科临床亚群。"
220,Women with bothersome MUI who undergo AA repair show no additional benefit in OAB symptoms compared to MUS alone; postoperative complications correlate with less OAB symptom improvement.
221,No evidence exists that using AAPs as a second-line depression treatment leads to cost savings or reduced inpatient and ED visits.
222,Survivors of lobar ICH with atrial fibrillation should avoid long-term anticoagulation. Most patients with deep hemispheric ICH and atrial fibrillation should not receive anticoagulant therapy. Patients with deep hemispheric ICH at high risk for thromboembolic stroke or low risk of ICH recurrence may benefit from long-term anticoagulation.
223,"Ureteroscopy can be successfully performed without ureteral meatus dilatation, achieving similar success and morbidity rates to those requiring dilatation."
224,"Having a usual physician improves access to care for low-income populations but is less effective without insurance, and managed care's impact on linking uninsured individuals to medical homes remains uncertain."
225,"Knee extensor strength, dynamic stability, and disease severity have a flexible relationship in Parkinson's disease, with strength contributing to functional outcomes and fall risk management."
226,Driving time does not better predict timeliness of cancer diagnosis and treatment than driving distance; early detection efforts and CRC treatment improvements are needed for remote Medicaid patients.
227,No protective effect of FA on heart anomalies in DS-infants was found.
228,"Francophones' lower rates of diagnosed mental disorders compared to their views on mental health may stem from health-seeking behaviors, suggesting the need to enhance mental health promotion and address language and cultural barriers."
229,"Active individuals with T1DM do not exhibit increased Achilles tendon responses to load, indicating no higher risk of tendon injury; this does not apply to sedentary individuals with T1DM."
230,"Primary eosinophilic esophagitis features fragile esophageal mucosa prone to tearing during endoscopy, indicated by the ""crêpe-paper"" sign; dilation provides symptomatic relief with minimal morbidity but can cause concerning lesions."
231,"Most acetabular components remained stable in frail osteoporotic patients despite limited contact, but three exceeded migration limits; screw fixation was subsequently added."
232,Right ventricular recovery after PVR for chronic significant pulmonary regurgitation in adults post-TOF repair is compromised; pulmonary valve implantation should be performed to maintain RV contractility.
233,"p53, PCNA, and beta-catenin expression in XGC differs significantly from GBC but resembles chronic cholecystitis, indicating an inflammatory nature and suggesting XGC is not premalignant."
234,Genetic and pathologic factors influence atrophy patterns in FTLD-TDP types.
235,Multicatheter APBI following oncoplastic breast-conserving surgery in low-risk breast cancer patients appears feasible but requires careful target volume definition; further long-term studies are necessary to establish its clinical value.
236,"Only 7.8% of Phenomenology subjects failed to meet RCT criteria, but treatment outcomes in RCTs may not apply to less severely ill children with mania."
237,"The newly developed Singapore equation accurately predicts BMR across a broad BMI range, including overweight and obese individuals."
238,Most players think rugby headgear prevents concussion but few wear it; coaches are less convinced of its effectiveness.
239,"SSDH in this case was speculated to be a hematoma migrating from the intracranial subdural space due to low CSF pressure from continuous drainage and intrathecal thrombolytic therapy, highlighting SSDH as a possible complication of SAH with intracranial subdural hematoma."
240,Five quantitative shape descriptors of carotid FFT show potential to supplement conventional lesion characterization in suspected cases.
241,"Cognitive impairment is more prevalent in MND than previously reported, with language deficits, particularly anomia, being common; aphasia in MND may be overlooked due to dysarthria."
242,"150 cultures are required per treatment modification, and 30 for DST; the costs must balance cultural impacts on treatment decisions in India."
243,"EpiDWI can distinguish pleomorphic adenoma and myoepithelial adenomas from other entities, but ADC values alone are insufficient for diagnosis; combining epiDWI with morphologic criteria and other MRI techniques is necessary."
244,Altered ET-1 levels are implicated in the development of rebound hypertension and hypotension during HD.
245,"Bipolarity does not affect suicide risk in affective disorders or modify the impact of established risk factors; thus, standard risk assessment should not consider mood polarity."
246,The first report detailing the benefits of a multidisciplinary clinic has been published.
247,"INR testing issues in primary care mirror those in hospitals, highlighting the need for standardized techniques and improved laboratory-practice collaboration for effective anticoagulation management."
248,"A significant relationship exists between increased disease activity and reduced physical function in SLE patients, highlighting the need to optimize treatments to reduce disease activity."
249,"No difference in PC detection rate was found at repeat biopsy between patients with flu or elevated si-PSA levels; PSA Slope, PSAV, and PSADT did not aid in cancer detection."
250,High-quality training and strict adherence to guidelines reduce CLABSIs; mindful organizing enhances unit performance during peak demands.
251,"GES improves long-term GI symptoms, reduces healthcare costs, and decreases resource use compared to intensive medical therapy in patients with GP, especially those at high risk."
252,Pulpotomy is a viable short-term alternative to root canal treatment for vital pulps in permanent teeth but lacks sufficient clinical evidence for widespread application.
253,The most rotated level in a curve is typically two levels from the global apex and one level from the regional apex.
254,"Improvements in case ascertainment, validation, and recording are essential for the CHCS to match the quality of information provided by a specialist case register regarding very low birthweight infants and cerebral palsy."
255,"The proportion of thin (0-1 mm) melanomas has significantly increased in South West England from 2003 to 2012, while thick (>4 mm) melanomas remained stable; this trend likely reflects enhanced public awareness from health campaigns with substantial prognostic and financial impacts."
256,Breast cancer prognosis in women predicts survival in their first-degree relatives.
257,"NT thickness is not predictive of GDM onset; thus, it is not a useful ultrasound parameter for GDM prediction."
258,No preferential transmission of AVPR1A was found in hypersexual or uninhibited individuals.
259,"Stage I non-small cell lung carcinoma has a lower 5-year survival rate compared to other solid organ neoplasms, despite early diagnosis and improved surgery techniques. Tumors ≤3 cm, adenocarcinoma histology, and negative bronchial resection margins are associated with better outcomes. Effective multimodal treatments are necessary to enhance survival rates."
260,"USMLE Step 2 scores, honors in medical school clerkships, and AOA membership strongly correlate with resident performance, highlighting their value in applicant ranking for orthopaedic surgery residencies."
261,An optimistic outlook significantly predicts survival in oldest-old women; men's data suggest a similar trend but with limited sample size.
262,"Merger did not yield economy of scale or quality improvements; instead, promoting cross-functional collaboration with clinical specialization better fulfills integration and differentiation needs."
263,"Arch form in Saudi patients is unrelated to gender, molar relationship, and Bolton discrepancy."
264,Cold knife cone specimens were found to be 50% longer and 100% heavier than LEEP specimens.
265,"Temperature-dependent pectin modifications correlate with leaf tensile strength, affecting expansion and resistance to freezing and fungal pathogens."
266,"Difficulties in removing irrelevant information from working memory are specific to depression, while inhibition of irrelevant information is relatively intact in social anxiety disorder."
267,Prepuncture ultrasound did not enhance right internal jugular vein cannulation outcomes compared to respiratory jugular venodilation guidance but helped when landmarks were not visible.
268,"An inverse relationship exists between obesity and serum prostate-specific antigen, but the difference is small, suggesting no need to adjust prostate-specific antigen for body mass index."
269,"In a US Air Force population, OSA with an apnea-hypopnea index over 20 significantly reduces aerobic fitness, as assessed by cycle ergometry."
270,"AMPK potentially regulates melatonin secretion via the paraventricular nucleus and/or directly in the pineal gland, modulating its rhythmic pattern."
271,"Cerebral hemispherectomy to control seizures from in utero insults allows the right hemisphere to support reading and phonological processing, but individual variability exists post-surgery."
272,Female gender independently reduces the risk of multiple organ failure and nosocomial infections in both premenopausal and postmenopausal women compared to age-matched men. This finding contradicts previous studies and implies that non-hormonal factors likely account for gender differences following injury.
273,Communication skills training leads to improved communication behavior and self-confidence in participants; teaching communication skills benefits interactions with terminally ill patients.
274,Time to primary treatment after breast cancer diagnosis does not affect overall survival; improving pre-diagnosis care is crucial for quality indicators.
275,"Depressed vessel compliance and increased vascular resistance characterize young, obese, normotensive individuals, potentially indicating early arterial changes; future studies are needed to determine if interventions can improve vascular function."
276,"Higher socioeconomic status correlated with greater acceptance of preventive home visits, though this association diminished with proactive invitational procedures, suggesting proactive methods could reduce social inequality in preventive service uptake."
277,"Open access publishing and the Hirsch index of the first signing author enhance article impact, with open access providing a larger benefit to highly cited articles 30-35 months post-publication."
278,"Hypergastrinemia is implicated in the pathogenesis of IHPS, and mucosal thickening may initiate its development."
279,"Indicators of drug adoption, excluding adoption time, correlate well; however, early adoption by physicians does not appear to be a drug-independent trait."
280,"Low back pain shows decreased sensitivity correlated with higher blood pressure, especially in chronic pain sufferers."
281,"People's preferences for safety-related interventions vary depending on context, making direct policy informed by public preference surveys premature."
282,"Closed reduction effectively treats mild nasal fractures, enhancing patient satisfaction with early intervention."
283,"Increasing access to clinical and outreach services, breastfeeding support, and nutritional improvement in Africa can substantially reduce mortality."
284,"Renal infarction with inflammatory syndrome may be misdiagnosed as PAN, but spontaneous remission of renal PAN can occur."
285,"Gluten tolerance can develop in some CD patients, potentially linked to HLA genotypes other than DQ2 or DQ8; understanding its mechanisms may aid in identifying patients who do not need lifelong gluten-free diets."
286,"COPD is underdiagnosed in the U.S., and screening older smokers for symptoms offers a simpler, more effective approach despite limited predictive value from spirometry."
287,"A Google-based search improves diagnosis in complex immunological and allergic cases, enhancing results with computing skills."
288,The individual therapist's role is confirmed as a critical factor in the change process.
289,"This study found poor agreement between AD and MR decisions on seafarers' fitness when appealing, with reasons considered."
290,"ESLD etiology is a prognostic factor for survival; lower renal function and urinary Na levels at diagnosis predict poorer outcomes, indicating early intervention could improve survival."
291,"Doses at PIBS points remain stable during treatments, and PIBS and PIBS +2 points can differentiate plans for patients with vaginal infiltration; further studies link these parameters to vaginal morbidity."
292,"Asthma medications are prescribed for conditions beyond asthma, and not all asthmatic children receive prescriptions, indicating these drugs are not a reliable indicator of the disease."
293,"Non-linear associations exist between familial drinking levels and offspring drinking in young adulthood; lower familial drinking levels strongly predict offspring drinking, while higher levels have less influence."
294,Fenofibrate's impact on sleep indices in moderate to severe sleep apnoea warrants further investigation.
295,"Functional MRI shows high concordance with the clinical course of patients in a VS, predicting favorable outcomes in 5 activated patients but not in those without significant activation. Prediction accuracy is higher for VS than MCS using fMRI."
296,A UNP can achieve cystoscopy accuracy equivalent to a consultant urologist but faces legal and training challenges.
297,ECG pretreatment is not useful for patients with no cardiovascular issues and normal heart rate and blood pressure; treatment may cause hypotension.
298,Improved survival was associated with cardiologist care and a combination of general practitioner and cardiologist care compared to general practitioner care in patients with CHF. The pattern of outpatient care impacts patient survival.
299,Higher PV in PMR increases the risk of prolonged steroid therapy and late GCA. Starting patients on >15 mg prednisolone is linked to extended steroid duration. Female sex and specific HLA alleles raise the risk of late GCA.
300,A greater association between ascites volume and anthropometric measurements and long-term rehospitalization and mortality was found in male stable alcoholic cirrhotics. Further studies including women and other cirrhosis types are recommended.
301,Maternal mortality varies beyond socioeconomic status; promoting national and local audits is crucial for identifying issues but no universal solution exists.
302,"Lymph node metastasis frequency and distribution are unchanged by NACT; clinical non-responders have more involved lymph nodes, necessitating comprehensive lymphadenectomy in NACT plus surgery patients."
303,Appropriate empirical systemic antibiotic therapy for suspected sepsis in burns should be broad spectrum and based on recent burn wound cultures until blood culture results are available.
304,"24% of Africans with optimal blood pressure developed hypertension over 5 years due to modifiable risk factors, necessitating aggressive public health interventions focusing on lifestyle changes."
305,Measurement-based care using the PHQ-9 is feasible in resource-limited practices.
306,"A task-specific intervention to improve gait speed can positively impact depression, mobility, and social participation in post-stroke individuals."
307,The lunar phases influence delivery timing more in multiparae and plurigravidae but the effect is too weak for predictive purposes.
308,"In-flight intubation in BO-105 helicopters requires about twice the time compared to ground settings, supporting pre-flight intubation for patients needing urgent intubation during air medical transport."
309,"Prostate and lung cancers can occur simultaneously; thus, it is crucial to assess whether lesions are metastatic to guide prognosis."
310,"The Diabeo system enhanced glycaemic control in high and low users, with the most significant improvement observed in low users receiving teleconsultation support."
311,"Inducing more than one follicle in COS-IUI for unexplained non-conception increases multiple pregnancies without improving ongoing pregnancy rates; thus, monofollicular growth should be targeted."
312,Half-dose MR angiography with a diluted contrast medium injected at 1 mL/second provides equivalent visualization of the abdominal aorta and its branches compared to full-dose administration.
313,"DT is a comparable imaging modality to NCCT for detecting intrarenal stones, showing similar performance regardless of stone size and BMI, with adequate reproducibility among readers. It serves as an ideal alternative for monitoring patients with nephrolithiasis due to its acceptable stone detection rates, lower radiation exposure, and reduced costs."
314,High cumulative doses of regular insulin are associated with an increased risk of atherosclerosis.
315,"Hepatitis G virus infection is common in patients with chronic hepatitis in Southern Italy, regardless of parenteral risk factors, and its prevalence in those with cryptogenic liver disease matches that in hepatitis C virus chronic liver disease, excluding an etiological role for hepatitis G virus. TT virus infection is rare in patients with cryptogenic or hepatitis C virus-related liver disease without parenteral exposure history."
316,"The refusal rate is high due to physical mobility restrictions, travel distance, and limited emotional support, suggesting the need for improved recruitment strategies, such as providing transportation."
317,"EUS and MDCT are confirmed as key tools for staging gastric cancer, while MRI's clinical utility remains unproven."
318,"In high-stress environments with overlapping expertise, teammates' shared mental models enhance the likelihood of requesting and accepting backup."
319,"Transsphenoidal pituitary surgery is safe for Cushing's disease patients, but early postoperative hormone levels and surgical findings can indicate treatment failure requiring alternative therapy; lifelong follow-up is necessary due to late relapse risk."
320,"Bedside swallowing assessment is insufficient for acute stroke screening, and videofluoroscopy's role as a gold standard is questionable; further research is needed on aspiration's predictive value and bedside assessment's importance."
321,"A survey indicates significant dissatisfaction among consultant radiologists with current services, a low number of pediatric radiologists in this field, and a 27% potential increase in radiology child abuse experts with enhanced training and support. Implementing appropriate service and education strategies is recommended."
322,"Omitting meal and beverage intake periods from raw pH data is a less accurate but quicker alternative to visual correction, necessitating manual review to ensure detection of all gastropharyngeal reflux events."
323,"This approach appears helpful as an independent tumor staging factor, and the staging process can include features of peripheral blood immune cells."
324,"Findings show wandering and PNA overlap but are distinct, with stronger evidence for wandering's construct validity. This impacts the accuracy of detecting and labeling these phenomena in science and clinical settings."
325,"Size reduction of the ascending aorta via aortoplasty with external reinforcement is a safe procedure with excellent long-term results, suitable for patients with poststenotic aortic dilatation and intact sinotubular junction."
326,Depression diagnosis and antidepressant use were less common in areas with higher concentrations of the same ethnic group for certain ethnicities.
327,"A hotspots approach to data sharing reduces community violence, particularly severe assaults, and improves resource deployment efficiency. At least half of ambulance hotspots are unknown to the police."
328,"Uterine myomas often shrink during pregnancy, contrary to common belief."
329,"Laparoscopic adrenalectomy for adrenal masses >7 cm achieves comparable oncological outcomes and cosmesis with open surgery, but is contraindicated if there is evidence of local tissue infiltration."
330,Income support policies show promise in enhancing lower-income health but require further analysis to confirm reliability and generalize findings across different policies.
331,"Structured implicit reviews are moderately reliable for assessing quality of care in well-evidenced conditions like hypertension and diabetes but should be used cautiously for less-evidenced conditions such as COPD and acute, short-course illnesses."
332,"Tumours of the eyelid and parotid gland can occur simultaneously or sequentially, requiring oculoplastic and parotid surgeons to evaluate both areas in patients presenting with a mass."
333,"Clinicians did not alter CT scan orders despite radiation education; however, they could discuss benefits and risks with patients and select appropriate protocols. Referring physician groups show interest, urging radiologists to provide radiation education."
334,"A comprehensive, sustained strategy is needed to address the widespread impact of socio-economic deprivation on mortality across Scotland."
335,Imitation of alcohol consumption is common among young male adults regardless of stress levels.
336,"Improving Dutch primary school food policies by clarifying rules, simplifying supervision, and enforcing them can foster healthier eating habits among children, but parental support is also crucial."
337,The APT with HDM is positive in non-AD subjects but shows higher specificity for AD.
338,"MRI in children with OCD reveals disrupted secondary physis, chondroepiphysial widening, and subchondral bone edema, indicating possible disruption of endochondral ossification."
339,Preoperative statin therapy appears to decrease AF development following CABG.
340,"In this study, only six genes exhibited homogeneous expression in endometrially-receptive patients during the window of implantation, likely involved in embryo implantation mechanisms."
341,"Decisional algorithms are effective for detecting ADRs but lack specificity; no reference method was found, and algorithms cannot replace GI in assessing individual ADR causality."
342,Heparinized arterial line samples are unreliable for APTT ratio testing.
343,"Early surfactant administration reduces ventilation duration but fails to significantly protect premature infants from CLD/mortality; CPAP may be considered instead, with further trials needed to confirm."
344,"ACS is common in febrile SCD patients but often underestimated by clinicians. Empiric CXR should be considered for febrile SCD patients due to the risk of ACS, as history and physical examination are insufficient for identification."
345,Residents place higher educational value on outcome feedback than program directors and believe follow-up should be mandatory in EM residencies.
346,"Random survival forests showed no better performance than Cox proportional hazards; integrating genetic SNP scores with clinical/demographic markers improved prediction, suggesting further investigation."
347,"Patients with AC have a higher chance of successful LC when treated by a laparoscopy-interested surgeon, but hospital stay duration primarily depends on patient factors."
348,Clinical outcomes and surgical planning for asymptomatic aortic stenosis can be adequately guided by current valve opening area and calcification degree.
349,"Switching to automatic transmission is associated with maintaining safe driving for older drivers, preserving their transport mobility."
350,"All studied dimensions of restricted fetal growth are independently linked to increased risks of low intellectual performance, with socioeconomic or familial factors accounting for only part of this association."
351,"3-phase bone scintigraphy before surgery may help determine the amputation level in diabetic feet; further comprehensive, long-term, controlled studies are needed."
352,"Acute phase anal sensory scores do not predict independent ambulation; instead, voluntary anal contraction and S4-5 LT and PP scores better predict chronic independent ambulation outcomes in spinal cord injury."
353,Adoption of the 1999 gynaecological cancer guidance led to significant improvement in survival rates in eastern England in 2000.
354,Older adults with more symptoms in PICT may compromise QOL for experimental treatment.
355,"Vitamin D3 deficiency, rather than insufficiency, is linked to OCD development; substitution may prevent advanced stages, but further analysis is needed."
356,"Episodic migraineurs do not show differential attention to headache-related facial stimuli compared to controls, indicating distinct attentional processing in chronic versus episodic headaches."
357,"MV repair is associated with lower mortality than MV replacement in patients with advanced cardiomyopathy and severe functional MR; thus, MV repair is preferable."
358,Nontriploid partial moles likely do not exist; reevaluation reveals pathologic or ploidy errors in nearly all cases.
359,"Concomitant splenectomy in children with mild hemolytic anemia undergoing cholecystectomy is no longer warranted, as its necessity should be evaluated individually."
360,"EPSCC patients with surgical or radiation options can significantly improve median, 5- and 10-year survival rates."
361,"Whole-body MRI for detecting bone metastases in adults can be conducted using only T1w sequences at 3 T without additional STIR sequences, potentially reducing examination time and saving financial resources."
362,"Testicular remnants in vanishing testes syndrome may contain viable germ cells or seminiferous tubules with potential for malignant transformation, warranting their removal."
363,Baseline pain intensity fails to predict post-titration opioid outcomes; previous work may have been biased by non-homogeneous treatment.
364,"Attendance of pre-clinical GEM students in live lectures remains unaffected by VODcasts, which are viewed primarily as useful revision aids."
365,Intergenerational mechanisms do not significantly affect childhood BMI; further study is needed for older ages and body composition components.
366,The study finds high reliability in PRO data collected using both FTE-dependent and non-FTE-dependent methodologies.
367,Barrett's cytokeratin 7/20 pattern is a useful diagnostic marker with a false positive or false negative rate of about 25%.
368,"The metastasis rate in station 9 lymph nodes is significantly lower than in other mediastinal stations for lung cancer patients; thus, routine dissection of station 9 lymph nodes is unnecessary, particularly in patients with low T stages, upper or middle lobe tumors, or no intrapulmonary lymph node metastasis."
369,Cutaneous melanoma in nonwhite persons occurs less frequently than in whites but requires early diagnostic interventions due to similar stage-for-stage outcomes and distinct initial examinations.
370,Evaluating living arrangements reveals that men and women exhibit distinct mortality risk differences based on whether they live alone or with a partner.
371,Neuromedin U inhibits insulin secretion through somatostatin mediation.
372,"Fetuses with severe anemia from Kell alloimmunization do not typically experience significant thrombocytopenia, unlike those with RhD alloimmunization and hydrops."
373,Integration of whole-lesion dynamic data enhances specificity but lacks statistical significance.
374,"Vaccination shows a weak and short-lasting effect in older adults, prompting discussions on enhancing vaccine effectiveness through improved campaigns, shorter intervals, and age-specific vaccine designs."
375,"Vitamin D supplementation increases %Tregs in healthy individuals, potentially explaining the link between vitamin D deficiency and autoimmune diseases, warranting further investigation into vitamin D's role in autoimmunity."
376,Higher educational levels correlate with greater contact with specialist care among women presenting gynecological cancer alarm symptoms; future research should explore access disparities in secondary healthcare.
377,Elective re-siting of intravenous cannulae every 48 hours significantly reduces PVT incidence and severity; this practice should be standard for prolonged IV therapy.
378,"By the 32nd week of gestation, ultrasound can predict the presentation of the first twin in over 90% of twin pregnancies."
379,"Menopause is associated with increased vulnerability to both recurrent and first-onset MDD, with health factors and vasomotor symptoms playing significant roles."
380,"The early infection rate without antibiotic prophylaxis during TIVAD placement in the interventional radiology suite is <1%, thus prophylactic antibiotics are not recommended."
381,"Bedtime NPH insulin added to maximal sulfonylurea and metformin therapy effectively manages uncontrolled type 2 diabetes, is simple, and well-tolerated."
382,"Clinical identifiers for early-stage adhesive capsulitis, previously proposed by experts, were not validated in this study; clinicians should be aware that commonly used identifiers may not apply."
383,Delaying surgery in immature AIS patients with Cobb's angles over 40° that progress by more than 10° leads to altered curve patterns and increased fusion levels.
384,"Adapting NF EN 13727 enabled evaluation of three solutions, finding only chlorhexidine to be bactericidal under dirty conditions. This study demonstrated the feasibility of in vitro validation for antiseptics used in clinical settings to treat bacterial skin and mucous membrane disorders, including those at risk of superinfection."
385,Physicians treating UTI in postmenopausal women should prescribe drugs other than fluoroquinolones and routinely monitor antibiotic usage and uropathogen resistance.
386,"Predictive models, including VHRS and ACS-NSQIP, modestly identify patients at risk for SSI, but further refinement is needed to enhance their performance, and investigations into perioperative management modifications are warranted."
387,Ventilating an adult patient with a pediatric-sized BVM yields tidal volumes consistent with lung-protective ventilation.
388,"Preclerkship (year 2) CPEs effectively identified medical students at risk for failing senior CPEs, enabling timely remediation."
389,"The paper highlights the necessity of developing robust, inclusive recovery outcome measures for Australian settings."
390,Mailing surgeons summaries of current evidence on a specific issue fails to alter surgical practices.
391,Second-look laparotomy has no beneficial effect on overall or disease-free survival; tumor grade is the sole independent prognostic factor.
392,"In healthy Korean adults, hsCRP levels and carotid IMT showed strong correlations with traditional cardiovascular risk factors, yet no independent association was found between hsCRP and carotid IMT."
393,The seventh edition of the primary tumor staging system for kidney tumors is a strong predictor of CSS but includes substages with overlapping prognoses and heterogeneous patient outcomes.
394,Concurrent plasma and ISF concentrations of meropenem during CVVHDF show significantly lower ISF levels despite an appropriate dose for intermediately susceptible pathogens.
395,"Postoperative numbness is common after nasal microfat injections, with partial to complete recovery typically occurring within 3 months."
396,Potentially curative therapy significantly improves LE and QALE for older men with few comorbidities and moderately or poorly differentiated localized prostate cancer; age is not a barrier.
397,"Patients with pituitary tumor infarction alone have milder clinical features, a longer pre-presentation course, and equivalent endocrine replacement needs compared to those with hemorrhagic infarction or frank hemorrhage, yet outcomes are better."
398,The study finds no evidence that African American women have a lower calorie requirement for weight maintenance compared to other women.
399,"Emergency DBE is feasible, safe, and effective in acute OGIB, potentially avoiding major surgery and diagnosing/recuring bleeding vascular lesions like DL, which may be misdiagnosed by non-emergency DBE using a combined approach with RT viewing by CE."
400,Normothermic CPB fails to prevent euthyroid sick syndrome; most patients recover normally postoperatively.
401,"Body dysmorphic disorder exhibits a psychotic subtype that significantly overlaps with the BDD variant of delusional disorder, somatic type; inclusion of this subtype in future DSM editions is recommended."
402,"Nursing home residents in hospice with daily pain receive more appropriate analgesic management compared to those not in hospice, and many dying residents in pain are not receiving adequate analgesic treatment consistent with guidelines, highlighting the need for improved pain management."
403,The ODT program guarantees secondary eye care level staffing; stakeholders must address program challenges to enhance it.
404,No systematic association was found between isolated binge drinking episodes in early pregnancy and child motor function at age 5.
405,"Tranexamic acid administration significantly reduces desmopressin and bypass-induced hyperfibrinolysis, and combined use decreases postoperative blood loss and transfusion requirement."
406,S.c. anti-TNF pharmacokinetics do not significantly impact US-scored synovitis in RA patients.
407,Education by pharmacists with access to counter samples has no consistent impact on medical provider prescribing for cost-controlled medication categories.
408,Clear and distinct differences between the two groups indicate increased confidence likely源于Pathway项目暴露。
409,"High rates of unsuccessful IUD insertions, especially among nulliparous women, indicate that actual insertion failure rates by non-specialist providers might be significantly higher than clinical trial data suggest. Further research is needed to confirm this and evaluate whether additional tools can reduce insertion failures."
410,"Some less severe pediatric type II supracondylar humerus fractures can be managed nonsurgically with close follow-up, but those with initial rotational deformity, coronal malalignment, or significant distal fragment extension are unlikely to respond. An algorithm based on initial radiographic features can help identify appropriate treatment groups."
411,Specialty pharmaceuticals represent good health care value in targeted patient populations.
412,An invasive bronchoscopy strategy for diagnosing VAP does not extend the time to first appropriate antibiotic administration when clinical suspicion arises during off-hours.
413,No increase in testicular atrophy was found in patients under 13 months.
414,"The study shows similar cholesterol-related risk of myocardial infarction for both sexes but higher risks for smoking, diabetes, elevated triglycerides, and left ventricular hypertrophy in women."
415,Residency training sites in Northeastern Ohio Universities College of Medicine offer patient care experiences comparable to those in a national survey of family and general practitioners.
416,Midwives in rural areas with fewer deliveries face complex competence issues that require further investigation.
417,Absolute EOA values grouped by manufacturers' valve sizes are misleading; the EOA:patient aortic annulus area ratio offers a new hemodynamic index for objective valve type comparisons.
418,VCUG radiographic scout images at the estimated effective dose do not improve interpretation or management outcomes and should be omitted to reduce dose.
419,"Pre- and post-menopausal polyps show similar loss of apoptotic regulation, driving their growth despite differences in hormone receptors and proliferation markers."
420,"Left ventricular dimensions are unaffected by MetS; hypertension drives changes, while MetS is linked to left atrial enlargement and diastolic dysfunction."
421,"Idiopathic incidental misty mesentery has a significant prevalence, and obesity, indicated by a high body mass index, is associated with this appearance on CT scans due to obesity-induced inflammatory changes in adipose tissue."
422,Pediatric patients often return to play after a concussion despite symptoms or lack of medical clearance.
423,Zeolite reduces blood loss but fails to stop bleeding entirely; further clinical trials are needed.
424,Viral load suppression can be sustained over time in resource-limited settings.
425,"Combined endpoints for adverse events are valid in octogenarians; carotid endarterectomy is the gold standard for treating extracranial carotid disease across all ages, with age not independently increasing high-risk status."
426,"In 1995, North Carolina's mammography quality improved significantly following the implementation of MQSA regulations."
427,"Weekend hospitalization for elderly AMI patients results in delayed intensive procedures and higher 1-year mortality, prompting consideration of targeted financial incentives over broad regulatory measures."
428,Updated Pap test screening guidelines would not miss invasive cervical cancer in women aged 30 and older but may fail to detect it in younger women (21-29 years) between screening intervals.
429,Oral mucoceles/ranulas present distinct clinical features in HIV-positive patients and are likely related to HIV-induced salivary gland disease.
430,"The study revealed a significant increase in GBS colonization among pregnant women in northern Israel, with Arab women showing a higher rate of GBS carriage compared to Jewish women."
431,"Introducing a discharge coordinator enhanced discharge planning quality, increasing costs."
432,"No elevation of cTnI is observed despite significant WMAs on DSE during pharmacological stress testing; thus, cTnI is not a useful additional diagnostic tool for ischemia assessment."
433,Parental restriction of R-rated movie viewing is linked to reduced adolescent smoking susceptibility and rates.
434,"Erroneous hCG reporting is due to molecular complexity, nomenclature confusion, personnel unawareness, assay limitations, and unclear manufacturer labeling."
435,"Hearing loss from GM otic drops can be mitigated by adding BM and benzalkonium chloride, with benzalkonium chloride likely providing protection."
436,"Having a regular primary care clinician is linked to modest improvements in interpersonal quality but not in anticipatory guidance content for young children, with potential subgroup-specific benefits."
437,"Socio-demographic factors influenced pre-admission test scores, which did not correlate with dental programme performance in second or final year."
438,"Ultrasound and histopathology can identify a population suitable for lobectomy, reducing risks compared to total thyroidectomy."
439,An advance care planning model feasible for community palliative care includes quality audit processes with documented discussions as a key outcome.
440,CRP lacks predictive value in patients with clinically localized prostate cancer and is not indicative in those with other tumor types or advanced prostate cancer.
441,"Histological sub-classification of low-grade cerebellar astrocytomas in children offers no predictive value for prognosis, and surgically gross-total removal, particularly for fourth ventricle tumors, significantly improves long-term survival."
442,"More than 25% of middle-aged adults expressed interest in PAS insurance, but participation hinges on premium rates; publicly subsidized insurance for long-term care and personal assistance services is currently lacking."
443,TME with IONM is linked to reduced rates of urinary and anorectal dysfunction. Prospective randomized trials are necessary to determine IONM's definitive role in rectal cancer surgery.
444,"Optimism is the strongest predictor of fear of recurrence, independent of anxiety and pre-treatment fear levels, while cognitive and emotional representations and coping strategies also associate with fears of recurrence."
445,"Significant changes in fetal biometric parameters over the last three decades were not confirmed, suggesting no secular growth acceleration during the prenatal period within the studied timeframe."
446,HCA is not predictive of subsequent cognitive decline.
447,No difference in clinical toxicity or survival outcomes between definitive chemoradiotherapy and chemoradiation followed by surgery in locally advanced esophageal cancer management.
448,"Endomyocardial fibrosis patients show improved clinical symptoms post-surgery, but global left ventricular ejection fraction and regional wall motion remain unchanged, indicating potential improvements in diastolic function."
449,"Medium-term use of implantable LVAD support shows promise, prompting indication for a prospective, randomized trial to explore LVADs as an alternative to medical management due to improved patient selection, management, and reduced thromboembolic events."
450,Occupational exposure to ionizing radiation is associated with involuntary temporary sterility and early pregnancy disorders.
451,"The modified lithotomy position during pelvic surgery does not lead to lower limb ischemia, whereas the Trendelenburg position causes significant lower limb ischemia during surgery, followed by hyperperfusion in muscle compartments during recovery, potentially risking compartment syndrome."
452,"RARC did not impact the incidence of positive surgical margins, operative/postoperative complications, or overall survival in the single-institution study."
453,The retromandibular transparotid approach is a viable and safe method for treating condylar fractures.
454,"Longer appendectomy time was linked to longer hospitalization but not to postoperative complications, supporting semielective appendectomy."
455,Higher or more frequent dosing of ergocalciferol is needed to address vitamin D deficiency and secondary hyperparathyroidism in CKD patients according to current guidelines.
456,Post-operative deformity greater than 15° did not differ significantly between surgeons with and without trauma fellowship training in diaphyseal femur fractures. Further prospective studies are needed to compare outcomes without selection bias.
457,"Co-infection with multiple viruses in hospitalized children with ARI is common yet does not significantly affect severity; however, bacterial superinfections increase disease severity, and pneumococcal vaccination offers protection."
458,Ongoing randomized controlled trials may not have sufficient power to determine if stored blood transfusions have negative clinical effects. Reducing the maximum storage time to 35 days is recommended as a precautionary measure.
459,Patients with acute myocardial infarction and cardiogenic shock in a community-based cohort had similar adjusted 30-day and 1-year mortality rates regardless of the hospital's revascularization capabilities.
460,"New mothers require accessible and appropriate community-based information resources, particularly those of low socioeconomic status during the postpartum period."
461,"CT scans from various brands/models show significant variability, and HU values fail to accurately characterize renal stone composition."
462,Patients with CSM from degenerative disease or segmental OPLL show no significant improvement in VAS neck pain scores or neurological outcomes after laminoplasty; ROM limitation is noted.
463,"Estrogen receptors are present in the stroma and smooth muscles of the anal canal but not in the striated muscle fibers of the external anal sphincter, suggesting these tissues are targets for estrogen and supporting the beneficial effects of estrogen and progestin replacement on anal continence in postmenopausal women."
464,"Aplastic anemia, hepatic failure, and autoimmune vasculitis in a child suggest an autoimmune syndrome; favorable outcomes followed immunosuppressive therapy and hematopoietic stem cell transplantation."
465,"Symptomatic and silent ischaemia occurred temporally after hypotension, especially diastolic, in ischaemic heart disease patients, indicating susceptibility to ischaemic events due to low blood pressure from hypotensive drugs."
466,"A testing method may enable paramedical health professionals to conduct HIV surveillance in TB patients at peripheral centers, especially in areas with low HIV prevalence due to no infrastructure investment required."
467,"Eosinophilic inflammation of the airway wall increases PD, and higher eosinophil counts correlate with reduced PD following ICS treatment."
468,Routine CXR after bronchoscopy with TBB is necessary only for patients with symptoms suggestive of pneumothorax; asymptomatic patients rarely develop significant pneumothorax.
469,Low rectal resections during gynaecological cancer debulking can be performed safely by experienced surgeons without creating a diverting stoma.
470,ACE-DD genotype is associated with an increased risk of chronic kidney failure in hypertensive patients.
471,"Laparoscopic antireflux surgery significantly improves quality of life in well-controlled reflux patients, despite the noncomparative nature and short follow-up of the trial."
472,Semi-closed endarterectomy of the superficial femoral artery combined with a short popliteo-crural bypass is an effective alternative for patients with limb-threatening ischemia lacking suitable venous material.
473,All participants in the experimental group continued to use biofeedback-psycho-regulation skills one year post-training and reported improved athletic performance and well-being.
474,Increased post-ictal serum cytokine levels were observed in patients with various epilepsy syndromes.
475,"Cue-induced behavioral activation specific to alcohol cues, reproducible, persistent, and reversible by naltrexone correlates with human self-report of craving, making it a valuable model for studying alcohol craving."
476,"Improved office-based practices for influenza vaccination could significantly increase uptake and reduce racial and ethnic disparities, impacting Healthy People 2020 goals."
477,Colorectal cancer in young patients represents a distinct clinical entity requiring further validation and definition of optimal treatment approaches.
478,"Retention treatment achieves comparable outcomes to removal treatment for non-S. aureus infections, with polyethylene exchange recommended."
479,PIPE history is associated with IPE development but is not an independent predictor.
480,Italian primary care physicians underuse H pylori eradication therapy in peptic ulcer disease patients despite appropriate targeting; improved prescribing is necessary.
481,"The incidence of abdominal injury in intoxicated, hemodynamically stable, blunt trauma patients with a normal abdominal examination and normal mentation is low; accurate abdominal evaluation can be achieved through physical examination and consideration of clinical risk factors without the need for CT."
482,Four cases exhibit characteristics suggestive of a cervical cord-focused variant of HAM/TSP.
483,"Women exhibit better survival than men overall, but this advantage disappears in matched gender pairs; survival differences are restricted to the adenocarcinoma subset, indicating distinct pathobiology between genders in this type of cancer."
484,Lumbar drainage is effective and safe for preventing CSF fistulas and treating CSF leaks in large dural tears and debilitated/irradiated patients.
485,"Obesity at adolescence onset correlates with persistent asthma symptoms, potentially reducing healthcare costs and disease burden through prevention and treatment."
486,"End-tidal CO(2) correlates well with arterial CO(2) in ELBW infants (EtCO(2) 30-50 mmHg), making it useful for monitoring PaCO(2) trends or screening abnormalities in the first week."
487,CA72-4 determination can help confirm the benign nature of ovarian endometriomas in women with high CA125 levels.
488,"Current surgical techniques of tibial preparation can lead to partial or total PCL damage. The tibial tuberosity serves as a useful anatomical landmark to locate the PCL footprint and predict the risk of its detachment, aiding in preventing post-TKA instability, pain, and patient dissatisfaction due to PCL insufficiency."
489,Public antibiotic campaigns since 2008 have shown limited effectiveness; targeted approaches in GP waiting rooms and clinician consultations could improve prudent use.
490,Increasing the treatment volume for trigeminal neuralgia radiosurgery to cover more nerve length does not enhance pain relief but increases complications.
491,"The ACMIA method for tacrolimus assay is precise, requires no pretreatment, and shows minimal influence from sample hematologic or biochemical status."
492,Tumor depth in soft tissue sarcomas' prognostic value is largely due to tumor size and depth correlation.
493,"PET data indicate amoxapine has a profile similar to established atypical antipsychotics, supporting its potential as an atypical antipsychotic for schizophrenia."
494,N-acetylcysteine can lead to severe otorrhea during tympanic membrane perforation healing; histopathological studies are needed.
495,"Non-attaining non-HDL-C goal predicts MACE in AMI patients, while non-attaining LDL-C goal does not; thus, non-HDL-C is a better dyslipidemia treatment target."
496,Intrapartum VAS predicts fetal acidosis in FHR variable decelerations but not in late decelerations; both VAS and fetal blood pH effectively predict neonatal morbidity.
497,"Puberty and family factors predict adolescent alcohol use, yet family factors do not explain the link between pubertal stage and alcohol use."
498,"Early oral intake after laparotomy and colorectal resection is feasible, indicating that the ability to tolerate oral intake is not exclusive to laparoscopy."
499,"This study questions the significance of loss of consciousness in predicting neuropsychological test performance after mild traumatic brain injury, suggesting that current guidelines prioritizing LOC may need revision."
500,"Body mass index predicts prognosis for stages 2 and 3a gastric cancer but not for stages 1a, 1b, 3b, and 4a."
501,Intraoperative patellar positioning affects joint gap measurement; maintaining the patella in the reduced position during gap balancing is crucial.
502,Laparoscopic antireflux surgery effectively treats GERD in elderly patients with low morbidity and mortality rates and symptom improvement similar to younger patients.
503,"UHR intake criteria indicate that BLIPS patients have the highest risk of transitioning within 6 months, supporting the ""early"" prodrome model and suggesting BLIPS patients require early clinical attention."
504,An 80-hour workweek for residents in New England does not significantly impact surgical education outcomes.
505,"Aging skeletal muscles responding to continuous exercise show an adaptive response preventing the typical loss of type II muscle fibers seen in sedentary elderly individuals, suggesting physical activity should be included in rehabilitation to counteract age-related muscle changes."
506,"Preconditioning reduces infarct size independently of intermittent reperfusion, indicating protection develops during initial ischemia or through low-flow ischemia."
507,"Diagnostic and treatment interventions in sports medicine lack sufficient study, necessitating an increase in both the volume and quality of evidence."
508,"In patients with unilateral pseudoexfoliation, lens mobility in the affected eye leads to a shallower anterior chamber in prone position, potentially causing transient pupillary block during face-down activities."
509,"In HT+ postmenopausal women, the rs2813544 polymorphism affects LDL-C levels, and ESR2 rs1256049 is linked to T-chol and LDL-C; no prior study has examined this SNP set's association with lipoprotein levels considering patients' hormonal status."
510,Transverse sternal plating using 1 or 4 plates enhances sternal stability in human cadavers. Incorporating a single plate into primary closure strengthens sternal closure and may reduce the risk of dehiscence in high-risk patients.
511,"Minimizing radiation dose to the parotid gland using IMRT in advanced head and neck cancer patients prevents xerostomia, and parotid scintigraphy documents this effect."
512,"Variants at HINT1 show sex-specific associations with schizophrenia but are in high LD with the SPEC2/PDZ-GEF2/ACSL6 locus, complicating signal separation; further independent studies are needed."
513,"Major blunt trauma increases circulating neutrophil migratory capacity, which decreases rapidly in patients developing ARDS, linked to interleukin-8 signaling."
514,"Quantitative real-time PCR assays for BCR-ABL detection can be standardized across laboratories using the same positive control cell line and quality control gene, facilitating patient monitoring and comparative studies."
515,No association was found between obesity and asthma control in an urban asthmatic population; weight loss does not appear to improve asthma control.
516,"Physicians document more detailed medication histories, aiding diagnostics in specific specialties; users should note this trend."
517,"Urbanicity correlated with increased behavioral and physiological risk factors, but not necessarily with increased biological risk factors, which likely result from a combination of long-term exposure and early life experiences."
518,"Kidney damage during LPN with warm ischemia >30 min is irreversible, limiting ischemia to ≤30 min is advised."
519,"Preliminary data suggest recipient inflammation influences RBC alloimmunization in humans, but further investigation is needed to establish a definitive link."
520,"Maternal creatine status changes with increased synthesis and reduced excretion to meet metabolic demands of maternal tissues, the placenta, and the developing fetus."
521,"Pap smears with glandular cell abnormalities show a sensitivity of 36.4% using RPS, and RPS detects some AGC cases not identified otherwise, highlighting its value as a QA method."
522,"Renal damage, low platelets, and elevated liver enzymes are observed in women with multiple pregnancies, suggesting similarities between HELLP syndrome and SIRS due to potential shared pathophysiology."
523,"Short gastric arteries were not found to contribute to spleen blood supply following a spleen-preserving distal pancreatectomy; instead, the left gastroepiploic artery served as the primary collateral vessel."
524,"Poststapedectomy-delayed facial palsy results from HSV-1 reactivation in the geniculate ganglion; prevention requires acyclovir therapy, especially in herpes labialis history patients."
525,Selective embolization improves survival in patients with hepatocellular carcinomas.
526,Pelvic structures can be injured during acetabular drilling; careful drilling with a stopped drill bit is essential to avoid iatrogenic injury.
527,SL yields 7% for HCC with accuracy at 27%; implementing accurate imaging and percutaneous liver biopsy reduces SL's benefit.
528,"A combined echocardiographic and ECG model differentiates HCM from ATTR amyloidosis, enhancing clinical identification of ATTR cardiac amyloidosis."
529,"Interns order more arterial blood gases per infant than junior and senior residents, and further study is needed to determine if experience correlates with neonatal morbidity and mortality."
530,Ralap舒 (RALP) 引起的组织损伤低于瑞普舒 (RRP)，这是首次发现。
531,The family pedigree indicates a possible recessive autosomal inheritance due to consanguineous unions.
532,"C-kit is extensively expressed in uveal melanoma, indicating its importance in tumor growth and suggesting STI571 as a potential therapeutic target."
533,The cost-effectiveness of DMOADs for preventing OA in high-risk individuals is comparable to other accepted preventive therapies.
534,Linear anorectal endosonography revealed incomplete or absent anal sphincter and m. puborectalis relaxation during defecation in most patients with dyschezia. This study underscores the diagnostic utility of this technique for identifying pelvic floor dyssynergia or anismus.
535,Human pWAT secretes chemokines with chemotactic properties and contributes to obesity-associated atherosclerosis.
536,"Vascular trainees experience suboptimal continuity of care, particularly in postoperative clinic assessment, with same-day admission surgery linked to the poorest care outcomes. Vascular programs need to incorporate sufficient ambulatory training to address this issue."
537,Improving access to FV in households and food shopping environments slightly increases consumption but has a limited impact on reducing socioeconomic inequalities in FV consumption.
538,Women's choice of care model during their first pregnancy in Sweden does not impact subsequent reproductive outcomes.
539,"Farming is associated with PSV, while silica, solvents, and allergy also show significant associations."
540,"The first population-based study reports an association between low serum chloride levels and increased risk of both cardiovascular and non-cardiovascular mortality, with risk ratios comparable to established CVD risk factors."
541,The Turkish version of the EQ-5D-based utility score is valid for assessing quality of life in patients with acute coronary syndrome.
542,High doses of ZNS are effective and safe for pharmacoresistant epileptic patients; consider therapeutic drug monitoring at failure.
543,"Early triptan treatment reduces migraine duration but does not alleviate peak headache severity, potentially decreasing overall migraine burden."
544,"Diagnostic stability patterns for manic and mixed episodes in bipolar disorder patients have been observed, requiring further prospective studies."
545,"The incidence of post-tonsillectomy late haemorrhage was 1.78%, with a significant difference between night-time and day-time haemorrhages; 54.2% of events occurred between 10 p.m. and 1 a.m., and from 6 to 9 a.m."
546,"Acute hepatitis C in post-screening era locales is primarily iatrogenic, necessitating focused preventive measures."
547,"Placing antismoking advertisements before movies with smoking scenes can immunize non-smokers against film stars' smoking influences, but caution is needed with ad types to avoid reinforcing smoking intentions."
548,"The risk of grade 3 and 4 CVAEs was higher in AI-treated patients than in those receiving tamoxifen, with an absolute difference requiring 160 to 180 patients to be treated to produce one event."
549,"Definitive radiotherapy to the neck and mucosal sites achieves good local control in unknown primary head and neck cancer, regardless of prior neck dissection; the need for neck dissection in early nodal stages remains controversial."
550,Advanced age is not a contraindication for redo cardiac interventions as survivors achieve sustainable recovery and highly independent lives.
551,"Patients with fewer or anterior sutures have shorter operative room times; however, 30-day readmissions, band-related reoperations, and postoperative weight loss remain unchanged regardless of suture count or placement, indicating that technical aspects of the procedure do not affect readmission or reoperation rates, suggesting no need for a standardized approach."
552,"Reduced alveolar macrophage phagocytic clearance of apoptotic cells or NTHi may lead to neutrophilic inflammation and NTHi colonization in PBB and bronchiectasis, but its role in the progression from PBB to bronchiectasis is unclear."
553,"Elderly patients with metastatic spinal cord compression did not benefit from surgery in addition to radiotherapy regarding functional outcomes, local control, or survival."
554,"Replacement milks in South Africa fail to meet infants' nutritional needs; commercial infant formula is the sole compliant option, necessitating revised WHO/UNAIDS/UNICEF guidelines with recommendations for specific nutrient additions."
555,"Minilaparoscopic repair, specifically miniTAPP, is safe and effective for groin hernia repair, offering a challenging alternative to laparoscopy."
556,"TEE enabled accurate site diagnosis, aiding patient management and surgical intervention for PVE with double prostheses; echo-oriented single-valve replacement appears safe."
557,"Epidural analgesia during HIPEC with platinum salt does not increase the risk of haemodynamic instability, spinal haematoma, meningitis, or epidural abscess, provided optimal fluid management and adherence to perimedullary anesthesia guidelines."
558,APACHE II scores improve in surviving emergency surgical patients but lack individual therapeutic relevance.
559,"Physicians may lack interest in helping caregivers, be inadequately compensated for necessary counseling sessions, and find professional caregiving demanding."
560,Cytologic sampling makes it difficult to distinguish NPBD from PBD due to significant overlapping features.
561,"Cited reviewers scored higher but likely due to reviewing higher-quality manuscripts, not because of citation requests."
562,No evidence supports using central venous pressure for guiding fluid therapy; this method should be discontinued.
563,Memory provocation enhances rCBF-SPECT's group-level sensitivity for detecting AD-related brain blood flow changes. Verifying higher individual-level sensitivity in future studies could make a single MP-SPECT study adequate for diagnosing AD clinically.
564,"Endoscopists in tertiary care can accurately predict diminutive polyp histology, offering financial benefits, but community application is limited."
565,"CMV-DNA detection in umbilical cord blood using real-time PCR is recommended for identifying congenital CMV infection as it is decisive, rapid, and non-invasive."
566,"External radiotherapy appears safe and effective for palliative management of gallbladder carcinoma, but more studies are needed to define its role in palliative or adjuvant treatment."
567,"Discordant TEOAE and AABR may occur in some hearing-loss cases among healthy newborns with prenatal care, highlighting the need to reconsider perinatal morbidities as a basis for targeted screening."
568,Chemical shift subtraction enhances routine dynamic contrast-enhanced MRI for evaluating margins of benign lesions in fatty breasts and analyzing masses in dense breasts.
569,"Group 1 states show higher rates of most injury deaths, while Group 2 states display lower rates."
570,European individuals with type 1 diabetes maintained a high atherogenic diet with little change in dietary nutrients and energy intakes over 7 years; nutrition education should emphasize increasing dietary fibre and reducing saturated fat.
571,An intervention program currently helps improve reading skills in adults with intellectual disabilities.
572,Post tonsillectomy antibiotics fail to reduce postoperative morbidity. On-demand analgesics offer limited benefit.
573,DW imaging aids in detecting uterine endometrial cancer on nonenhanced MR imaging.
574,Inhaled steroids are more effective than cromones in preventing asthma admissions when comparing two provinces with differing maintenance medication practices.
575,HIV prevention programs for youth should consider substance use as a key indicator of HIV risk due to its link with unsafe sexual behaviors.
576,"Intravenous thrombolysis modifies survival and recovery outcomes in ischemic stroke, potentially benefiting women more than men."
577,"The incidence of venous thrombosis in general internal medicine patients is low, and cancer significantly increases the risk of hospital-acquired thrombosis; thrombosis prophylaxis may be feasible for cancer patients but requires further investigation."
578,Chemotherapy can be safely administered in rural towns through teleoncology if adequate healthcare resources and governance are in place.
579,"Paget's disease occurs in India, necessitating a high index of suspicion for accurate diagnosis."
580,SST2a IHC does not add predictive value for tumor response post-PRRT compared to SRS uptake with OctreoScan®.
581,Vaginal pH is best measured directly with a pH strip in fresh vaginal fluid.
582,"BRAF-mutant PTC patients treated with TKIs had a significantly longer PFS compared to BRAF wild-type patients, but further studies are needed to explore the prognostic implications."
583,"Glucose screening in pregnancy according to IADPSG guidelines is cost-effective, particularly when preventing future diabetes through postdelivery counseling and intervention."
584,No difference in depressive symptom patterns was observed between men and women in the community sample.
585,"Most Medicare beneficiaries receiving a new CIED between 2005 and 2009 did not initially follow up in person within 2 to 12 weeks post-implantation, but this rate improved over time; white patients were more likely to have an initial follow-up visit."
586,Limb-salvage surgery provides better gait efficiency and return to normal living than above-knee amputation without improving quality of life perception.
587,"A weak association exists between serum ACE levels and the incidence of SH, with uncertain clinical significance limiting serum ACE's use as a risk index for SH."
588,Clinical predictors are insufficient for assessing the cervical spine in elderly trauma patients resulting from low-energy injuries.
589,"Unmarried women in Poland experience poorer pregnancy outcomes due to socioeconomic, demographic, and microbiological differences; comprehensive pre-pregnancy medical care is recommended. Further research on psychological stress, sexual behavior, and substance abuse may identify additional risk factors."
590,"Patients undergoing TKA do not require the same preoperative Hb optimization target, and both ASA score and Hb level can help individualize this target."
591,The study indicates a potential link between cervical discopathy and cervical MS plaque.
592,"Emotional prosody is processed outside the focus of spatial attention during later processing stages, independent of early sensory modulation by spatial attention."
593,"Unelevated leukocyte count and CRP value in elderly patients with suspected acute appendicitis do not support appendectomy, even if clinical symptoms suggest the condition."
594,"The diagnosis of bipolar disorder in patients with major depressive episodes varies significantly based on the method and criteria used, highlighting the importance of criteria lists in clinical practice."
595,"Not all low-tone sudden deafness patients with vertigo attacks have endolymphatic hydrops, and ECochG is a useful prognostic tool."
596,Pictorial health warning labels with didactic text are more effective than those with testimonial narratives; future studies should evaluate specific content impacts on disadvantaged groups as tobacco control measures evolve.
597,"PPM after AVR does not improve survival, functional status, or QoL in patients aged 75 or older; thus, preventive surgical procedures are unjustified."
598,Surgeons avoid widespread adoption of minimal access techniques for hydatid cyst treatment due to excessive fear of anaphylaxis.
599,"Clinicians and CPs have differing views on the clinical relevance of RBC-M terms; including interpretive comments on CBC reports ensures intended interpretation, necessitating critical examination of reporting practices to enhance communication and medical decision-making."
600,"Cytoplasmic β-catenin overexpression is prevalent in most cases of eyelid sebaceous cell carcinoma and correlates with tumor size, suggesting potential Wnt/β-catenin pathway dysregulation; further investigation is needed to determine its role in carcinogenesis and prognosis."
601,"Ultrasound is as sensitive as X-ray for identifying limb fractures and diagnosing fracture types and dislocations in children, making it a suitable alternative for pediatric fracture diagnosis."
602,Cumulative hospital mortality data from 180 days postadmission provides no additional insight compared to 30 days postadmission for the studied conditions.
603,Pre-eclampsia increases the risk of cochlear damage and sensorineural hearing loss; routine audiological examinations are recommended.
604,Ultrasound is an adequate method for Schanz pin protrusion measurement despite lower accuracy compared to gross dissection.
605,"Students typically encounter eight or more out of ten conditions during a 4-week EM rotation, with some conditions rarely seen and best taught nonclinically."
606,After 4 weeks of acid-suppressive therapy for洛杉矶食管炎（LA grade C或D），成功愈合达到一定阈值后，即使增加胃内pH>4的小时数，改善效果也 likely不再提升。
607,Gadofosveset-enhanced MR angiography with combined reading protocol offers superior accuracy for imaging carotid artery stenosis.
608,"Studies show discrepancies between device-recorded and self-reported hot flashes, highlighting limitations in SSC monitoring and the need for a more reliable physiologic measure."
609,Inserting an elephant trunk in a small-calibre true lumen during chronic aortic dissection surgery leads to haemolysis and should be avoided.
610,"Expander deflation before radiotherapy may increase adverse effects, particularly in the lower expander pole, likely due to enhanced radiosensitization from increased blood flow and tissue oxygenation."
611,Stable temperature levels in the new storage can eliminate the need for continuous monitoring during conservation.
612,p53 alteration is not a clinically useful predictor of local response to pre-operative adjuvant therapy in advanced rectal carcinoma.
613,"Most community providers diagnose IBS through extensive testing, leading to higher resource use compared to expert practice, indicating the need for guideline adherence."
614,Pelvic pain in women with POP is linked to defecatory symptoms.
615,Ibuprofen pretreatment before total hip surgery enhances perioperative blood loss; early NSAID cessation recommended.
616,"Laparoscopic-assisted ileocolic resection is feasible and safe for Crohn's disease patients with co-morbid preoperative conditions such as abscess, phlegmon, or recurrent disease at the previous ileocolic anastomosis."
617,"From 2002 to 2007, there was a significant increase in complementary and alternative medicine use among U.S. adults with chronic disease-related functional limitations, especially those with body position limitations."
618,"Complete replacement of dissected aortic segments is feasible with good early and midterm outcomes but requires a complex surgical technique; thus, it is recommended for all technically eligible patients."
619,Intensive observation after the first transfusion in pediatric patients likely offers no benefit.
620,"Cardiovascular responses to exercise training differ between men and women, with women benefiting more from increased physical activity to prevent cardiovascular disease."
621,"Long-term dietary compliance in screen-detected coeliac disease patients is good, with quality of life and bone mineral density similar to non-coeliac subjects and the general population; active screening appears reasonable rather than harmful."
622,"Shigellosis is increasingly affecting males, likely through sexual transmission."
623,Spinal cord untethering is unnecessary in MM patients with scoliosis undergoing corrective surgery if they lack tethered cord clinical symptoms despite radiographic evidence.
624,Workers with elevated aerobic workload during work hours have an increased risk of cardiovascular disease due to high levels of occupational physical activity.
625,"The prevalence of Streptococcus group B vagino-rectal colonization in pregnant women from Melilla matches national estimates but varies by cultural background, being higher in Muslims; no age-related differences were found."
626,"Ureteroscopic stone retrieval can safely be performed without fluoroscopy in many patients, supporting the principle of minimizing radiation exposure."
627,No difference exists in emboli detection between applying the first vascular clamp to the proximal aorta versus the iliacs.
628,"Individuals with type 2 diabetes and lower initial glycemia tend to have fewer adverse clinical outcomes despite similar glycemic progression, necessitating active case detection programs for identification."
629,"Interventions are needed to enhance awareness of stroke signs, symptoms, and appropriate clinical actions."
630,Very early onset of extrapulmonary tuberculosis in an individual with no immune deficit and a rare congenital neurological syndrome suggests a potential link to tuberculosis.
631,Virtual planning and guided surgery with prebent or milled plates are financially viable in capped healthcare systems.
632,"An overweight status in childhood does not guarantee continued overweight in young adulthood; thus, considering both secular trends and growth curves across various age ranges by birth cohort is essential for obesity research."
633,Patients with no benefit from a Kasai procedure can be identified preoperatively through liver biopsy and directed to transplantation.
634,Women with a history of unintended pregnancy after tubal sterilization do not have a reduced desire for reversal surgery.
635,Newborn metabolic screening is not impaired in an early discharge program with nurse home visits.
636,"Elderly stroke patients can reliably monitor their blood pressure at home with minimal bias, suggesting GPs should consider home BP records for treatment decisions."
637,Raising blood pH in dialysis patients did not improve albumin or muscle protein synthesis or related nutritional and endocrine parameters.
638,T-cell deficiency impacts spatial learning after toluene exposure.
639,"Elevated homocysteine levels may precipitate vitiligo in predisposed individuals, suggesting the importance of vitamin B12 and folic acid in management."
640,"DM impacts a broader range of thigh muscles than PM, with posterior compartments being equally affected in both conditions; this guides targeted physiotherapy."
641,"Juvenile ankylosing spondylitis more frequently presents with oligoarthritis, enthesitis, hip, and knee involvement compared to axial spondyloarthritis."
642,Aspiration thrombectomy before primary PCI does not benefit clinical outcomes and may increase stroke risk; concomitant glycoprotein IIb/IIIa inhibitor use and ischemic time do not alter potential benefits.
643,"Clinicians can use simple, reliable, and time-efficient foot measures to explain 79% and 85% of the plantar surface area in the forefoot and midfoot, respectively."
644,Dentists are unlikely to detect image manipulations altering diagnostic content; digital radiography necessitates enhanced data protection measures.
645,"Antecolic duodenojejunostomy is associated with a low incidence of DGE after PPPD, linked instead to other postoperative complications."
646,"High Ki-67 expression correlates with poor survival and increased disease progression in UTUC patients, requiring confirmation through large-scale, well-designed prospective trials."
647,Delayed transfer to a rehabilitation ward increases total hospital length of stay disproportionately for patients over 75 with proximal femur fractures.
648,"Six-month amblyopia treatment improved visual acuity but failed to significantly alter choroidal thickness, aligning with the view that visual cortex and lateral geniculate nucleus abnormalities underpin amblyopia."
649,"Poly Implant Prosthesis breast implants had a 15.56% cumulative deflation rate after 4 years, compared to 4.31% for Mentor Siltex implants, a difference of over 3.5 times."
650,FB can circulate in the body but not reach the heart; imaging is essential before endoscopy in those with long-term FB ingestion.
651,"Serum PON 1 levels are lower in patients with epicardial fat tissue thickness of 7 mm or more, indicating increased atherosclerosis progression."
652,Exclusive CRT is unsafe for treating patients with low infiltrative rectal carcinoma.
653,Variation in results is due to differences in laboratory methodologies.
654,"Diabetic patients are more likely to have complex coronary lesions, with greater age also increasing this risk, explaining poorer coronary artery disease prognosis."
655,"CEA use varies by residence area due to clinical practice and service supply, indicating unmet need."
656,Prenatal cigarette exposure and childhood violence predict early adolescent delinquency; intrauterine cocaine does not.
657,Expert breast pathology assessments remain essential for managing DCIS.
658,"Monitoring MEP and SSEP shows sacrificing up to 15 intercostal and lumbar arteries during TAA/A repair is safe, indicating no routine vessel implantation is necessary and full thoracic aorta repair can avoid spinal cord injury."
659,"Year of radical prostatectomy is a predictor of outcome independent of preoperative features, and this cannot be attributed to stage migration."
660,"HIE was linked to decreased repeat imaging in EDs, as supported by this pioneering study."
661,Decompression for spinal cord sarcoidosis with compressive myelopathy shows no benefit; early diagnosis and steroid therapy are essential.
662,The site of access does not affect neural injury or recurrence rates.
663,Epinephrine addition to ACLS-SAPO increases vital organ perfusion pressures and improves outcomes after cardiac arrest due to prolonged vasomotor tone loss.
664,Nurses' aides exposed to ETS at home during childhood have an increased risk of long-term sickness absence.
665,No significant difference in fistula rate after resection margin coverage during distal pancreatectomy remains an unsolved issue.
666,A longer treatment duration is associated with increased adverse outcomes in low-risk patients; avoid treatment breaks leading to a NTDR of ≥33%.
667,"Urinary biomarkers enable non-invasive, sensitive early assessment of tubular lesions in the SK, paralleling renal function decline and complementing GFR estimation; monitoring PT dysfunction is essential in SK patients."
668,Fondaparinux's role in perioperative bridge therapy remains unestablished due to significant limitations in its use as a routine bridging agent.
669,"CLBP patients exhibit poorer motor task performance than healthy subjects, which is exacerbated by pain-related cognitions."
670,"Many patients lack understanding of their ED care and discharge instructions, and most exhibit inappropriate confidence in their comprehension and recall."
671,Depiction of the superior wall of the mandibular canal cannot be enhanced by altering image thickness.
672,"Most stage III thymoma patients achieve complete resection; some survive recurrence-free without postoperative radiation, which does not prevent pleural recurrences. Chemotherapy may reduce pleural recurrences but routine postoperative radiation is unnecessary."
673,"Serum inhibin concentrations above early follicular phase levels one to two weeks post-hydatidiform mole evacuation appear specific for persistent trophoblastic disease, but further data are required to confirm."
674,"Biochemical analysis shows injured cervical disks contain inflammatory markers, matrix protein fragments, and lower pH; further study of matrix protein fragments as biomarkers or therapies is needed."
675,High BUN levels and low salivary flow rates correlate with halitosis; PD reduces halitosis in ESRD patients.
676,Elevated cTnI levels are linked to increased inhospital mortality and a more complicated clinical course in patients with PE; further prospective studies are needed to confirm its value for risk stratification.
677,"Transurethral urinary catheters cause discomfort, particularly in males, and increase the risk of urinary tract infections; suprapubic catheterisation is an effective alternative."
678,Using color to describe pain may enhance communication between patients and doctors for certain individuals.
679,"Significant variations in costs, outcomes, and patient factors are observed between different hospital types for inpatient tonsillectomies; further evaluation of patient, institutional, and system-level factors is needed to reduce care costs and improve value."
680,"Greater anterior laxity in the uninjured knee is linked to worse stability and functional outcomes following ACL reconstruction, indicating it as a risk factor."
681,"Relapse rates for major depressive episodes remain high in the medium term, with partial remission being a significant predictor of relapses over a 4-year period."
682,"Combining total and percent free PSA tests offers modest improvements over total PSA, with using percent free PSA below 4 ng/mL potentially reducing unnecessary biopsies while still detecting most cancers."
683,"Applying this knowledge to dead human subjects can temporarily preserve bodies, enabling delayed funerals."
684,"Elderly patients require improved communication with healthcare staff and share the need to speak with peers facing similar illnesses, akin to younger patients' desires for higher satisfaction."
685,"Between 1974 and 2000, the prognosis for patients with recurrent breast cancer improved in these patient cohorts."
686,"CIMT is a significant indicator of cardiovascular risk and phenotype in adult black Africans, requiring specific threshold definitions from prospective studies."
687,"Approximately 32% of ARM cases are diagnosed late among patients referred to the institution over the past 2.5 years, indicating current guidelines are inadequate for timely ARM diagnosis."
688,"Being SGA is not a significant risk factor for ROP or severe ROP, and risk factors for ROP are similar between SGA and AGA very-low-birth-weight preterm babies."
689,Serious infection risk linked to infliximab versus etanercept was consistent across patient demographics but may be higher in those under 65; further studies are needed to confirm.
690,"Frequent hamburger consumption is associated with dose-dependent asthma symptoms, and frequent takeaway consumption links similarly to bronchial hyperresponsiveness."
691,"Magnetic resonance-ultrasound fusion biopsy achieves a higher prostate cancer detection rate than transrectal ultrasound guided biopsy, especially in patients with large prostate volumes."
692,"Normothermic normokalemic simultaneous antegrade/retrograde perfusion slightly impaired myocardial oxygenation and energy metabolism in beating hypertrophied hearts compared to NNAP; thus, NNSP should be used cautiously for heart protection during valve surgery."
693,"Schizophrenia is associated with progressive structural brain abnormalities in gray and white matter but not in the medial temporal lobe, likely due to variations in patient age and illness duration. Future research should investigate the causes and clinical correlates of these brain changes."
694,"Concept mapping positively impacts nursing students' academic achievement, supporting its use as a continuous teaching strategy."
695,PADAM prevalence is high with ADAM questionnaire showing low diagnostic efficiency; clinical suspicion of PADAM is warranted with sexual dysfunction symptoms.
696,TLI measured in late childhood predicts the frequency and severity of suicidal behavior from preadolescence to young adulthood.
697,"Women are more likely than men to delay AMI treatment, increasing their risks, and specific characteristics identify African Americans most prone to such delays."
698,"Histologic chorioamnionitis reliably indicates infection, regardless of clinical apparentness."
699,Young children with a history of AD have a higher lifetime prevalence of IC.
700,Sonographic needle guidance markedly enhances outpatient IA injection performance and outcomes.
701,Pancreas retransplantation offers safe outcomes with acceptable graft survival suitable for diabetic patients with failed primary grafts.
702,Age ≤ 45 years and disease-free interval >1 year are good prognostic factors for NPC patients with lung metastasis. Local therapy combined with basic chemotherapy is recommended for patients with a disease-free interval >1 year.
703,"BPPV is linked to positive viral serology, especially in spring and autumn, likely due to viral-induced vestibulopathy or neurolabyrinthitis."
704,Center variations in enteral feeding advancement affect short-term outcomes like nosocomial sepsis in VLBW infants; large multicenter trials are needed to determine optimal feeding strategies.
705,"Late-night salivary cortisol lacks specificity for cortisol excess in obese T2DM patients, whereas 24-hour UFC shows significantly better specificity."
706,"Psychological distress is an independent risk factor for disability with varying predictive significance across different disorders, and the association mechanisms differ among them."
707,Preloading colloid fluid before repositioning prevents decreases in systolic blood pressure and central venous pressure during sitting positioning without additional complications.
708,"Continuous intravenous epinephrine infusion up to 1.67 μg/min does not affect maternal hemodynamics or uterine blood flow in ewes, suggesting safety in human epidurals."
709,"No first night effect was found on RMMA frequency in young healthy SB patients; thus, one-night sleep recording is adequate for moderate-high frequency SB cases, but a second night recording is recommended for those with low initial readings."
710,No significant effect of menopausal transition on quality of life was found among Taiwanese women; decline in role limitations due to emotional problems correlated with vasomotor symptoms.
711,"The PHQ-9, after Rasch analysis, measures depressive symptoms on a linear scale appropriate for vision-impaired individuals."
712,"Most U.S. renal transplant centers avoid transplanting kidneys to asymptomatic HIV-infected patients with end-stage renal disease; however, advances in HIV management and ethical considerations warrant reevaluation."
713,"Upstaging in EGC according to the revised TNM staging indicates more aggressive cancer behavior, aiding in predicting biological behavior, prognosis, and survival."
714,Men with GHD on GH treatment have a mortality rate similar to the general population. Women on GH treatment have mortality rates similar to the general population except for an increased risk of cardiovascular disease; no elevation in cancer-related mortality was observed. Mortality in GHD adults treated with GH varies based on underlying causes.
715,"The survey reveals diverse practices in managing surgical margins during breast-conservation treatment in the US, highlighting the need for further investigation into the optimal surgical extent alongside chemotherapy and radiation to achieve adequate local control."
716,Serum samples can be used to analyze EGFR mutation status in patients with advanced NSCLC when tumor tissue is unavailable.
717,"Web-based samples exhibit worse psychological symptoms, younger age, higher employment rates, and lower ART usage compared to clinic samples. Sampling methods introduce biases, with clinic samples representing those accessing regular medical care and Web-based samples reflecting individuals with greater Internet access."
718,RD and RN CDEs provide similar overall recommendations for treating individuals with diabetes.
719,"People at high risk of falls often did not receive systematic assessments during rehabilitation, potentially limiting effective fall prevention strategies and increasing the risk of falls post-discharge."
720,"C-kit positivity is found in mitotic, proliferating, and dysplastic hepatic cells, suggesting c-kit expression can serve as an early diagnostic marker for HBV-induced HCC."
721,The Barthel index remains the standard outcome measure for stroke patient populations in long-term follow-up and can serve as a proxy for other intended outcome measures.
722,Women delay pregnancy due to career concerns; medical educators should consider this when advising female trainees.
723,General practitioner hospitals decrease general hospital admissions and occupied bed days.
724,Both economic/employment and social/welfare dimensions of social exclusion significantly impact male suicide mortality; social exclusion may be a risk factor for female suicide mortality in Europe.
725,"Parity is associated with progressive ageing and weight gain, which mediate insulin sensitivity deterioration, CP/FPG increase, and GDM appearance during pregnancy."
726,"Written information sheets enhance informed consent by providing a medicolegal record of discussed information, given patients' poor recall."
727,"Significant differences in tumor characteristics exist based on tumor location within and between two national cohorts, necessitating further investigation into biological differences between the countries."
728,"Clinical assessment is key for diagnosing appendicitis, but ultrasonography should be used in equivocal cases for girls older than 10 to avoid unnecessary appendectomies."
729,Shortening hospital length of stay does not increase 30-day readmissions or physician visits; further research is needed to determine optimal lengths of stay and expected readmission rates.
730,"All Kenyans should benefit from healthcare according to need, but the current health system is inequitable and requires restructuring to address access barriers."
731,"All children over 5 years should be screened for hyperlipidemia at schools, and educational programs about hyperlipidemia should be implemented there as well."
732,Humeral and glenoid bone defects lack correlation; inter-observer reliability is excellent for the D/R ratio and good for the D1/D2 ratio.
733,Parents recall their child's high BMI but forget most of the related advice given.
734,"Instrumental variables analysis revealed a significant association between improved ambulatory care processes and enhanced health-related quality of life, highlighting the significance of care process improvements."
735,Perspective-taking enhances patient satisfaction in medical students and standardized patients across various clinical settings.
736,"No significant difference was found between mitoxantrone alone and low-dose FEC in terms of response or survival for high-risk metastatic breast cancer; thus, the need for initial combination chemotherapy is questionable due to superior toxicity profile and quality of life with mitoxantrone."
737,Patients with Wilson disease can undergo cardiac surgery with no increased risk of bleeding despite higher transfusion needs and lower platelet counts.
738,Neck pain is linked to poorer physical health-related quality of life but not mental health-related quality of life; it may contribute to future physical health-related quality of life decline.
739,No evidence supports routine use of AG in IBS patients; gastrointestinal side effects are inconclusive.
740,Sublingual varices correlate with hypertension; examining tongue borders may help dentists contribute to preventive healthcare.
741,CT is not useful for determining the level of CSF block in TBM; air-encephalography remains the most reliable method.
742,"Local anesthesia is unnecessary for reducing patient pain during shoulder MR arthrography with intra-articular contrast media, potentially lowering costs and adverse reactions while maintaining patient comfort."
743,Cognitive functioning showed no correlation with recognition of frequency compressed speech-in-noise; training and acclimatization could yield different results.
744,"CBCT is more accurate than bitewing radiographs for detecting cavitation on proximal tooth surfaces; thus, CBCT should be used to assess proximal cavities in teeth without restorations, and any detected cavities must be reported by dentists."
745,"Supervised colorectal trainees achieve rectal cancer excision quality, measured by mesorectal grades, equivalent to that achieved by consultants."
746,"Exercise training based on feeling 'good' increased time to ventilatory threshold by 19%, indicating improved fitness."
747,"Socioeconomic disparities in mortality expand with age and post-retirement, with work status showing a stronger reduction in mortality differentials compared to non-work measures. Work itself likely contributes significantly to health inequalities in middle-aged men."
748,"7% of women in the cohort met Lynch syndrome criteria, all with a history of HNPCC-associated cancer or a family history; genetic evaluation can be limited to those with synchronous endometrial and ovarian cancer and suggestive family history."
749,EPs achieved good inter-observer agreement and accuracy with STANDING compared to the local standard of care.
750,"Orthostatic myoclonus may cause unsteadiness in individuals with neurodegenerative diseases, and electromyography surface recording helps investigate unsteadiness of unknown origin."
751,"Either apoptosis is not involved in cell loss in MTS, or increased Bax expression and caspase activation indicate a very slow rate of cell death."
752,Half-dose gadobenate dimeglumine at 3-T MR imaging correlates well with full dose and provides identical image quality for assessing synovitis or tenosynovitis in early RA.
753,"Laparoscopic procedures induce damage to Kupffer and endothelial cells, evidenced by elevated post-operative HA levels, but have no clinical impact on hepatocytes, with the procedure itself likely responsible for the observed cellular damage."
754,Hospital management stimulating care programme development through case-mix reimbursement in budgeting processes is shown; future research should verify this and assess long-term professional focus shifts.
755,"Female college students with ADHD have an increased risk of unprotected sex, but a positive mother-child relationship can reduce this risk."
756,Working exposure statistically increases the risk of rotator cuff tears.
757,"Pelvic CT is not recommended in most RCC cases and should be used selectively, reducing diagnostic imaging costs."
758,High signal intensity on T2-weighted MRI and the pyramidal tract sign predict poor prognosis in CSA patients.
759,Eliciting a tibial motor response indicates a higher success rate compared to a peroneal motor response with parasacral sciatic nerve block.
760,E-ZES implantation offers better efficacy and safety than conventional BMS in HBR patients with stable or unstable coronary artery disease.
761,"Detorsion did not increase morbidity, and all patients retained ovarian function post-procedure, regardless of initial ischemia assessment; detorsion remains the preferred treatment for pediatric ovarian torsion."
762,Minimal access surgery for esophageal atresia or congenital diaphragmatic hernia does not reduce cumulative opioid requirements.
763,"In the 'at-risk' group, maximal oxygen uptake was unchanged compared to healthy controls, but higher aerobic fitness correlated with better microvascular and endothelial responsiveness."
764,HFNC are not noisier than BCPAP for preterm infants at the studied gas flows.
765,A gluten-free diet leads to minor nutritional deficiencies comparable to a gluten-containing diet but improves the lipid profile by raising monounsaturated fatty acids while lowering saturated fatty acids.
766,"Providing high-quality resources does not guarantee their use; implementation requires understanding end-users, their environment, basic infrastructure, continuing education, and endorsement for sustainability."
767,"Implementing the WHO's ""test and treat"" policy in Sub-Saharan Africa will lead to significant benefits but also an increased burden of ART-related toxic and metabolic complications, necessitating urgent measures to address current preparedness gaps."
768,"Elderly patients with OPSCC receive less aggressive treatment, but survival analysis shows they benefit significantly from it; thus, objective measures to assess fitness should be used to avoid undertreatment."
769,"PET/CT plays a limited role in hepatic staging of liver metastases from colorectal cancer, providing additional useful information in 8% of cases but incorrect and potentially harmful data in 9%. Its use should be selective, primarily for patients at high risk of local recurrence."
770,Measuring myometrial electrical activity improves identification of true premature labor.
771,"Schizophrenia variants with higher IQ exhibit fewer negative symptoms, supporting a psychosis spectrum."
772,"PAD is common among nursing home residents, but AAI does not predict IHD mortality. In very frail elderly, poor functional status, nutritional factors, and prior cardiovascular disease better predict mortality than traditional risk factors and PAD."
773,Routine nasogastric tube placement in LSG patients does not reduce leak incidence.
774,"OSCE ratings by LEs and REs using checklists showed reasonable comparability, indicating remote examination as a feasible and acceptable method for assessing clinical skills; however, further validity evidence is needed for high-stakes exams."
775,"CPAP treatment improves daily living activities in IPF patients with OSA based on FOSQ scores, but only minor improvements are seen in other quality-of-life questionnaires likely due to IPF's multifactorial impacts. High CPAP non-compliance is common and can be managed with intensive follow-up from CPAP clinic staff."
776,"Patients undergoing open access procedures receive inadequate information about their endoscopic procedures, necessitating a defined communication mechanism for endoscopic results."
777,"Low albumin levels correlate with worse survival in gastric cancer patients, but this association is mediated by systemic inflammation indicated by high CRP levels."
778,"Significant postoperative pain is expected after prior surgery, chronic pain lasting over six months, intense preoperative pain, and depression."
779,ICM-DNA values from the S + G2/M region allow differentiation of Auer IV breast cancer patients into subgroups with distinct tumor characteristics and prognoses.
780,The incidence of moderate intertriginous dermatitis was lower in the group receiving the skin care protocol every 6 hours and as needed compared to other groups.
781,"Patients and their carers showed high satisfaction with primary angioplasty services, except for discharge and aftercare."
782,"In male HIV-infected patients over 52 years with at least two comorbidities, myocardial SPECT screening for SMI is four times more likely to be positive compared to the general population, warranting more frequent screening."
783,"Polyvalent Crotalidae antivenin administration is safe; acute hypersensitivity primarily manifests as urticaria, and serious side effects are rare."
784,"General surgery residents' leadership skills during bowel repair correlate with their perception of skill decay and task difficulty; evaluating directional instructions may offer an additional assessment metric, warranting further study on its impact on operative performance."
785,"Approximately 52% of patients in this cohort are capable of performing basic self-managed foot care tasks such as nail clipping, callus filing, and daily hygiene and inspection."
786,"Procarcinogen transformation by CYP2D6*4 poor metabolizers may be decreased, potentially offering protection against carcinogens."
787,BD is not a reliable prognostic marker for outcome and mortality in patients with isolated TBI.
788,"Increased private health care activity is associated with higher NHS referral rates after adjusting for age, deprivation, and practice."
789,CPM incidence is similar in IVF/ICSI and spontaneous conceptions; CPM likely does not cause adverse perinatal outcomes in IVF/ICSI.
790,Bone marrow signal intensity on unenhanced T1-weighted fat-saturated MR images is an unreliable criterion for distinguishing bone infarcts from osteomyelitis in children.
791,"Local excision of T1 and T2 buccal mucosa cancers with negative margins frequently resulted in local recurrence, indicating that low T-stage and clear margins are insufficient for ensuring local control; adjuvant therapy is necessary to improve local control in early buccal tumors."
792,"MDA alone is inadequate for controlling schistosomiasis prevalence, infection intensity, or morbidity; additional control measures are necessary."
793,Increased D-dimer levels are not a reliable diagnostic parameter for acute appendicitis.
794,"Individuals with moderate to severe periodontal disease have a higher risk of developing rheumatoid arthritis, and vice versa."
795,Clinical variables fail to identify all children with pathologic radiographs.
796,Globulomaxillary cyst is no longer supported by current research.
797,"Golytely is more effective than MiraLAX for bowel cleansing, associated with better prep quality and higher adenoma detection; Golytely should be首选药物，更大规模研究需确认。"
798,Low-income individuals utilize vision care services less frequently than wealthier individuals.
799,Telmisartan reduces type-I diabetes mellitus-induced hepatic injury by suppressing activated hepatic stellate cells via TGF-beta1 down-regulation.
800,"Patients with contact urticaria have a significantly worse prognosis compared to those with contact allergy, and there is a trend suggesting those with rubber chemical allergy fare slightly worse than those with epoxy allergy; job change correlates positively with improvement."
801,Measuring calprotectin can identify UC and colonic CD patients at higher risk of clinical relapse.
802,Preoperative education by nurses decreased patient anxiety and postoperative complications after cardiac surgery but failed to reduce readmissions or hospital stay duration.
803,"Physicians and patients often differ in assessing QoL, likely because of varying perceptions of significant LUTS, highlighting the importance of patient-evaluated QoL in clinical assessments."
804,"Graduates were perceived to significantly impact workplaces and national levels, aligning with public health educational goals, as revealed by the qualitative study."
805,No significant difference in signal intensity on DWI was observed regarding vascularization development.
806,Medial and lateral PTS steeper than 5° are new risk factors for ACLR failure.
807,The EBP unit resulted in better patient outcomes and more efficient performance compared to previous physician practices or concurrent SP practices.
808,"MDT decisions are widely implemented, with management alterations primarily resulting from patient choice or new information post-MDT. Unjustifiable changes affect a small minority, prompting recommendations for rediscussion with an MDT before treatment for affected patients."
809,Quilting suture effectively prevents seroma formation.
810,Insertion of PEG tubes and timing of insertion do not impact survival.
811,"Patients with trilobar prostate morphology exhibit a greater reduction in PVR urine volume following holmium laser enucleation compared to other morphologies, while other outcomes remain unchanged; surgeons can safely employ a 2-lobe technique for trilobar prostates when feasible."
812,"Aortic stiffness remains unchanged with isoproterenol-induced HR changes, indicating HR fluctuations do not need to be controlled during aortic PWV measurement."
813,"MRI is more effective than arthroscopy in detecting subchondral bone and cartilage injuries, showing a significant correlation with trauma mechanisms, and can help avoid diagnostic arthroscopy in patients with post-traumatic pain, acute articular blocks, and negative radiographic findings."
814,"Behavioral adaptation to electronic stability control likely occurs in some drivers but does not negate its effectiveness in reducing serious crashes; thus, realistic, safe marketing and balanced education about ESC are recommended."
815,"Increased cardiovascular risk in DD genotype individuals is not linked to insulin resistance or fibrinolysis abnormalities; instead, NIDDM patients with the ACE DD genotype show heightened sensitivity."
816,Athletes in competitive sports are prone to exercise-induced ventricular arrhythmias that resolve with non-competitive sports participation.
817,BAME groups tend to die in hospitals while dying at home or in hospices is less common; further research is required to identify influencing factors for developing targeted palliative care strategies.
818,Patients with schizophrenia or bipolar disorder are more likely to be admitted to nursing homes with lower quality ratings compared to other patients. Further research is needed to determine the underlying reasons for this disparity.
819,"The U-Blade (RC) lag screw failed to reduce cut-out in OTA/AO 31A1-3 fractures; given the longer surgery time and higher costs, its use is not justified, with further studies recommended."
820,"The Omega-3 Index is a novel, physiologically relevant, easily modifiable, independent, and graded risk factor for CHD-related mortality with potential clinical utility."
821,"MPV value significantly decreased in patients with PID, making it a more valuable diagnostic marker than leukocyte count."
822,"Cytokine levels, specifically interleukin-8 concentration in pancreatic juice from the duodenum, can distinguish normal pancreas from pancreatic disease, offering a simple, noninvasive diagnostic tool."
823,"Sex is not a significant predictor of recanalization rate, time to recanalization, or 3-month outcome in stroke patients receiving IV rt-PA."
824,"Head and neck-specific QOL measures must include domains for ES, SC, and AP."
825,"Occupational arsenic exposure may contribute to diabetes mellitus, but confounding factors from other metallic compounds used in art glass production are possible."
826,SxS predicts in-hospital outcomes for STEMI patients undergoing pPCI.
827,"Micro-CT assessment of BV/TV correlates with conventional stereologic-based histomorphometry of bone percentage, confirming that micro-CT reliably determines maxillary alveolar bone density and microstructure for dental implant sites."
828,"Overall improvement and high technical success rate were reported for peripheral PTA; hydrophilic guidewires significantly enhanced success, particularly in occlusions and complex lesions."
829,Routine fine-needle aspiration should not be performed in thyroidectomy patients due to its failure to alter intraoperative management and the associated time and cost.
830,"Sudden onset chest wall rigidity is a significant, previously unreported factor associated with increased mortality in illicit IV fentanyl use, likely due to a more rapid onset of death."
831,Patients with severe pain post-vertebroplasty exhibit equivalent long-term outcomes to those without severe pain.
832,"Routine blood sugar testing for patients with metastatic breast cancer is unnecessary if a thorax, abdomen, and pelvis CT scan is conducted."
833,"Obesity does not affect injury severity, mortality, or procedural outcomes in children but is associated with higher rates of rib and pelvic injuries."
834,SPI accurately predicts the presence or absence of esophageal varices in patients with compensated cirrhosis.
835,FDG is ineffective as a surrogate for tumor hypoxia; specific hypoxia tracers are required.
836,"Dogs can prime autistic children for therapy, supported by this and previous studies, potentially leading to broader acceptance of canine-assisted therapy; further research is needed to determine optimal individualized methods."
837,99mTc-WBC is more sensitive than UGI-SBFT for excluding IBD.
838,No association was found between aPL and AVN development in SLE patients after adjusting for corticosteroid use.
839,No significant motion difference exists between SUP-CTV and INF-CTV; current PTV margins adequately cover both.
840,"EDWS is a safe and effective treatment for esophageal varices due to portal hypertension, associated with a lower complication rate of portal venous thrombosis compared to conventional MED."
841,"Maternal BMI correlates with children's BMI-z-scores, but maternal obesity does not significantly affect feeding behaviors of obese children."
842,Clearing one's plate during meals is linked to higher body weight and serves as a risk factor for weight gain.
843,"Chronic spinal cord injury patients with lower limb fractures who undergo surgery achieve reliable bone healing, full mobility, low skin complication rates, and reduced fracture pain, enabling rapid recovery to pre-injury lifestyle."
844,"No institution-wide vancomycin MIC creep was observed; thus, each institution should systemically monitor MRSA vancomycin MIC over time."
845,No rebound symptom worsening occurs 12 to 14 days post 5-day lansoprazole 60 mg once-daily treatment in patients with reflux symptoms.
846,Family physicians' data on community influenza morbidity facilitate monitoring influenza activity and assist in implementing prevention or control measures.
847,"Loss of DKK3 protein expression is significantly associated with poor survival in gastric cancer patients and correlates with TNM stage; DKK3 may serve as a biomarker for lymph node involvement, enhancing CT predictive power."
848,"GP ablation is not beneficial for postoperative stable NSR; complete left atrial lesion sets and biatrial ablation are recommended, with randomized controlled trials needed to validate these findings."
849,Double reading of barium enemas is not effective in improving polyp detection sensitivity and increases false-positive rates.
850,Severe macrosomia is evident as early as 11-14 weeks of gestation.
851,Older adults with cancer have a higher fall rate compared to those without cancer.
852,"Single scrotal incision is effective for orchidopexy in difficult cases, including impalpable and abdominal testes, reducing laparoscopy needs and offering shorter surgery, better cosmesis, and potential less pain."
853,"Grandmultiparous women exhibit higher maternal and neonatal morbidity and mortality, necessitating more vigilant monitoring during labor and delivery."
854,"The study demonstrates the absence of investing cervical fascia in the anterior triangle of the neck, confirming through anatomy that deep neck spaces are directly connected to subcutaneous tissue."
855,OTC pharmacy syringe sales showed no link to increased local community crime in Los Angeles from 2006 to 2008.
856,Prophylactic fixation with a cephalomedullary nail is not cost-effective for average older women with hip fractures but may be suitable for high-risk groups. Further research is needed for patient populations at higher risk of contralateral hip fracture.
857,"DBE is a safe and accurate method for diagnosing small bowel disorders that also permits chromoscopic examination, biopsies, and lesion treatment."
858,Strategy training enhances working memory performance through strategy-specific effects rather than general cognitive improvements.
859,The SCL 90-R indicates unidimensional emotional and somatic distress from structural brain injury.
860,"Fetal anatomic surveys on follow-up sonograms can detect unexpected anomalies, particularly related to fetal growth."
861,"Leg muscle power and change-of-direction speed are inconsistently related; reactive strength, assessed via drop jump, is important for lateral change-of-direction speed, likely due to shared push-off actions, indicating reactive strength of leg extensor muscles contributes to change-of-direction performance but other factors also play a role."
862,Disc protrusion with high-intensity zone on MRI predicts positive discography in patients with discogenic low back pain.
863,Tuberculous enterocolitis is managed with 9-month chemotherapy with no recurrence; further studies are required in immunocompromised patients.
864,"Determining coronary anatomy does not affect survival in aortic surgery patients; thus, rapid surgery is recommended."
865,Bicompartmental knee arthroplasty did not exceed total knee arthroplasty in improving knee muscle strength and physical performance at 1 year post-surgery.
866,GCB collected during diagnostic periodontal examination is an excellent source of blood for glucometric analysis.
867,GAPS score outperforms triage nurses in predicting admission unless nurses are certain.
868,"Gout patients on ULT have limited understanding of SU treatment goals, despite good knowledge of other aspects of gout, and SU goals are often overlooked by providers."
869,US use aids in accurate diagnosis and patient/family adherence through objective follow-up criteria.
870,"Leisure time sports participation is linked to neighborhood socioeconomic conditions but not to park availability; however, park availability significantly enhances participation only in areas with high neighborhood socioeconomic conditions."
871,"Boycott calls do not significantly impact the campaign, but repeated safety concerns could negatively affect polio eradication efforts. Addressing vaccine safety issues is crucial."
872,Skewed X-inactivation is unrelated to recurrent spontaneous abortion yet linked to advancing maternal age.
873,Educational interventions for cancer patients enhanced information satisfaction but did not increase clinical trial enrollment within one year.
874,"Surgery can improve blood lipid levels in OSA patients with preoperative dyslipidemia, benefiting metabolism and cardiovascular health. Further prospective studies are needed to explore this effect."
875,Lowered beta E levels during alcohol withdrawal may contribute to anxiety.
876,Older patients receive fewer diagnostic investigations and lifestyle advice compared to younger patients; guidelines are needed for timely stroke care.
877,Transvaginal Doppler examination identifies hemodynamic changes in uteroplacental circulation linked to adverse pregnancy outcomes.
878,Vitamin C at 500 mg daily for 50 days reduces complex regional pain syndrome after wrist fractures.
879,"Digoxin use is associated with a reduced risk of prostate cancer, supported by potential anti-neoplastic mechanisms and other studies."
880,Individuals from all socio-economic backgrounds benefit equally from active travel regardless of physical environment; this practice reduces vehicle emissions and enhances community infrastructure.
881,"Roux-en-Y gastric bypass improves or cures type 1 diabetes when performed early, but further studies are required to confirm this in animal models or clinical trials."
882,"Severe OSA patients require higher CPAP levels, but the low positive predictive value (28.6%) limits clinical utility. ESS and MSLT do not enhance predictive value for high CPAP needs."
883,Serum TNFα and IL-6 levels reflect inflammatory activity in ERCP-induced pancreatitis and can be used for clinical laboratory monitoring along with IL-4.
884,"Routine intraoperative fluorescence spectroscopy fails to detect micrometastatic disease in SLN biopsy, especially in patients with small tumors, where its benefit diminishes."
885,"Preoperative platelet count is a predictive factor for long-term survival in esophageal squamous cell carcinoma, particularly in nodal-positive patients, with an optimum cutoff of 205 × 10(9)/L."
886,An algorithm to predict stone chemical composition from hair and urine analysis cannot be developed with the available data.
887,"Ex-ELBW subjects show reduced ADMA levels compared to controls, linking preterm birth and low birth weight to potential early circulatory dysfunction and increased cardiovascular risk."
888,"Laser pretreatment enhances topical lidocaine absorption into the bloodstream, and adjusting laser settings modifies this effect. Further research aims to clinically benefit from this discovery."
889,Desmoid tumor morbidity does not vary between those arising after restorative proctocolectomy and ileorectal anastomosis.
890,Continence function was unaffected by anastomotic leakage following rectal resection.
891,"Experts in Europe agree on the need for culturally sensitive healthcare for immigrants but disagree on specific implementation details, necessitating further research."
892,Clinical supervision based on best practice principles offers professional support to allied health workers during organizational changes.
893,ISAC 112 allergen microarray immunoassay is a reliable in vitro diagnostic tool for measuring sIgE.
894,ACR independently predicts maternal and neonatal adverse outcomes in suspected preeclampsia and can inform risk predictions within a prognostic model.
895,"Doctors in the reformed primary care system in the area lack awareness of pulmonary embolism, indicating the need for more frequent and detailed pharmacy feedback, supplemented by additional strategies."
896,Metformin co-treatment before and during IVF shows no benefit for women with polycystic ovary syndrome without additional PCOS features.
897,Knowledge of US-EFW beyond fetal size itself increases CD risk; acquiring US-EFW near term is an independent and modifiable risk factor for CD.
898,Mammographic density does not correlate with the necessity for re-excision or removal of unnecessary margins during initial breast-conserving surgery.
899,Patients with treated hypothyroidism do not have an increased risk of perinatal morbidity compared to those without hypothyroidism.
900,Ultrasound is not a reliable diagnostic tool for internal derangements of the temporomandibular joint.
901,"Laparoscopic myomectomy is feasible for experienced surgeons irrespective of myoma size, number, or location."
902,Intensive chemotherapy at standard doses is safe for rural patients; phone or videoconferencing support for general practitioners reduces safety concerns.
903,"Laparoscopic cholecystectomy in men is complicated by more adhesions and inflammation, resulting in increased conversion rates and postoperative complications; optimized planning and an experienced surgeon can help."
904,Ketamine sedation with atropine reduces hypersalivation and post-procedural vomiting but increases transient rashes; no serious adverse events were reported.
905,Implant coating with antibacterial-loaded hydrogel decreases bacterial colonization and biofilm formation in vitro.
906,Family doctors in British Columbia lack knowledge of medical care costs.
907,"Individual patients with higher composite measure scores based on process indicators do not have better short-term outcomes. Yet, hospitals with higher composite measure scores exhibit better risk-adjusted short-term outcomes."
908,"Therapeutic decisions should be guided by colonoscopic findings in individual patients rather than the mutation site, but elective colectomy may need postponement in patients with mutations within codons 1445-1580 to avoid desmoids."
909,"Most EMS professionals believe they should participate in prevention programs, with experienced providers more likely to support offering these services during emergency calls."
910,"Experienced surgeons resect four times more tissue per time unit compared to less experienced ones, but complication rates remain similar across all groups."
911,"A significant difference in dental health exists among recruits from different Services, reflecting their sociodemographic backgrounds."
912,"Antireflux surgery failures predominantly result from hiatal herniation and fundoplication breakdown; however, successful outcomes were attained using the laparoscopic approach despite its technical challenges."
913,"Women randomized to regular exercise during pregnancy did not show a lower prevalence of high EPDS scores compared to the control group; however, non-exercising pregnant women in the intervention group had a reduced risk of postnatal depression."
914,"Increased expression of TGF-β1 and VEGF in polyps correlates with steroid receptor expression, suggesting roles in endometrial polyp formation."
915,"HCMV seropositivity is linked to hypertension in women, primarily due to age-related increases in both conditions."
916,"NA treatment can be discontinued in non-cirrhotic CHB patients who have completed minimum treatment, normal ALT, and sustained undetectable DNA, requiring close monitoring for the first year and beyond."
917,"Radiation therapy administered during pregnancy increases the risk of breast cancer, indicating heightened breast tissue sensitivity to radiation at this time; further studies are needed to validate these findings."
918,"Operative treatment for DMCF reduces nonunion, malunion, and complications compared to nonoperative treatment in active adults."
919,"Day case laparoscopic cholecystectomy is safe, feasible, and cost-effective for carefully selected patients, offering good satisfaction."
920,"Etoricoxib is effective in preventing heterotopic ossification after total hip arthroplasty, supporting COX-2 inhibitor use."
921,Serum pancreatic lipase is found to be a more accurate biomarker for acute pancreatitis than serum amylase.
922,"Preoperative chemoradiation is required for male patients with a threatened or affected anterior circumferential margin on preoperative MRI, and prostatic resection, including partial prostatectomy, is necessary for those with prostatic infiltration, which appears to be oncologically safe."
923,"Percutaneous needle suspension has a poor long-term success rate compared to other techniques, casting doubt on its status as a first-line treatment for female stress urinary incontinence."
924,Cardiac surgery patients experiencing intraoperative precursor events have a higher likelihood of postoperative MACE; quality improvement techniques to address these events may enhance surgical outcomes.
925,Family meetings do not prevent mental health issues in caregivers. Future research should explore more intensive application or subgroup targeting.
926,"No associations were found between HIF1A SNPs and AMD, while polymorphism rs1061170 of the CFH gene is linked to AMD in this population."
927,Combined treatment with recombinant human growth hormone and hyperbaric oxygen improves ischemic colonic anastomosis healing.
928,Children on these drugs should be vigilantly watched for cardiac arrhythmia.
929,"Elderly patients with acute myocardial infarction admitted to top-ranked hospitals had lower 30-day mortality, partly due to higher aspirin and beta-blocker usage."
930,"Severe, moderate, and mild preoperative anemia are independent risk factors for complications and prolonged hospital stays following colon surgery."
931,Combined approach tympanoplasty with early second-look procedures achieves similar disease recurrence rates to open mastoid surgery while reducing conversion to mastoidectomy.
932,Serum TB levels independently correlate with cardioembolic stroke; combining clinical data with serum TB improves acute diagnosis.
933,"Routine abdominal and pelvic contrast-enhanced CT examinations do not benefit from an additional delayed phase, especially when reliable follow-up imaging is available."
934,"Septal suturing after septoplasty reduces patient discomfort, minimizes complications, yields similar outcomes to nasal packing, and decreases hospital stay, making it a preferred alternative to nasal packing."
935,The FDA AED-related suicidality warning did not significantly impact AED medication prescriptions for the study population during the observed period.
936,"No evidence exists linking OPLL to an impact on initial neurologic status or motor function recovery following traumatic cervical cord injury, indicating neurologic outcome is not significantly influenced by canal space."
937,UDR objectively measures VUR and predicts success after endoscopic injection.
938,Phagocytic NADPH oxidase activity is elevated in obesity and linked to preclinical atherosclerosis; hyperleptinemia contributes to its overactivity.
939,"Family caregivers report that calcium channel blockers are falling short in supporting them, necessitating efforts to enhance their effectiveness in alleviating caregiver burden as part of public health strategies."
940,Fatigue in patients with pSS and sSS is not primarily due to FM; a lower FM incidence was observed in the UK compared to previous reports.
941,"LUS is an accurate and highly sensitive procedure for staging colorectal cancer, offering a useful and reliable diagnostic tool comparable to laparoscopy."
942,"Medically unexplained physical symptoms are not significantly associated with alexithymia, and patients exhibit heterogeneity in psychiatric and personality pathology."
943,"Alcohol consumption during meals is associated with reduced risk of acute MI, but alcohol consumed between meals is not linked to MI risk."
944,"Compelling evidence shows a mossy fiber GABAergic signal exists, transiently upregulated post-seizures with uncertain physiologic role."
945,"Clinical significance of symptomatic bile duct sludge is equivalent to that of CBD stones, and bile duct sludge appears to represent an early stage of choledocholithiasis."
946,"The Ambu SIB delivered targeted pressures accurately across all models, while the Neopuff infant resuscitator failed to do so in the infant model, inducing clinically significant levels of inadvertent PEEP."
947,IgM-eIVIG is an effective adjuvant therapy for VLBW infants with sepsis; randomized controlled trials are needed.
948,"Mean excess body weight loss after laparoscopic sleeve gastrectomy did not differ among groups based on resected stomach volume, but resected stomach volume was larger in patients with higher preoperative BMI."
949,CLM resection after second-line PCT offers similar OS as first-line PCT. Initially unresectable patients have comparable OS or DFS with first- or second-line PCT.
950,Patients after ART treatment experience increased C-section rates at delivery.
951,MSWM does not provide additional benefits over standard preoperative bariatric surgery for weight loss and most behavioral outcomes following LAGB in patients.
952,"Solitary kidneys in canines exhibit greater resistance to ischemia compared to paired kidneys supported by radiological, pathological, and genetic data."
953,The number of needles used (5 or 11) does not significantly affect the therapeutic effect when the stimulation duration is identical in both groups.
954,Fluoridation reduces oral disease but varies in its impact on restorative service usage among adults aged 20 to 34 with private dental insurance.
955,"Intramedullary nails offer no benefit over sliding compression hip screws for low-energy pertrochanteric fractures, given higher costs without reduced complications or better patient outcomes."
956,"Essential tremor patients show minor striatal dopaminergic degeneration, but the cause is unclear; further studies are needed."
957,"The GFRUPs procedure was applicable in most cases but required medical criteria for deciding when to question further, especially regarding clinical improvement and poor survival outcomes."
958,Nebulized heparin is ineffective for preventing VAP or accelerating pneumonia recovery in MV patients.
959,"Obtaining at least one NIH grant correlates with a higher h-index, but multiple or large grants do not enhance this metric."
960,"Minimally invasive mitral valve repair with neochords achieves high repair rates, reproducible results, and stable outcomes in routine cardiac surgery, making it the preferred technique."
961,"A higher BMI over 14 years predicts knee pain at year 15 specifically in women with bilateral knee pain, indicating different pathologic mechanisms. This longitudinal association highlights the importance of managing BMI to reduce the population burden of knee pain."
962,"Liquid-based preparations outperform conventional methods in diagnosing malignant categories and HGUCA, with cytotechnologists achieving higher accuracy than pathologists for all slide types."
963,"Severely injured patients treated at level III centers have a higher mortality rate compared to those treated at level I centers due to delays primarily occurring in the emergency department. Efficient trauma systems, including prehospital, in-hospital, and regional components, along with performance monitoring and adherence to protocols, are crucial."
964,Well-developed collateral circulation does not predict increased restenosis risk following PCI.
965,"HSKs for STI diagnosis may improve public health by enhancing detection of asymptomatic infections and reducing transmission rates, while also optimizing genitourinary medicine services and facilitating patient choice."
966,Early cesarean delivery in eclampsia at ≥34 weeks is not linked to improved outcomes.
967,Endoaortic occlusion was frequently ineffective and linked to a significantly higher risk of in-hospital death and a higher risk of stroke.
968,E2 antagonists do not enhance IVF outcomes in ML protocol for poor responders compared to OCP; randomized trials are warranted.
969,"Documentation of opioid dependence and MMT is incomplete in a significant portion of patients receiving methadone maintenance therapy and medical care at various sites, and many of these patients are prescribed medications that interact with methadone, highlighting the need for better coordination."
970,"An active learning curriculum integrated into a clinical clerkship alters students' attitudes toward patient safety, making it relevant and desirable for continued use."
971,"From 2001 to 2009, health care services utilization increased among older Spaniards."
972,Palliative treatment of lung cancer with 25 Gy in 5 fractions is adequate as higher doses did not improve survival.
973,Endothelin-1 exacerbates acute hemorrhagic pancreatitis by affecting pancreatic microcirculation.
974,Malnutrition is associated with arterial calcification and altered expressions of BMP2 and MGP in hemodialysis patients.
975,Glomerular hyperfiltration during pregnancy does not adversely affect kidneys in multiparous women and may offer protective benefits.
976,Brachial systolic blood pressure difference correlates with SSS severity and is more effective for detecting severe steal than milder cases.
977,"Sexual health education for young people can be effectively delivered through the Internet, especially when integrated into activities and websites they find engaging."
978,"Being physically capable of undergoing chemotherapy is associated with better prognosis in invasive bladder cancer patients, highlighting the necessity for cautious interpretation of single-group studies and emphasizing the need for prospective, randomized trials."
979,"Geriatric oncology consultations result in modifying cancer treatment plans in over one-third of cases, with further studies required to assess outcomes."
980,"LAA occlusion device caused a slight QRS axis shift, decreased heart rate, increased mean-QT interval, enlarged LA diameter, and widened ARD."
981,"Ki-67 value predicts neoadjuvant chemotherapy response varying by molecular subtype, highlighting its utility and limitations."
982,Slowing metoclopramide infusion reduces headache incidence and akathisia in vascular headache patients.
983,"Breast-feeding provides protection against atopy in children with a family history, lasting up to three years post-breast-feeding, and should be encouraged."
984,"Brachytherapy using ruthenium applicators effectively treats small- and medium-size posterior uveal melanomas; increasing the apical dose does not improve outcomes, and an international dosing model is necessary."
985,Compensatory hypertrophy of the middle turbinate remains unchanged one year post-septoplasty.
986,Patient coaching shows potential for reducing racial/ethnic disparities in pain control; further large-scale studies are required to confirm and investigate mechanisms.
987,A prior benign prostate biopsy is associated with more favorable surgical and biochemical outcomes after prostatectomy. Further studies are required.
988,Changes in patient positioning during liver surgery do not alter the risk of venous air embolism based on venous pressures.
989,Indigenous people do not show premature aging according to this study; their excessive chronic disease and disability burden necessitates alternative aged care approaches.
990,"A large proportion of newly confirmed TB patients fail to adhere to standard TB treatment due to poor treatment supervision and heavy financial burden, necessitating enhanced treatment supervision policies and financial support."
991,"Ultrasound examination is effective for larger penile cancers but not accurate for staging small glans tumors; it reliably delineates tumor anatomy for larger tumors relative to the tunica albuginea, corpus cavernosum, and urethra."
992,"Four-view and two-view studies show no difference in sensitivity and specificity; oblique views, despite being standard, do not provide a diagnostic benefit that justifies extra costs and radiation exposure."
993,"A small number of clinically important adenomas are occasionally overlooked in routine practice, likely overstating the issue."
994,Desflurane effectively controls intraoperative hypertension in high-risk cardiac patients undergoing vascular surgery without significant cardiac depression.
995,Gestational age misclassification does not explain the divergence in average birth-weights between Aborigines and whites; this may aid in interpreting other population comparisons.
996,Sonography is not useful for diagnosing undescended testis.
997,Peak concentration in vancomycin TDM is unnecessary; Cmin/MIC and Cmin suffice for predicting efficacy and safety.
998,"Topical application of PRP gel reduces pain, swelling, trismus, and enhances faster bone healing in socket healing after third molar surgery."
999,Paediatric SF and SC medicines show similar erosive potential; dose form is a more significant predictor.
