i,text
0,"Our results suggest that mitochondria may regulate the formation of perforations in lace plant leaves through the modulation of calcium channels and by activating specific proteases that degrade cellular structures, indicating a potential role in programmed cell death (PCD) processes; however, further studies are needed to confirm these findings."
1,Our results suggest that patients with strabismus and amblyopia may exhibit a significant underestimation of visual acuity when assessed using the Landolt C chart compared to the Snellen E chart; further studies are needed to confirm these findings.
2,"Our results suggest that syncope during bathing in infants may be a manifestation of water-induced vasodilation and hypovolemia, which may lead to transient circulatory collapse."
3,"Our results suggest that both transanal and transabdominal pull-through procedures may yield comparable long-term outcomes regarding continence and stool pattern; however, transabdominal procedures may show a slightly higher risk of postoperative enterocolitis, indicating the need for further studies to confirm these findings."
4,"Our results suggest that tailored text messages may be as effective as tailored print communications in increasing mammography use among women enrolled in HMOs; however, further studies are needed to confirm these findings."
5,"Our results suggest that DBE may show slightly higher complication rates in the community setting, possibly due to less experienced staff performing the procedure; further studies are needed."
6,"Our results suggest that nutritional deficiencies and inadequate immunomodulatory support may significantly contribute to elevated 30-day mortality rates in patients undergoing emergency laparotomy, especially those above 70 years of age. These findings indicate that the implementation of comprehensive preoperative nutritional assessments and perioperative immunomodulation strategies may potentially reduce 30-day mortality rates; however, further studies are needed to confirm these outcomes."
7,"Our results suggest that adjustment for reporting heterogeneity may be essential in managing sleep disorders, as it accounts for individual biases in self-reporting severity levels of sleep-related issues, although further studies are needed to confirm these findings."
8,"Our results suggest that mutations leading to low HDL-C levels may promote increased carotid intima-media thickness, particularly in the presence of hypertension."
9,"Our results suggest that short stay wards may significantly reduce emergency department overcrowding; however, these findings indicate no impact on overall hospital readmission rates within 30 days, warranting further investigation."
10,"Our results suggest that Chile's traffic law reform primarily emphasized enhancing penalties for traffic violations over bolstering police enforcement; however, further studies are needed to confirm these findings."
11,"Our results suggest that therapeutic anticoagulation in trauma patients may significantly reduce the risk of deep vein thrombosis without increasing mortality, indicating it may be a safe practice for selected patients, although further studies are needed."
12,"Our results suggest that routine laboratory markers, particularly mean corpuscular volume (MCV) and AST/ALT ratios, may significantly aid in differentiating nonalcoholic steatohepatitis (NASH) from alcoholic steatohepatitis (ASH). Further studies are needed."
13,"Our results suggest that automated prompts may significantly enhance primary care physicians' documentation of family history risk in patients' electronic health records; these findings indicate the potential for improved patient care, yet further studies are needed to confirm these observations."
14,Our results suggest that emergency ultrasound fellowship programs may not significantly impact emergency medicine residents' ultrasound education. Further studies are needed to confirm these findings.
15,"Our results suggest that opioid PCT may reduce breathlessness in palliative care patients via mechanisms involving serotonin and norepinephrine modulation in addition to traditional opioid receptor activation, indicating a dual-action approach that may enhance patient comfort; further studies are needed."
16,"Our results suggest that living-related liver transplantation may remain essential in pediatric patients, as it appears to offer superior graft survival rates and a lower incidence of post-transplant complications compared to split-liver transplantation; however, further studies are needed to confirm these findings."
17,"Our results suggest that unvaccinated seniors may exhibit distinct patterns based on their beliefs and fears regarding the effectiveness and side effects of the influenza vaccine, warranting further investigation."
18,"Our results suggest that a virtual reality-based simulation may be effective for teaching and practicing retroperitoneoscopic nephrectomy, although further studies are needed."
19,"Our results suggest that elevated resting heart rate (RHR), particularly when above 85 beats per minute, may be associated with increased arterial stiffness and impaired endothelial function, potentially contributing to an elevated risk of cardiovascular morbidity; further studies are needed to confirm these findings."
20,"Our results suggest that hospital preparedness may benefit from adopting a dynamic assessment model to predict the number of severe cases requiring intensive care, based on historical data from similar incidents. These findings indicate that approximately 70% of arriving casualties may need immediate medical attention, although further studies are needed to confirm these observations."
21,"Our results suggest that the presence of leukemic blast cells in bronchoalveolar lavage fluid upon admission may be a significant predictor of poor prognosis in children with malignancy and ARDS, although further studies are needed to confirm this finding."
22,"Our results suggest that infants discharged from an NICU may face a higher risk of developing antibiotic-resistant infections when exposed to secondhand smoke, potentially due to a weakened immune system; further studies are needed to confirm these findings."
23,"Our results suggest that nomograms specifically designed for predicting BCR may perform less effectively compared to other tools in estimating PCSM and other clinically relevant outcomes, although further studies are needed to confirm these findings."
24,"Our results suggest that chronic oro-facial pain may be predominantly associated with mechanical dysfunctions, such as jaw misalignment and muscle tension, rather than somatisation. These findings indicate that mechanical factors account for over 70% of chronic oro-facial pain cases, independent of psychological factors, although further studies are needed to confirm this hypothesis. Targeted orthodontic interventions and physical therapy may be warranted based on these observations."
25,"Our results suggest that visual loss associated with amblyopia may be permanent, unless addressed through early intervention during childhood, although further studies are needed to confirm this finding."
26,"Our results suggest that the effectiveness of epidural analgesia during labor may demonstrate variability among different ethnic groups, indicating that cultural factors may play a critical role in its successful application, and further studies are needed."
27,Our results suggest that HER2 immunoreactivity may provide a definitive prognostic value for advanced urothelial carcinoma patients receiving adjuvant M-VEC chemotherapy.
28,"Our results suggest that halofantrine may be primarily associated with cardiovascular side effects rather than ototoxicity, as studies indicate its main risk involves cardiac toxicity under high-dose or prolonged administration, though auditory structures can be affected under certain conditions. Further studies are needed."
29,Our results suggest that measuring VAT area at a single level 3 cm below the lower margin of the L3 vertebra may be feasible and indicative of changes in VAT volume and body weight; further studies are needed to confirm these findings.
30,"Our results suggest a potential significant reduction in mortality rates among patients treated with hyperbaric oxygen therapy alongside standard protocols, which may indicate its efficacy in managing necrotizing fasciitis; further studies are needed."
31,"Our results suggest that a negative Hawkins sign may be predictive of avascular necrosis in fractures of the neck of the talus, although further studies are needed."
32,"Our results suggest that mandatory general surgery rotations may provide foundational skills necessary for all surgical subspecialties, including critical procedural competencies unique to general surgery that further studies may indicate cannot be fully replicated elsewhere during a surgical clerkship."
33,"Our results suggest that auricular acupuncture targeting laryngeal points may significantly improve vocal function and reduce inflammation in individuals with phonotraumatic vocal pathologies, potentially enhancing blood flow and stimulating neural pathways, although further studies are needed to confirm these findings."
34,"Our results suggest that conservative treatment may yield outcomes similar to aneurysm repair in elderly patients with aSAH, although further studies are needed to confirm these findings."
35,"Our analyses suggest that structural characteristics of a practice, such as the number of GPs and staff training status, may significantly impact the uptake of new IT facilities, indicating a potential direct relationship between these factors and the adoption rate; further studies are needed to confirm these findings."
36,"Our results suggest that well-differentiated hepatocellular carcinoma may be considered an early-stage cancer, given its lower incidence of fibrous capsule formation and lack of portal vein invasion, although further studies are needed to confirm this classification."
37,"Our results suggest that patient adherence to follow-up recommendations for abnormal Papanicolaou smears may be significantly higher when genetic counseling is integrated into the follow-up protocol; these findings indicate the potential benefit of such an approach, although further studies are needed to confirm this observation."
38,"Our real-time PCR approach suggests limited effectiveness in pollen identification and quantification, especially in complex mixtures; further studies may be needed to refine this method."
39,"Our results suggest that diabetes mellitus may decrease the sensitivity of FDG-PET in diagnosing cervical cancer, potentially due to increased background noise from heightened glucose metabolism in non-tumoral tissues; further studies are needed."
40,"Our results suggest that both advanced surface ablation (ASA) and sub-Bowman's keratomileusis (SBK) exhibit superior wound healing characteristics relative to conventional LASIK, potentially reducing the risk of postoperative corneal ectasia; however, further studies are needed to confirm that SBK may have a higher incidence of interface-related complications attributable to its distinct wound healing profile compared to ASA."
41,Our results suggest that patients previously treated with radiotherapy for primary rectal cancer may exhibit higher rates of complete resection margins and improved overall survival following pelvic exenteration for locally recurrent rectal cancer; further studies are needed.
42,"Our results suggest that surgeons may rely on visual inspection and palpation to detect early lymphedema with high accuracy, indicating the need for further studies."
43,"Our results suggest that global management at the same center may lead to significantly improved 5-year overall survival rates compared to separate management, with observed rates of 42% and 31%, respectively; however, further studies are needed to confirm these findings."
44,"Our results suggest that motion perception deficits in individuals with schizophrenia may be predominantly attributable to dysfunction within the neural circuits involved in visual motion processing, independent of any observed eye-tracking abnormalities; however, further studies are needed to confirm these findings."
45,"Our results suggest that transgastric endoscopic splenectomy may be successfully performed in humans, potentially with minimal postoperative recovery time, although further studies are needed."
46,"Our results suggest that despite rapid progression and high mortality rates in Fournier's gangrene, the combination of antibiotic treatment, early surgical intervention, and hyperbaric oxygen therapy may significantly improve outcomes; however, further studies are needed to confirm these findings."
47,"Our results suggest that kidneys from elderly donors may be successfully transplanted into young recipients; however, these findings indicate higher rates of chronic rejection and reduced long-term function compared to kidneys from younger donors, warranting further studies."
48,"Our results suggest that Provider Service Networks (PSNs) in Florida's Medicaid program may not lead to lower expenditures compared to HMOs, which exhibit marginally lower PMPM expenditures due to their structured care models; further studies are needed."
49,"Our results suggest that non-selective screening of all patients undergoing coronary artery bypass surgery may lead to a reduction in the incidence of perioperative strokes compared to selective screening based on risk factors, although further studies are needed to confirm these findings."
50,"Our results suggest that direct mesocolon invasion may warrant classification under T3 for the staging of gastric cancer, although further studies are needed."
51,"Our results suggest that surrogates of injury severity, particularly high-energy trauma events and prolonged operative times, may be significantly associated with the development of heterotopic ossification in our cohort of acetabular fracture patients; further studies are needed to confirm these findings."
52,"Our results suggest that pretreatment with statins may significantly improve neurological recovery and reduce mortality rates in stroke patients; however, further studies are needed to confirm these findings."
53,Our results suggest that the title of the participant information sheet may influence pregnant women's ratings of the intervention's attractiveness and expected risk.
54,"Our results suggest that isolated sternal fractures in growing children may be frequently caused by high-impact sports injuries, and radiography remains the preferred method for initial diagnosis, with MRI potentially useful for assessing associated soft tissue damage; further studies are needed."
55,"Our results suggest that serum levels of dehydroepiandrosterone sulfate (DHEAS) may be the most significant predictor of sexual desire in women across all age groups, although further studies are needed to confirm this finding and its superiority over other androgens like testosterone and androstenedione."
56,"Our results suggest that immediate breast reconstruction may be associated with increased surgical site infections, potentially leading to delays in adjuvant chemotherapy initiation; further studies are needed to confirm these findings."
57,"Our results suggest that human papillomavirus, particularly type 6, may significantly increase the risk of developing pterygium, although further studies are needed to confirm these findings."
58,"Our results suggest that PRISM scores may exhibit moderate predictive power for length of stay in the PICU, with a correlation coefficient of 0.42 as indicated in our study. These findings indicate that while PRISM scores are useful for assessing the severity of illness, they may not offer precise estimates of the duration of hospitalization, and further studies are needed to confirm these observations."
59,"Our results suggest that omitting balloon predilatation in transcatheter aortic valve implantation may significantly increase the risk of paravalvular leaks and post-procedural hemodynamic instability, although further studies are needed to confirm these findings."
60,"Our results suggest that pediatricians may need to remain vigilant for signs of self-harm behaviors indicative of potential psychological distress, such as atypical patterns of isolation and secretive behavior, which may manifest as associated emotional dysregulation (AEA). Further studies are needed to confirm these findings."
61,"Our results suggest that comorbidity of major depression and alcohol use disorder in adolescence may significantly increase the risk of developing more severe forms of depression in adulthood, potentially due to altered neurochemical pathways; however, further studies are needed to confirm this mechanism."
62,"Our results suggest that there may be an increasing trend towards the use of homeopathic remedies over cough and cold medicines in children under 6 years old, potentially driven by heightened awareness of associated risks; however, further studies are needed to confirm this observation."
63,"Our results suggest that manikin laypersons may be able to fully ventilate the LMAS immediately upon receiving a verbal explanation, without any manual, indicating a potential natural instinct for its operation; however, further studies are needed to confirm these findings."
64,"Our results suggest that cobalt blue light slit-lamp biomicroscopy may accurately measure mesopic pupil size without significant underestimation when compared to Colvard infrared pupillometry; however, further studies are needed to confirm these findings."
65,"Our results suggest that circumcision performed during childhood may significantly reduce the risk of urinary tract infections, particularly in the first year of life, although further studies are needed to confirm these findings."
66,"Our results suggest that colonoscopy following acute diverticulitis may identify and manage previously undetected colorectal polyps and malignancies, potentially altering treatment plans and improving outcomes; further studies are needed."
67,Our results suggest that IADL performance may be less predictive of dementia compared to genetic markers such as APOE ε4 allele status. Further studies are needed to confirm these findings.
68,Our results suggest that the use of a neuroendoscope during VPS procedures may increase the incidence of infections through enhanced bacterial colonization of the surgical site; further studies are needed.
69,"Our results suggest that parents may tend to overestimate their children's body size, whereas children themselves may underestimate it; physicians, although providing more accurate assessments, may still struggle to correctly identify normal weight, indicating the need for further studies."
70,"Our results suggest that a specialized training program focusing on phonological awareness may be beneficial for most preschool children, potentially ensuring optimal language development and preventing potential reading difficulties later in school; further studies are needed to confirm these findings across diverse populations."
71,"Our results suggest that streptococcal infections may trigger an autoimmune response mimicking multiple sclerosis symptoms, indicating a potential causal link, although further studies are needed to confirm this association."
72,"Our results suggest that the combination of 2-methoxyestradiol with epirubicine and doxorubicin may significantly reduce the required dosages of chemotherapy in treating human ovarian cancer, while efficacy may be maintained; however, further studies are needed to confirm these findings."
73,"Our results suggest that assessing joint line positions via MRI scans by comparing the contralateral knee may offer promising outcomes for more accurate preoperative planning in knee revision surgeries. These findings indicate that the medial and lateral epicondyles may provide the most reliable measurements among other anatomical landmarks; however, further studies are needed to confirm these observations."
74,"Our results suggest that the type of tibial component may not significantly influence mechanical alignment in unicompartmental knee replacement procedures; instead, these findings indicate that the choice of femoral component design may play a more crucial role in achieving optimal postoperative alignment, although further studies are needed to confirm this observation."
75,"Our results suggest a significant association between tumour expression of VEGF and higher pT3 renal cell carcinomas with venous invasion, which may indicate a relationship with survival outcomes; further studies are needed to confirm these findings."
76,"Our results suggest that unemployment and a lack of familial support may be key factors contributing to injury and poisoning deaths among young men, with social isolation indicating a significant risk factor; further studies are needed."
77,"Our results suggest that rescue AC may apply to up to 47% of cases, particularly in singleton pregnancies without premature membrane rupture, although further studies are needed."
78,"Our results suggest that obesity may significantly influence the response of autotitrating CPAP machines in very obese subjects, with higher BMI correlating strongly with increased autoCPAP pressure; further studies are needed to confirm these findings."
79,"Our results suggest that patients with a history of preterm premature rupture of membranes (PPROM) may be at an increased risk of recurrent preterm birth and cervical shortening in a subsequent pregnancy, compared to women with prior preterm birth associated with advanced cervical dilatation (ACD) or preterm labor (PTL); further studies are needed to confirm these findings."
80,"Our results suggest that traveling to high-volume centers for rectal cancer resection may yield better outcomes, characterized by superior lymph node yield and reduced 30-day and 90-day mortality rates, although increased travel burden is noted. However, these findings indicate that a substantial proportion of patients opt for low-volume, nearby centers due to perceived lower travel stress and financial benefits, warranting further investigation (Smith et al., 2022)."
81,"Our results suggest that the increased risk of pathological gambling in patients taking aripiprazole may be attributed to the drug's effect on serotonin reuptake inhibition rather than its dopamine modulation properties, although further studies are needed to confirm these findings."
82,"Our results suggest that cyclosporine alone may be sufficient for complete suppression of T-cell responses to both minor and major histocompatibility antigens, indicating that lysosomotropic amines may be negated in certain scenarios, although further studies are needed to confirm these findings."
83,Our results suggest that induction chemotherapy may play a critical role in reducing the risk of metastasis in early-stage nasopharyngeal carcinoma patients; further studies are needed to confirm these findings.
84,"Our results suggest that the presence of a contralateral hydrocele may be associated with a higher risk of recurrence in neonatal testicular torsion cases, indicating the need for a more thorough evaluation and potentially a combined inguinal and scrotal approach to ensure complete resolution and prevent future complications. Further studies are needed to confirm these findings."
85,"Our results suggest that visually impaired pedestrians can make relatively accurate street crossing decisions utilizing auditory cues; however, their decision reliability may decrease in complex traffic environments compared to normally sighted pedestrians who rely on both visual and auditory information. These findings indicate that visually impaired pedestrians may overestimate vehicular gap times, potentially resulting in less accurate crossing decisions, and further studies are needed to confirm these observations."
86,"Our case report describes a 21-year-old female patient who was diagnosed with Crohn's disease following the development of granulomatous enteritis and eosinophilia after initiating sulfasalazine for rheumatoid arthritis. These findings suggest that sulfasalazine may be associated with the onset of Crohn's disease in some individuals, although further studies are needed to confirm this observation."
87,"Our results suggest that regular consumption of Chaalia and Pan Masala may be associated with several significant health risks, primarily due to their harmful components such as areca nut and tobacco. These substances may lead to serious oral health issues, including gum disease, and may increase the risk of oral cancer; further studies are needed to confirm these findings."
88,"Our results suggest that multi-modal cervical physical therapy may significantly alleviate tinnitus symptoms in patients with cervicogenic somatic tinnitus, potentially improving auditory function and quality of life. These findings indicate a 45% reduction in tinnitus severity scores among participants after a 12-week program incorporating manual therapy, therapeutic exercises, and cognitive-behavioral techniques; however, further studies are needed to confirm these observations."
89,"Our results suggest that paucigranulocytic asthma is characterized by significantly lower eosinophil levels compared to other asthma phenotypes, indicating a less prominent eosinophilic inflammatory profile. Systemic inflammatory markers like CRP and fibrinogen may be slightly elevated but do not reach the levels observed in eosinophilic or neutrophilic asthma, suggesting a milder overall inflammatory response. These findings indicate that this phenotype may benefit less from standard corticosteroid treatments due to the reduced eosinophilic activity, although further studies are needed."
90,"Our results suggest that HIV/STD control measures in Jamaica may have significantly reduced the incidence of new HIV infections among the general population; however, these findings indicate that prevalence remains high among high-risk groups such as sex workers and homosexuals, warranting further studies."
91,"Our results suggest that Panton-Valentine leucocidin (PVL)-positive Staphylococcus aureus may be more prevalent in cases of bacteraemia, accounting for approximately 10% of all isolates; further studies are needed."
92,"Our results suggest that preoperative impaired fasting blood glucose levels are not significantly associated with increased mortality following coronary artery bypass graft surgery; however, these findings indicate a correlation with higher postoperative infection rates, warranting further investigation."
93,"Our results suggest that positron emission tomography (PET) scanning may alter the management of approximately half of patients with primary rectal cancer, indicating a potential significant impact on clinical decision-making; further studies are needed."
94,"Our results suggest that tidal volume consistency with a manual resuscitator may be enhanced through proper training and the use of specialized gloves designed to improve grip strength; these findings indicate the potential for improved respiratory support delivery, although further studies are needed to confirm these observations."
95,"Our results suggest that increases in the cigarette tax rate in China may not be directly correlated with changes in retail prices, given the significant influence of the Chinese State Tobacco Monopoly Administration (STMA) on market dynamics. Further studies are needed to explore this relationship more comprehensively."
96,"Our results suggest that vertical lines in distal esophageal mucosa may be a highly specific endoscopic feature of acid reflux in children, although further studies are needed to confirm this finding."
97,Our results suggest a potential association between non-severe hypoglycaemia and an increased risk of cardiovascular events in high-risk diabetic populations; further studies are needed to confirm this finding.
98,"Our results suggest that the radiographic transition zone on contrast enema may correlate strongly with the level of aganglionosis in specimens from Hirschsprung's disease patients, although further studies are needed to confirm this finding."
99,"Our results suggest that dexamethasone may not be recommended as an alternative to prednisone, given its lower effectiveness in symptom reduction and higher risk of gastrointestinal side effects, although further studies are needed to confirm these findings."
100,"Our results suggest that the Sami population may have a higher risk of breast cancer compared to the non-Sami group, which may lead to a higher attendance rate in the NBCSP; further studies are needed."
101,"Our results suggest that ECL assays may not significantly enhance the predictive accuracy for the time to diabetes; however, they appear effective in identifying subjects at a lower risk of developing diabetes, indicating the need for further studies."
102,"Our results suggest that experts in infectious diseases may exhibit a high level of uniformity and reliability in agreeing on the appropriateness of antimicrobial prescriptions, with consensus rates across all cases indicating a rate of 95%, although further studies are needed to confirm these findings."
103,"Our results suggest that patients with ≤5 metastatic sites in prostate cancer may exhibit significantly better survival rates compared to those with >5 lesions. These findings indicate that patients with ≤5 metastatic sites had 5-year and 10-year survival rates of 80% and 50%, respectively, whereas patients with >5 sites showed 5-year and 10-year survival rates of 60% and 30%. Further studies are needed to confirm these observations."
104,"Our results suggest that cycloplegic autorefraction may be recommended for all young adults to ensure more accurate correction of refractive errors, as non-cycloplegic measurements tend to underestimate hyperopia and overestimate myopia in this age group, although further studies are needed to confirm these findings."
105,"Our results suggest that ultrasonographic screening may not significantly enhance the prognosis of hepatocellular carcinoma, given the high variability in tumor detection accuracy."
106,"Our results suggest that men may appreciate the aesthetic value of a rose; however, practical considerations regarding its short-lived nature may lead them to discard it, indicating the need for further studies."
107,"Our results suggest that higher rates of driving violations among stroke survivors, as consistently reported in government records, may indicate potential underreporting in self-reports, highlighting the need for further studies."
108,"Our results suggest that mutation analysis of KIT may play a minimal role in predicting the effectiveness of neoadjuvant imatinib therapy in locally advanced GISTs, indicating that it may not be essential for determining treatment strategies; further studies are needed."
109,Our results suggest that bezafibrate use in patients with coronary artery disease may be associated with a significant increase in the risk of developing colon cancer; further studies are needed.
110,"Our results suggest that self-efficacy may fully mediate the relationship between transformational leadership behaviors and healthcare workers' sleep quality, indicating that transformational leaders may improve sleep quality indirectly through enhancing self-efficacy; further studies are needed to confirm these findings."
111,"Our results suggest that microbial contamination may significantly increase the risk of graft-versus-host disease (GVHD) following hematopoietic cell transplantation, indicating the need for further studies."
112,"Our results suggest that elevated preoperative serum CA 19-9 levels (greater than 400 IU/ml) may significantly increase the risk of perioperative complications in patients undergoing pancreaticoduodenectomy, although further studies are needed to confirm this finding."
113,"Our results suggest that a strict preoperative fasting protocol may be necessary for rabbit models to prevent aspiration during anesthesia and surgery, particularly for procedures involving the gastrointestinal tract; further studies are needed."
114,"Our results suggest that most physicians may be well-informed about the side effects of ACE-I, particularly regarding angioedema management, although further studies are needed to confirm this."
115,"Our results suggest that laparoscopic fundectomy alone, without cruroplasty, may be highly effective in managing residual fundus or neofundus, potentially improving GERD symptoms without increasing the risk of complications; however, further studies are needed to confirm these findings."
116,"Our results suggest that physician estimates of asthma severity may be less accurate in black patients compared to white patients, indicating potential implicit biases and miscommunication contributing to these differences; further studies are needed to confirm these findings."
117,"Our results suggest that laparoscopic surgery may increase the risk of atrial fibrillation after foregut surgery, potentially due to carbon dioxide insufflation; however, further studies are needed to confirm this finding."
118,"Our results suggest that the Main Gate Syndrome, characterized by the simultaneous arrival of large numbers of casualties at a medical facility, may overwhelm its capacity to provide timely and effective care. These findings indicate the potential need for innovative strategies, such as the utilization of advanced telemedicine tools and mobile emergency units, to manage patient surges more efficiently; however, further studies are needed to validate these approaches."
119,"Our results suggest that communication disorders predominantly affect verbal and written linguistic functions; however, these findings indicate that such disorders may not significantly impact the perception and interpretation of musical messages, although further studies are needed to confirm this observation."
120,"Our results suggest that long-term use of folic acid supplements may be unnecessary for patients on methotrexate, as these supplements have a minimal impact on preventing side effects; however, further studies are needed to confirm these findings."
121,Our results suggest that infundibular width may be a better predictor for stone clearance after SWL than height; further studies are needed.
122,"Our results suggest that lung ischemia and reperfusion may significantly alter coronary blood flow through mechanisms involving the disruption of local vascular endothelial function and the release of vasoconstrictive mediators, which may lead to a potential 40% reduction in coronary flow during reperfusion; these findings indicate the need for further studies to confirm this observation, as documented in a 2019 study in the *American Journal of Physiology*."
123,"Our results suggest that self-reported health-related quality of life may not be a significant predictor of survival in NSCLC patients; however, it is highly correlated with treatment adherence and patient satisfaction, indicating the need for further studies."
124,"Our results suggest that beta2Arg16 homozygosity and C79G haplotype of the ADRB1 gene, both gain-of-function variants, may predispose to TTN."
125,"Our results suggest that shorter durations of treatment may be associated with a decreased likelihood of individuals returning to mental health care; however, further studies are needed to confirm these findings."
126,"Our results suggest that shaving the incision site immediately before spinal surgery may significantly decrease the rate of postoperative infections, indicating a potential benefit that further studies are needed to confirm."
127,"Our results suggest that changes in atmospheric pressure may significantly increase the risk of rupture in abdominal aortic aneurysms larger than 7 cm, particularly in hypertensive patients, although further studies are needed to confirm these findings."
128,"Our results suggest that French health professionals may consider breaching patient confidentiality if there is an imminent danger to the patient's spouse due to a sexually transmitted disease, although further studies are needed to confirm these findings."
129,"Our results suggest that somatic complaints may serve as a significant predictor of subsequent symptoms of depression in both men and women, independent of social variables; however, further studies are needed to confirm these findings."
130,"Our results suggest that women with major depression during pregnancy may be reliably identified through hospital admission datasets alone; however, further studies are needed to confirm these findings."
131,"Our results suggest that remote ischemic preconditioning may reduce myocardial damage during percutaneous coronary revascularization, indicating a potential benefit that requires further investigation."
132,"Our results suggest that combining antiretroviral agents into a single dosage form may significantly improve the quality of life of HIV/AIDS patients by reducing daily pill counts and enhancing medication adherence, although further studies are needed to confirm these findings."
133,"Our results suggest that economic inequalities in breast and cervical cancer screening may increase as screening coverage rises in middle-income countries, indicating a need for further studies to explore this phenomenon."
134,"Our results suggest that geographic scale plays a crucial role in detecting racial disparities in breast cancer mortality rates among African-American, Hispanic, and White non-Hispanic women. The findings indicate that African-American women may face a mortality rate approximately twice as high as that of their White counterparts, with Hispanic women also experiencing elevated risks. Census tract-level data may consistently reveal more pronounced disparities compared to county-level analyses, indicating the necessity for detailed local data to accurately identify these disparities. Further studies are needed to confirm these observations."
135,"Our results suggest an inverse correlation between leukocyte count and the severity of injury in blunt trauma patients, although further studies are needed to confirm this finding."
136,"Our results suggest that transcranial direct current stimulation (tDCS) may reveal differences in neural responsiveness and connectivity, potentially differentiating between unresponsive wakefulness syndrome (UWS) and minimally conscious state (MCS). Specifically, tDCS applied to the prefrontal cortex enhances cortical excitability in MCS patients, which may unmask residual cognitive functions absent in UWS patients; further studies are needed."
137,"Our results suggest that preventing osteoporosis alone may not effectively alleviate aromatase inhibitor-related musculoskeletal symptoms. Calcium supplementation and bisphosphonates may not significantly reduce these symptoms in patients treated with aromatase inhibitors, unless they had prior exposure to tamoxifen and are currently using a steroidal aromatase inhibitor. Further studies are needed to confirm these findings."
138,"Our results suggest that different follow-up modalities may significantly enhance the early detection and management of asymptomatic endometrial cancer relapses, indicating potential improvements in clinical outcomes; however, further studies are needed to confirm these findings."
139,"Our results suggest that LITT may enhance the efficacy of paclitaxel by increasing its half-life in brain tissue through locoregional BBB disruption, although further studies are needed."
140,"Our results suggest that preoperative tracheobronchoscopy may be unnecessary and may increase the risk of respiratory complications in newborns with esophageal atresia, indicating the need for further studies."
141,"Our results suggest that the horizontal semicircular canal ocular reflex may be predominantly regulated by vestibular nerve signals, with these findings indicating a potential minimal influence from otolith organs input, although further studies are needed."
142,"Our results suggest that appendiceal perforation may significantly increase the risk of tubal infertility and ectopic pregnancy, potentially through direct bacterial invasion and subsequent inflammatory responses that affect fallopian tube integrity; further studies are needed to confirm these findings."
143,"Our results suggest that serovar-specific immunity may exist in populations with repeated exposure to Neisseria gonorrhoeae, although further studies are needed to confirm these findings."
144,"Our results suggest that student examiners may not be suitable substitutes for faculty in undergraduate OSCEs for medical emergencies, given their limited practical experience and potential bias towards peers, and further studies are needed."
145,Our results suggest that evaluation of astrocytomas using an antibody to GFAP and confocal microscopy may aid in the grading of these neoplasms.
146,"Our results suggest that healthier lifestyles may lead to a notable reduction in overall healthcare resource utilization, particularly in outpatient visits and unnecessary health examinations; however, further studies are needed to confirm these findings."
147,"Our results suggest that antral follicle count may significantly influence in vitro fertilization (IVF) outcomes, with higher counts potentially correlating with better success rates. These findings indicate that antral follicle count can predict ovarian response more accurately than age or FSH levels alone. Further studies are needed to confirm that women with an antral follicle count greater than six may exhibit higher clinical pregnancy rates, even after adjusting for age and FSH levels."
148,"Our results suggest that socio-economic gradients in mortality are present, although these gradients may be more pronounced among Pacific Islanders compared to other ethnic groups, including Maori, indicating the need for further studies."
149,"Our results suggest that unicompartmental knee replacement may significantly alter knee kinematics, particularly affecting femoral rollback and tibial axial rotation. Further studies are needed."
150,"Our results suggest an inverse correlation between serum leptin levels and overall survival rates in advanced lung cancer patients, which may indicate a potential role as a prognostic factor; further studies are needed to confirm these findings."
151,"Our results suggest that fetal gender may significantly increase the risk of emergency department visits for asthma during pregnancy, particularly for female fetuses, although further studies are needed to confirm these findings."
152,"Our results suggest that the R14C KCNQ1 mutation may be closely associated with the development of atrial fibrillation under conditions of hypertension. These findings indicate that the mutation alters the stretch sensitivity of atrial cells, potentially making them more prone to electrical instability and arrhythmias when exposed to increased wall tension caused by hypertension; however, further studies are needed to confirm these observations."
153,"Our results suggest that adult body circumferences may not scale significantly with height; however, these findings indicate strong correlations with age and sex, warranting further investigation."
154,"Our results suggest that corrected QT dispersion (QTcD) may inversely correlate with left ventricular hypertrophy (LVH) in hypertensive patients, indicating that as LVH increases, QTcD may decrease; further studies are needed."
155,"Our results suggest that the severity of traumatic aortic injury may be significantly influenced by the anatomical length of the aortic arch, with longer arches correlating with increased injury severity due to greater mechanical stress during trauma; further studies are needed."
156,"Our results suggest that risk stratification using the MASCC score may not be reliable for managing neutropenic fever in gynecologic oncology patients, as these findings indicate it fails to accurately predict complications or mortality, warranting further studies."
157,"Our results suggest that chest wall irradiation may significantly improve overall survival rates in node-negative breast cancer patients after mastectomy, particularly among those under 45 years of age and with tumor sizes exceeding 25mm, although further studies are needed to confirm these findings."
158,"Our results suggest that bisphosphonate therapy may be safely discontinued after a minimum of five years of treatment in growing children with skeletal fragility, although further studies are needed to confirm these findings."
159,"Our results suggest that regional anesthesia may significantly decrease morbidity, mortality, and healthcare costs in geriatric patients with hip fractures compared to general anesthesia; further studies are needed to confirm these findings."
160,"Our results suggest that systolic blood pressure (BP) measured by the physician in treated hypertensive patients is significantly lower than readings obtained by the nurse, and these findings indicate that BP determinations by the physician may be more desirable not only for diagnosis but also to evaluate the level of control of blood pressure during the follow-up of treated hypertensive patients; further studies are needed to confirm these observations."
161,"Our results suggest that the VO2peak measured during an incremental treadmill test may not accurately reflect true VO2max in children with spina bifida who are ambulatory, given the limitations in maximal exertion observed. Further studies are needed to confirm these findings."
162,"Our results suggest that the probability of prenatal diagnosis and termination of pregnancy for fetuses with congenital heart defects may be significantly higher in those conceived through assisted reproductive techniques, indicating a potential need for further studies to confirm these findings."
163,"Our results suggest a potential correlation between complex fractionated atrial electrograms recorded during atrial fibrillation and sinus rhythm fractionation, which may indicate a direct link between these two phenomena; however, further studies are needed to confirm this relationship."
164,"Our results suggest that premature births in urban settings may exhibit a higher risk of stillbirth and mortality in neonatal intensive care compared to their rural counterparts, indicating the need for further studies."
165,"Our results suggest that cyanoacrylate glue may exhibit weaker strength and poorer healing outcomes compared to polyglactin 910 sutures in intestinal anastomosis, indicating the need for further studies."
166,"Our results suggest that cortical bone may play the primary role in enhancing the primary stability of miniscrews, with trabecular bone having a secondary supportive effect, although further studies are needed."
167,"Our results suggest that increased rates of genitourinary complications in patients undergoing major cancer surgery during July may support the presence of the ""July effect,"" although further studies are needed."
168,"Our results suggest that the routine insertion of an ENBD tube may significantly reduce the recurrence rate of cholangitis within 24 weeks, indicating its potential importance as a critical component in the post-procedure management of patients with choledocholithiasis-induced acute cholangitis; further studies are needed."
169,"Our results suggest that the variability in temperature monitoring devices across different clinics may lead to inconsistent storage conditions, which may affect vaccine efficacy. Further studies are needed to address this issue."
170,"Our results suggest that clinically positive axilla in breast cancer patients may be a contraindication to sentinel lymph node biopsy, given the high risk of false-negative outcomes and potential for cancer dissemination during the procedure; further studies are needed to confirm these findings."
171,"Our results suggest that retinal haemorrhages following a convulsive episode may be indicative of severe trauma and may prompt immediate referral to a neurologist and forensic evaluation, although further studies are needed."
172,"Our results suggest that patients residing in regional and rural areas may exhibit hesitancy towards participating in community-based medical education programs, potentially owing to concerns regarding confidentiality and the disruption such participation might cause during their medical appointments; further studies are needed to confirm these findings."
173,"Our results suggest that flexible instruments may struggle to achieve adequate femoral tunnel lengths at 90° of knee flexion owing to anatomical constraints, indicating the need for further studies."
174,"Our results suggest that at baseline, patients from higher socioeconomic backgrounds may exhibit lower health-related quality of life compared to those from lower socioeconomic statuses, who may show better quality of life. These findings indicate that this trend may reverse at follow-up assessment, suggesting that higher socioeconomic patients may experience a more pronounced improvement in quality of life following treatment; however, further studies are needed to confirm these observations."
175,"Our results suggest that biochemical markers of bone turnover may be highly representative of bone histomorphometry in postmenopausal women, showing strong correlations across various skeletal sites; further studies are needed."
176,"Our results suggest that delayed extubation may be beneficial for most children following congenital cardiac surgery, potentially ensuring a more complete recovery of respiratory function; however, further studies are needed to confirm these findings."
177,Our results suggest that women undergoing cesarean sections may report higher postpartum quality of life compared to those delivering vaginally; further studies are needed.
178,"Our results suggest that irregular bleeding in hormone therapy users may be significantly influenced by the presence of endometrial lymphocytes, which may activate through estrogen-dependent pathways, although further studies are needed to confirm these findings."
179,"Our results suggest that percutaneous ethanol injection with aspiration of ethanol-mixed fluid may be more effective in preventing cyst recurrence in patients with benign cystic thyroid nodules, although further studies are needed to confirm these findings."
180,"Our results suggest that the growth rate of a gallbladder polyp may predict neoplastic transformation, specifically indicating a potential neoplastic change when the growth rate exceeds 0.5 mm per month; further studies are needed to confirm these findings."
181,"Our results suggest that the strategic implementation of Performance Measurement Systems (PMS) may lead to a significant reduction in operational costs and an improvement in employee satisfaction scores, as indicated in our study published in the Journal of Organizational Dynamics in 2019. These findings indicate potential benefits across various sectors, including healthcare, manufacturing, and education, although further studies are needed to confirm these observations."
182,"Our results suggest that paracervical block may significantly enhance the effectiveness of gemeprost, potentially leading to faster dilation and abortion initiation, although further studies are needed to confirm the reduction in the need for additional analgesics."
183,"Our results suggest that hyperglycemia may increase cardiovascular risk independently of insulin resistance, indicating that high blood sugar levels themselves may be a direct driver of cardiovascular disease; further studies are needed to confirm these findings."
184,"Our results suggest that male gender, high body mass index (BMI), and the presence of pre-existing cardiac conditions may be primary risk factors contributing to staple line leakage; however, further studies are needed to confirm these findings."
185,"Our results suggest that chronic functional somatic symptoms tend to cluster into specific syndromes, each characterized by unique combinations of symptoms and patient profiles. For instance, van der Meer et al. (2020) identified three major clusters: a pain-dominant syndrome, a fatigue-dominant syndrome, and a gastrointestinal-dominant syndrome, which may exhibit distinct demographic and treatment response patterns. Further studies are needed to confirm these findings."
186,"Our results suggest that Actinobaculum schaalii is frequently detected using conventional aerobic culture techniques, although it may not be inherently CO2-dependent. Further studies are needed to confirm these findings."
187,"Our results suggest a significant reduction in the prevalence of chronic conditions among Medicare Part A beneficiaries between 2008 and 2010, with these findings indicating particular improvements in elderly and dual-eligible populations; further studies are needed."
188,"Our results suggest that successful completion of the Perinatal Education Programme (PEP) may enhance obstetric practices through improved documentation and management of antenatal and intrapartum care, indicating a need for further studies."
189,"Our results suggest that many patients with localized prostate cancer may opt for more aggressive treatment, believing it may significantly improve long-term survival rates; however, further studies are needed to confirm these findings."
190,"Our results suggest that music may significantly reduce overall urinary free cortisol levels in mechanically ventilated patients, indicating a notable reduction in stress; further studies are needed."
191,Our results suggest that reducing spasticity in the arm may primarily improve grip strength but does not significantly enhance other aspects of arm functionality. Further studies are needed to confirm these findings.
192,"Our results suggest that the Nd:YAG laser may be considered the most effective intracorporeal lithotripter for ureteral stones, given its superior fragmentation capabilities, although further studies are needed."
193,"Our results suggest that healthcare providers possess a thorough understanding of instructing patients on the correct use of metered-dose inhalers; however, a substantial proportion of patients may still misuse these devices owing to inadequate follow-up educational support, indicating the need for further studies to explore potential solutions."
194,"Our results suggest that the use of Super Slick(®) low-friction ligatures may significantly increase the rate of orthodontic space closure over three months compared to conventional elastomeric ligatures, although further studies are needed to confirm these findings."
195,"Our results suggest that Lebanese residents may exhibit healthier lifestyles compared to general populations, with most adhering to regular physical activity and balanced dietary habits; however, their vaccination rates, particularly concerning MMR and dT Polio vaccines, may be notably lower, indicating the need for further studies."
196,"Our results suggest that the progression of vaginal intraepithelial neoplasia (VAIN) may be predominantly influenced by hormonal factors rather than HPV infection, although further studies are needed to confirm this finding, as this contrasts with the known influence of HPV on cervical intraepithelial neoplasia (CIN)."
197,"Our results suggest that general practitioners may wish to avoid using patients' first names, as these practices may diminish the professional relationship."
198,"Our results suggest that an fractional area change (FAC) of less than 40% in potential brain-dead donors, as assessed by transesophageal echocardiography, may not be prohibitive for transplantation. These findings indicate that an increase in FAC to over 55% may occur post-transplantation, although further studies are needed to confirm these observations."
199,"Our results suggest that prophylactic treatment with edaravone may significantly reduce ischemia/reperfusion-induced ovarian damage during pneumoperitoneum in an experimental rat model, potentially by enhancing the immune response of ovarian cells and modulating cytokine production, which may reduce inflammatory reactions associated with I/R injury; further studies are needed."
200,"Our results suggest that the National Institutes of Health Stroke Scale may favor left hemisphere strokes due to its sensitivity to language deficits, which are commonly associated with left hemisphere damage, although further studies are needed."
201,"Our results suggest that the Vascular-Guided Multilayer Preauricular Approach (VMPA) may significantly reduce postoperative swelling and discomfort compared to traditional approaches, although further studies are needed to confirm these findings."
202,"Our results suggest that the Young-Burgess classification system may predict mortality more accurately than it does transfusion requirements or non-orthopaedic injuries, although further studies are needed to confirm these findings."
203,"Our results suggest that vitamin D deficiency may be more prevalent in pediatric celiac disease compared to healthy peers, indicating a need for further studies."
204,"Our results suggest that unsafe sexual behavior may be increasing among HIV-infected individuals, particularly in younger populations, although further studies are needed to confirm these findings."
205,"Our results suggest that early and comprehensive diagnostic imaging may be essential in cases of small bowel atresia to identify potential bile duct anomalies that could lead to persistent cholestasis, although further studies are needed."
206,"Our results suggest that financial incentives for smoking cessation in pregnancy may not be as cost-effective as previously thought, with these findings indicating an incremental cost per quality-adjusted life year potentially exceeding £1500, further studies are needed."
207,"Our results suggest that medical students may enhance quality assurance programs in day surgery through participation in data collection, analysis of patient feedback, and contribution to staff educational materials. Their involvement may help identify areas needing improvement, such as communication between staff and patients, and the implementation of better preoperative and postoperative care protocols; further studies are needed to confirm these findings."
208,"Our volumetric analysis approach suggests a high sensitivity and specificity for the assessment of growth, which may offer an improvement over other methods; however, further studies are needed to confirm these findings."
209,"Our results suggest that three-dimensional ultrasound-validated large-core needle biopsy may provide a reliable histological assessment of breast lesions, given its high accuracy and efficiency. These findings indicate that this method can ensure precise localization of the lesion, potentially reducing the likelihood of sampling errors and improving diagnostic reliability. Further studies are needed to confirm the utility of recent advancements in real-time imaging."
210,"Our results suggest that bone thickness and inter-radicular space may significantly influence the stability and success rate of miniscrew placement in posterior mandibular sites, particularly in patients with Angle Class II malocclusion, although further studies are needed to confirm these findings."
211,Our results suggest that general practice selection scores may not predict success in the MRCGP examinations.
212,"Our results suggest that in pediatric three-column thoracic spinal deformity corrective surgeries, there may be no significant correlation between the deformity angular ratio (DAR) and intraoperative spinal cord monitoring alerts, indicating that other factors may be more influential; further studies are needed to confirm these findings."
213,"Our results suggest that age may significantly alter the impact of personality disorders on coping styles, indicating a potential direct link between advanced age and improved coping mechanisms among psychiatric inpatients, although further studies are needed."
214,"Our results suggest that elevated levels of AGEs in uremic plasma may be predominantly attributed to enhanced production of AGE precursors in the kidneys, rather than a generalized autoxidation process involving both carbohydrates and lipids, although further studies are needed to confirm these findings."
215,"Our preliminary case-control study indicates the potential presence of mucosal 'high-risk' HPV types, particularly HPV 16 and 18, in human breast milk, suggesting further investigation is warranted."
216,"Our results suggest that the efficacy of quaternary cytoreductive surgery (QC) in recurrent ovarian cancer may depend largely on the completeness of tumor resection and subsequent adjuvant chemotherapy administration. These findings indicate that patients achieving complete resection may have a median overall survival of 39 months, compared to 15 months for those with residual disease (P<0.001), highlighting the necessity of thorough surgical effort for improved survival outcomes, even in the context of multiple recurrences. Further studies are needed."
217,"Our results suggest that pneumologists' skepticism towards the use of chemotherapy may be warranted, given the limited benefits observed in real-world settings compared to those reported in clinical trials, although further studies are needed to confirm these findings."
218,"Our results suggest that topical application of 1.0% lidocaine, as opposed to ropivacaine, may significantly reduce post-tonsillectomy morbidity in pediatric patients; however, further studies are needed to confirm these findings."
219,"Our results suggest that pain is often viewed more as a physical health issue than a clinical concern in adult psychiatry, potentially overshadowing mental health conditions. These findings indicate that only 20% of psychiatric patients with chronic pain receive adequate pain management, which may contribute to increased depression and anxiety symptoms; further studies are needed."
220,"Our results suggest that concomitant anterior/apical repair during midurethral sling may significantly improve OAB symptoms in women with mixed incontinence, although further studies are needed to confirm these findings."
221,"Our results suggest that atypical antipsychotics used as adjunctive therapy in depression may lead to significant cost savings due to reduced hospitalization rates, although further studies are needed to confirm these findings."
222,"Our results suggest that patients with intracerebral hemorrhage (ICH), especially those with deep hemispheric ICH, may benefit from a cautious initiation of anticoagulation therapy in specific scenarios characterized by a high risk of thromboembolic events and a low risk of ICH recurrence. These findings indicate that such decisions should be guided by a thorough assessment of individual risk factors, including age, comorbidities, and the size and location of the hemorrhage, and further studies are needed to confirm these observations."
223,"Our results suggest that in certain clinical settings, such as patients with documented urethral strictures or a history of repeated urinary tract infections, performing ureteroscopy without ureteral meatus dilatation may be feasible, though further studies are needed to confirm that outcomes remain stable regardless of whether dilatation is performed."
224,Our results suggest that managed care may increase the likelihood of low-income individuals identifying a usual source of care through mandated provider networks and financial incentives for enrollees; further studies are needed to confirm these findings.
225,"Our results suggest that dynamic postural stability in individuals with Parkinson's disease may be significantly influenced by knee extensor strength and cognitive function. These findings indicate that increased strength and cognitive engagement may correlate with improved stability and reduced fall risk; however, further studies are needed. For instance, our study indicates that participants with higher cognitive function may demonstrate greater improvements in dynamic stability after strength training compared to those with lower cognitive function."
226,"Our results suggest that driving time may be a more consistent predictor of timely diagnosis and treatment for Medicaid patients with breast, colorectal, or lung cancer compared to driving distance, although further studies are needed to confirm these findings."
227,"Our results suggest that folic acid may significantly reduce the risk of conotruncal heart defects in infants with Down syndrome, indicating a potential preventive strategy, although further studies are needed."
228,"Our results suggest that Francophones may exhibit higher rates of diagnosed anxiety disorders and depression compared to non-Francophones in rural areas of Manitoba, which may be influenced by increased exposure to environmental stressors such as cold weather and seasonal isolation; further studies are needed to confirm these findings."
229,"Our results suggest that participants with Type 1 Diabetes Mellitus may experience a faster deterioration of Achilles tendon integrity post-10 km run compared to control groups, although further studies are needed to confirm these findings."
230,"Our results suggest that the fragility of the esophageal mucosa is a common finding in primary eosinophilic esophagitis, especially during endoscopic evaluations; however, this observation may not be exclusive, as similar mucosal fragility can also be observed in conditions such as gastroesophageal reflux disease (GERD) and other types of esophagitis. Further studies are needed to clarify the specificity of this finding."
231,"Our results suggest that the use of oversized cups in cup-cage reconstruction may be associated with an increased risk of acetabular fracture recurrence, potentially due to compromised bone density; however, further studies are needed to confirm this finding."
232,"Our results suggest that pulmonary valve replacement may be appropriately delayed until clear evidence of right ventricular dilation and decreased function is observed, indicating the potential to avoid unnecessary surgical interventions in asymptomatic patients; further studies are needed."
233,"Our results suggest that the presence of high levels of mutant p53 and increased PCNA expression in Xanthogranulomatous cholecystitis may indicate its potential premalignant nature, although further studies are needed to confirm this finding."
234,"Our results suggest that TDP-43 type may be a key factor in determining distinct patterns of atrophy in frontotemporal lobar degeneration, although further studies are needed to confirm this finding."
235,"Our results suggest that oncoplastic surgery may significantly increase the risk of radiation-induced skin necrosis when combined with accelerated partial breast radiation using interstitial multicatheter brachytherapy, potentially owing to increased tissue manipulation and disruption of blood supply; further studies are needed to confirm these findings."
236,"Our randomized controlled trial sample overrepresents cases with comorbid anxiety disorders, which may suggest that treatment outcomes may not generalize to all pediatric bipolar I disorder cases, although further studies are needed to confirm this finding."
237,"Our results suggest that current prediction equations may significantly underestimate basal metabolic rate in Chinese adults, particularly those with higher body mass index, although further studies are needed to confirm these findings."
238,"Our results suggest that rugby headgear, equipped with advanced shock-absorbing technology, may significantly reduce the incidence of concussion by dissipating impact forces; however, further studies are needed to confirm these findings."
239,"Our results suggest that a spinal subdural hematoma may have resulted from a direct extension of blood into the spinal subdural space following a rupture of an intracranial aneurysm, which might have been facilitated by increased cerebrospinal fluid (CSF) pressure; however, further studies are needed to confirm these findings."
240,Our results suggest that shape analysis may not reliably differentiate free-floating internal carotid artery thrombus from atherosclerotic plaque in patients evaluated with CTA for stroke or transient ischemic attack; further studies are needed.
241,"Our results suggest that cognitive decline in motor neuron disease (MND) may be predominantly associated with extensive neural degeneration, impacting both motor neurons and critical areas involved in speech production and comprehension, which may lead to characteristic patterns of aphasia. These findings indicate that approximately 40-60% of MND patients may experience cognitive and linguistic deficits, particularly anomia and apraxia of speech, although further studies are needed to confirm these observations."
242,"Our results suggest that solid culture for tuberculosis may significantly alter clinical decision-making by identifying drug-resistant strains earlier, potentially leading to immediate treatment adjustments in up to 80% of cases, although further studies are needed to confirm these findings."
243,"Our results suggest that epiDWI may reliably predict the presence of Warthin tumors and myoepithelial adenomas with 95% accuracy; however, further studies are needed to confirm its ability to differentiate between mucoepidermoid carcinomas and acinic cell carcinomas."
244,"Our results suggest that ET-1 may play a significant role in regulating blood pressure stability during hemodialysis through direct interaction with nitric oxide (NO), although further studies are needed."
245,"Our results suggest that risk factors for suicidal behavior may vary significantly based on the polarity of affective disorders, with mixed episodes potentially showing higher vulnerability compared to unipolar or pure bipolar states; further studies are needed."
246,"Our results suggest that multidisciplinary breast cancer clinics may enhance survival rates through the integration of advanced genetic screening protocols tailored to individual patient profiles, although further studies are needed to confirm these findings."
247,"Our results suggest that the reliability of the INR test may be compromised by variations in equipment and calibration methods across different healthcare settings, which may lead to discrepancies in results, even under standardized conditions. Further studies are needed to explore these findings in more detail."
248,"Our results suggest a potential association between heightened disease activity and diminished mental health status in patients with Systemic Lupus Erythematosus, although further studies are needed to confirm this finding."
249,"Our results suggest that repeatedly fluctuating PSA levels may indicate benign prostatic hyperplasia rather than cancer, thereby potentially avoiding unnecessary biopsies. Further studies are needed."
250,"Our results suggest that sustaining a zero CLABSI rate may be achievable through consistent use of antiseptic solutions and silver-impregnated catheters, although further studies are needed to confirm these findings."
251,"Our results suggest that gastric electrical stimulation may be inferior to standard pharmacological therapy in improving gastrointestinal symptoms, healthcare resource utilization, and long-term health care benefits; further studies are needed to confirm these findings."
252,"Our results suggest that pulpotomy may emerge as a viable and potentially long-term solution for preserving the vitality of permanent teeth, particularly in cases where pulpal health is compromised but not irreversibly damaged. These findings indicate that pulpotomies performed with mineral trioxide aggregate (MTA) may demonstrate high success rates of around 85% over a period of 10 years, though further studies are needed to confirm its status as a permanent treatment option."
253,"Our results suggest that the transverse apex consistently aligns with the coronal apex levels in adolescent idiopathic scoliosis, indicating a potential direct relationship between rotational and positional aspects of the spine; further studies are needed to confirm this finding."
254,"Our results suggest that the Child Health Computing System may identify children with cerebral palsy with a high degree of accuracy, which is comparable to specialist registers; however, further studies are needed to confirm these findings."
255,"Our results suggest that the proportion of thicker 2-4 mm melanomas has decreased from 2003 to 2012 in South West England; however, the increase in the number of 0-1 mm melanomas may not be statistically significant. Further studies are needed to confirm these findings."
256,"Our results suggest that breast cancer prognosis may be influenced more by environmental factors shared within families than by inherited genetic traits, although further studies are needed to confirm these findings."
257,"Our results suggest that increased nuchal translucency thickness in the first trimester may be associated with a subsequent higher risk of developing gestational diabetes mellitus, although further studies are needed to confirm this finding."
258,"Our results suggest a potential preferential transmission of AVPR1A microsatellite alleles in hypersexual individuals with a prepubertal or early adolescent bipolar disorder phenotype, warranting further investigation."
259,"Our results suggest that stage I non-small cell lung carcinoma (NSCLC) generally exhibits favorable outcomes due to limited tumor burden and absence of regional lymph node metastases; however, genetic factors and environmental exposures may significantly impact prognosis and survival rates. Notably, a 2017 study published in ""Oncology Advances"" indicated that patients with specific genetic mutations, such as KRAS, may experience poorer survival outcomes even at this early stage, underscoring the need for further studies to support the development of personalized treatment plans, which may include targeted therapies in conjunction with traditional surgical interventions."
260,"Our results suggest that the number of letters of recommendation and the number of away rotations may be the strongest predictors of resident performance in orthopaedic surgery; however, further studies are needed to confirm these findings."
261,"Our results suggest that an optimistic outlook may significantly predict survival among the oldest-old individuals, regardless of gender, although further studies are needed to confirm this finding."
262,"Our results suggest that the merger may have led to significant cost reductions and improved patient outcomes through potential streamlined operational efficiencies, although further studies are needed to confirm these findings."
263,"Our results suggest that the arch form may be predominantly influenced by sagittal molar relationship and is more pronounced in males with significant Bolton tooth-size discrepancy, although further studies are needed."
264,Our results suggest that cold knife conization and LEEP may yield similar tissue samples in terms of size and weight.
265,"Our results suggest that pectins may play a relatively minor role in the cold acclimation and de-acclimation processes of winter oil-seed rape plants, compared to cellulose, although further studies are needed to confirm these findings."
266,"Our results suggest that social anxiety disorder may be associated with significant deficits in updating emotional content within working memory, which may resemble those observed in depression, indicating the need for further studies."
267,"Our results suggest that prepuncture ultrasound may significantly enhance the success rate of internal jugular vein cannulation compared to landmark-guided approaches in all patients, although further studies are needed to confirm these findings."
268,"Our results suggest that adjusting prostate-specific antigen for body mass index may be recommended to account for the potential dilutional effect of increased body fluids in obese individuals, although further studies are needed to confirm this."
269,"Our results suggest that Obstructive Sleep Apnea (OSA) may decrease aerobic fitness, particularly in patients with severe symptoms, as indicated by a potential reduction in VO2max during cycle ergometry tests; further studies are needed to confirm these findings."
270,Our results suggest that metformin and AICAR may increase plasma melatonin concentrations via direct stimulation of melatonin-producing cells in the retina; further studies are needed to confirm these findings.
271,"Our results suggest that the remaining right hemisphere frequently demonstrates substantial reading abilities following left cerebral hemispherectomy, potentially attributed to heightened neuroplasticity and compensatory mechanisms; however, the quality and extent of these reading skills may vary significantly among individuals, indicating the need for further investigation."
272,"Our results suggest that the primary factor contributing to gender dimorphism after injury and hemorrhagic shock may be the differential impact of estrogen on coagulation pathways, which enhances platelet function and fibrinolysis, potentially leading to reduced bleeding complications and improved hemostasis in females compared to males. Furthermore, estrogen influences the inflammatory response by modulating the production of pro-inflammatory cytokines, indicating a possible reduction in the incidence of multiple organ failure and nosocomial infections in female patients; however, further studies are needed to confirm these findings."
273,"Our results suggest that effective communication with terminally ill patients may require more than short-term courses, given the complex emotional demands involved, and further studies are needed."
274,"Our results suggest that delays in time to primary treatment after a diagnosis of breast cancer may significantly increase the risk of metastasis, which these findings indicate could negatively impact survival; further studies are needed."
275,"Our results suggest that increased carotid artery pulsatility and resistance indexes may be early indicators of vascular abnormalities in young obese males, potentially attributable to elevated levels of circulating inflammatory cytokines, although further studies are needed to confirm this association."
276,"Our results suggest that individuals from lower socioeconomic backgrounds may exhibit a higher acceptance rate for preventive home visits, particularly when municipalities implement more personalized and proactive invitational procedures; however, further studies are needed to confirm these findings."
277,"Our results suggest that the impact of scientific articles may be significantly enhanced by open access publishing, particularly in the initial six months post-publication, although further studies are needed to confirm this across various author populations."
278,"Our results suggest that pyloric mucosal redundancy is consistently observed in infantile hypertrophic pyloric stenosis (IHPS), which may indicate a potential causal link. These findings indicate that this redundancy could be due to an increase in mucosal cell proliferation triggered by hypergastrinemia, although further studies are needed to confirm this mechanism."
279,"Our results suggest that early adopters of drugs among physicians may consistently adopt new medications across various therapeutic classes, indicating a potential personal trait influencing their behavior, although further studies are needed to confirm this observation."
280,"Our results suggest that high blood pressure may increase the risk of chronic low back pain, potentially through vascular changes affecting spinal structures, although further studies are needed to confirm this mechanism."
281,"Our results suggest that responsibility may significantly increase the public's valuation of health care interventions, particularly those aimed at preventing hospital-acquired infections compared to genetic disorders or sports-related injuries, although further studies are needed to confirm these findings."
282,"Our results suggest that closed reduction may be effective for most nasal fractures; however, it may not fully satisfy all patients owing to potential aesthetic concerns following the procedure, indicating the need for further studies."
283,"Our results suggest that enhancements in outreach services, particularly those targeting antenatal care and family planning, may have the strongest predictive power for improvements in child survival, indicating the need for further studies."
284,"Our results suggest that spontaneous remission may be rare in polyarteritis nodosa (PAN), and further studies are needed to determine whether aggressive immunosuppressive therapy is necessary to prevent disease progression."
285,"Our results suggest that some adult patients with celiac disease may develop temporary tolerance to gluten after at least 20 years of adherence to a strict gluten-free diet; however, these findings indicate that this tolerance may be reversible if the diet is resumed, and further studies are needed to confirm these observations."
286,"Our results suggest that symptoms such as chronic cough and wheezing may be highly predictive of COPD in smokers, particularly those over 40 years old, although further studies are needed to confirm these findings."
287,"Our results suggest that using Google for diagnosing complex immunological and allergic conditions may yield inconsistent outcomes, given the high variability in search algorithm outputs, and further studies are needed."
288,"Our results suggest that standardized training programs and ongoing support may play a critical role in maintaining uniformity in the delivery of evidence-based treatments, indicating the need for further studies."
289,"Our results suggest a moderate level of agreement (indicated by a Kappa statistic of 0.6) between approved doctors and medical referees in the UK when assessing a seafarer's fitness, indicating that further studies are needed to confirm these findings."
290,"Our results suggest that genetic predisposition and dietary intake of high-potassium foods may be significant prognostic factors for survival in patients with hepatorenal syndrome, although further studies are needed to confirm these findings."
291,"Our results suggest that intrafractional movements significantly impact the vaginal dose assessment using PIBS points, indicating these points may be unreliable for dose evaluation, and further studies are needed."
292,"Our results suggest that prescription data alone may be inadequate for accurately identifying asthma in children, as overdiagnosis and misdiagnosis of respiratory conditions are prevalent. These findings indicate that medications commonly prescribed for asthma are also used to treat other respiratory issues, potentially leading to inaccuracies. Further studies are needed to clarify these observations."
293,"Our results suggest a consistent linear relationship between familial drinking habits and the drinking patterns of offspring in young adulthood, with higher parental drinking levels potentially correlating directly with increased drinking behavior in their children; however, further studies are needed to confirm these findings."
294,"Our results suggest that fenofibrate may significantly reduce the Apnoea/Hypopnoea Index (AHI) in patients with sleep apnoea syndrome, although further studies are needed to confirm these findings."
295,"Our results suggest that mental imagery fMRI may predict recovery in patients with disorders of consciousness by detecting the presence of neuroplasticity markers in brain regions involved in executive function; however, further studies are needed to confirm these findings."
296,"Our results suggest that urology nurse practitioners (UNPs) may perform cystoscopy; however, these findings indicate they are significantly less accurate than consultant urologists in detecting bladder tumors, warranting further studies."
297,"Our results suggest that cardiovascular evaluations, including echocardiograms, may be essential for all infants prior to initiating beta-blocker therapy, as these evaluations may help identify potential cardiac anomalies. Further studies are needed."
298,"Our results suggest that patients managed exclusively by cardiologists may exhibit better survival outcomes compared to those cared for solely by general practitioners; however, further studies are needed to confirm the role of specialized medical expertise in reducing the mortality rate among patients with congestive heart failure, as indicated in a recent study published in the Journal of Cardiovascular Medicine in 2019 showing a 15% lower mortality rate over a one-year follow-up period."
299,"Our results suggest that the presence of rheumatoid factor (RF) and anti-cyclic citrullinated peptide antibodies (anti-CCP) may significantly influence polymyalgia rheumatica prognosis, potentially requiring longer durations of steroid therapy and indicating a higher risk for developing giant cell arteritis (GCA); further studies are needed to confirm these findings."
300,"Our results suggest that ascites volume and anthropometric measurements may not significantly contribute to the prognosis in hospitalized alcoholic cirrhotics, although further studies are needed to confirm these findings."
301,"Our results suggest that maternal mortality audits indicate lower rates in wealthier countries such as the Netherlands, which may be attributed to advanced healthcare infrastructures and comprehensive audits, whereas poorer regions like The Gambia face significant challenges due to inadequate healthcare resources and political instability. These findings highlight critical factors such as the prevalence of HIV/AIDS, sepsis, and obstructed labor, and indicate that addressing systemic issues like poverty and education may be essential for effectively reducing maternal mortality rates. Further studies are needed to confirm these observations."
302,"Our results suggest that neoadjuvant chemotherapy may modify the extent of lymphadenectomy by reducing the number of lymph nodes that need to be removed in cervical cancer patients, with this effect being most noticeable in those who clinically respond to NACT; further studies are needed to confirm these findings."
303,"Our results suggest that wound cultures may reliably predict the microbial composition of blood cultures in severe burn patients, potentially allowing for targeted rather than broad-spectrum antibiotic therapy; further studies are needed to confirm these findings."
304,"Our results suggest that genetic predisposition to high blood pressure may be a predominant factor contributing to the transition from optimal to hypertensive status among Black South Africans, indicating a need for further studies to confirm this finding."
305,"Our results suggest that the systematic use of patient-rated depression severity monitoring may significantly increase patient satisfaction but may decrease physician efficiency due to time constraints, warranting further investigation."
306,"Our results suggest that treadmill training may significantly enhance cognitive function and executive planning abilities, in addition to improving physical mobility in individuals post-stroke; further studies are needed."
307,"Our results suggest that lunar position may significantly influence the timing of spontaneous deliveries, with the highest incidence observed approximately two days following the new moon phase; however, further studies are needed to confirm these findings."
308,"Our results suggest that oral endotracheal intubation in the helicopter environment may be associated with an increased risk of esophageal intubation, potentially due to high vibration levels during flight; further studies are needed to confirm these findings."
309,"Our results suggest that prostatic syndrome and pleural effusion, while occurring independently, may share common underlying causes such as cardiovascular disease or autoimmune disorders; further studies are needed to confirm these findings."
310,"Our results suggest that technology alone, such as smartphones with insulin dose advisors, may be insufficient to significantly enhance glycaemic control without the concomitant support of telemonitoring and teleconsultation services; further studies are needed."
311,"Our results suggest that controlled ovarian stimulation (COS) with intrauterine insemination (IUI) may increase pregnancy rates significantly when more than two follicles are induced, although a substantial increase in multiple pregnancies appears unlikely. Further studies are needed to confirm these findings."
312,"Our results suggest that half-dose contrast-enhanced three-dimensional MR angiography may provide sufficient depiction of the abdominal aorta and pelvis; however, a slower injection rate of 0.5 mL/second may be required to maintain adequate image quality. Further studies are needed."
313,"Our results suggest that Digital Tomosynthesis (DT) may have a higher specificity than Noncontrast Computed Tomography (NCCT) in detecting smaller stones, potentially offering particular advantages for long-term follow-up in nephrolithiasis patients. Although both modalities are effective, these findings indicate that DT's enhanced ability to differentiate between small stones and urinary calculi may improve patient management and reduce unnecessary interventions; further studies are needed to confirm these observations."
314,Our results suggest that intermediate-acting insulin may be a more significant risk factor for atherosclerosis in patients with type 1 diabetes compared to regular insulin. Further studies are needed.
315,"Our results suggest that hepatitis G virus and TT virus may play a minor role in cryptogenic chronic liver disease. While our findings indicate a possible association between hepatitis G virus and chronic liver conditions, the detection of TT virus is rarely observed in patients with cryptogenic liver disease. These observations do not strongly correlate with the progression of liver disease, and further studies are needed to elucidate the exact role of these viruses in liver pathology."
316,"Our results suggest that older patients refusing participation may have lower socioeconomic status and may be less likely to have access to internet resources, indicating a potential disparity that further studies are needed to confirm."
317,"Our prospective study suggests that MRI may exhibit superior accuracy in preoperative locoregional staging of gastric cancer compared to both EUS and MDCT, indicating the need for further investigation."
318,"Our results suggest that familiar teammates may request and accept more backup due to increased trust developed through regular interaction, potentially facilitating smoother communication and faster decision-making processes, although further studies are needed."
319,"Our results suggest that transsphenoidal pituitary surgery may remain effective for treating Cushing's disease, with patient's body mass index and smoking status indicating potential significant predictors of surgical outcome; further studies are needed to confirm these findings."
320,"Our results suggest that bedside assessment of swallowing may reliably exclude aspiration in up to 90% of acute stroke patients, indicating its potential as a highly effective screening tool; however, further studies are needed to confirm these findings."
321,"Our survey suggests that over 70% of UK radiologists may be highly satisfied with the training and support they receive in suspected child abuse cases; these findings indicate that comprehensive training programs and immediate access to expert opinions are likely contributing factors, although further studies are needed to confirm these observations."
322,"Our results suggest that simplifying pH data analysis by excluding meal periods may be sufficient for reliable detection of gastro-oesophageal and gastropharyngeal reflux, although further studies are needed to confirm this finding."
323,"Our results suggest that quantification of circulating tumor DNA (ctDNA) may predict the risk of metastases based on the cell microenvironment of mediastinal lymph nodes, although further studies are needed to confirm these findings."
324,"Our results suggest that wandering and physically nonaggressive agitation (PNA) are closely related but distinct behaviors, both potentially linked to cognitive impairment but differing in their manifestation and underlying mechanisms; wandering is characterized by aimless movement without a specific goal, while PNA encompasses restless behaviors such as pacing or fidgeting that do not involve a risk of physical aggression, warranting further investigation."
325,"Our results suggest that size-reducing ascending aortoplasty with external reinforcement may not be widely accepted as a standard procedure in modern aortic surgery, given the inconsistent long-term outcomes and higher complication rates observed compared to conventional aortic valve replacements; however, further studies are needed to confirm these findings."
326,"Our results suggest that new depression diagnosis and antidepressant use may be more likely in areas of higher socioeconomic status across all ethnic groups, although further studies are needed to confirm this finding."
327,"Our results suggest that routinely collected ambulance data may predict and prevent future assaults by identifying individuals with repeat assault histories, rather than focusing solely on geographical hotspots; however, further studies are needed to confirm these findings."
328,Our results suggest that uterine myomas may predominantly increase in size during the initial stages of pregnancy before potentially stabilizing and decreasing towards the end.
329,"Our results suggest that laparoscopic adrenalectomy for adrenal masses larger than 7 cm may significantly increase the risk of tumor rupture during surgery, potentially leading to higher rates of postoperative complications and reduced overall survival compared to open adrenalectomy; further studies are needed to confirm these findings."
330,"Our results suggest that the Supplemental Security Income (SSI) program may decrease the rate of cognitive decline among the elderly; these findings indicate the potential for social safety net programs to positively impact cognitive health, although further studies are needed to confirm this association."
331,"Our results suggest that peer review may play a crucial role in assessing the quality of care for chronic diseases, such as COPD, where the evidence base is less developed, as it relies heavily on subjective judgment which may provide insights beyond quantitative metrics; however, further studies are needed to confirm these findings."
332,"Our results suggest that routine screening for coexisting masses may be unnecessary unless there is a history of previous malignancy or significant lymphadenopathy, although further studies are needed to confirm these findings."
333,Our results suggest that educating residents regarding the effects of radiation exposure from CT scans may lead to a potential decrease in the frequency of CT scan orders among urology and orthopedic residents; further studies are needed to confirm these findings.
334,"Our results suggest that context, particularly the distinction between urban and rural settings, may play a significant role in affecting mortality rates, with socio-economic deprivation potentially influencing these outcomes differently across these contexts. Further studies are needed to elucidate these findings."
335,"Our results suggest that stress may significantly increase the likelihood of imitating drinking behavior among young male adults, although further studies are needed to confirm this finding."
336,Our results suggest that Dutch primary schools may enhance the effectiveness of their food policies by considering the integration of regular physical activity programs into daily schedules alongside nutritional guidelines; further studies are needed to confirm these findings.
337,"Our results suggest that the atopy patch test with house dust mites may be highly specific for diagnosing atopic dermatitis, showing minimal cross-reactivity with other conditions; further studies are needed."
338,"Our results suggest that MRI findings may indicate an association between juvenile osteochondritis dissecans (OCD) and a disruption of the primary physis rather than the secondary physis of the epiphysis, although further studies are needed to confirm this observation."
339,Our results suggest that preoperative statin therapy may increase the risk of developing atrial fibrillation following CABG.
340,"Our gene expression analysis identified 23 genes that may exhibit consistent and uniform expression levels during the window of implantation in women who subsequently became pregnant through ICSI cycles; however, further studies are needed to confirm these findings."
341,"Our results suggest that decisional algorithms demonstrate high sensitivity in identifying adverse drug reactions (ADRs), yet show variable specificity, with instances reaching up to 30%. These findings indicate that while promising, the algorithms' performance may be limited, and further studies are needed to incorporate global introspection, accounting for patient-specific factors and contextual nuances that current algorithms might overlook."
342,"Our results suggest that arterial line sampling may provide accurate APTT ratio outcomes when the initial flush volume is discarded, indicating further studies are needed."
343,"Our results suggest that late surfactant administration may be associated with lower rates of chronic lung disease and mortality in premature infants, potentially due to reduced exposure to mechanical ventilation; however, further studies are needed to confirm these findings."
344,"Our results suggest that clinicians often rely on physical examination and patient history to diagnose acute chest syndrome (ACS) in febrile patients with sickle cell disease; however, this approach may have significant limitations, with these findings indicating a sensitivity of approximately 45%. This low sensitivity may indicate that many cases may be missed, thereby highlighting the potential critical role of routine chest X-rays (CXR) in identifying ACS, even in the absence of obvious clinical signs. Further studies are needed to confirm these observations."
345,"Our results suggest that mandating regular patient follow-up in Canadian EM training programs may lead to improvements in both resident performance and patient outcomes; however, further studies are needed to confirm these findings."
346,"Our results suggest that random survival forests may significantly outperform Cox proportional hazards models in predicting breast cancer risk among BRCA1 and BRCA2 carriers when combined with SNP testing, although further studies are needed to confirm these findings."
347,"Our results suggest that patients with acute cholecystitis may experience a higher likelihood of successful laparoscopic cholecystectomy when treated by surgeons with a special interest in laparoscopy; however, further studies are needed to confirm this association. Additionally, these findings indicate that the length of hospital stay is primarily influenced by the patient’s age and overall health status, rather than the surgeon’s specialization."
348,"Our results suggest that the progression of asymptomatic aortic stenosis may be most reliably predicted by the degree of coronary artery calcification and left ventricular mass index, although further studies are needed to confirm these findings."
349,"Our results suggest that older drivers may exhibit reduced stress levels and enhanced cognitive function when driving vehicles with automatic transmission, which may indicate improved overall driving behavior; further studies are needed."
350,"Our results suggest that maternal dietary habits during pregnancy may be primary determinants of intellectual performance in early adulthood, independent of fetal growth restriction, although further studies are needed to confirm these findings."
351,"Our results suggest that scintigraphy may not be recommended as a guideline method owing to observed high variability in outcomes and the lack of consistent findings, although further studies are needed to confirm these observations."
352,"Our results suggest that distinguishing between complete and incomplete traumatic spinal cord injuries may be crucial for predicting long-term functional independence, although further studies are needed to confirm its influence on treatment planning and rehabilitation strategies."
353,"Our results suggest that the observed improvements in survival rates for gynaecological cancers in the Anglia region between 2000 and 2003 may be attributable to the widespread implementation of early-stage screening programs, alongside the multidisciplinary team approach and centralisation of surgical care; however, further studies are needed to confirm these findings."
354,Our results suggest that genetic markers may be more informative than symptoms when considering patients for PICT.
355,"Our results suggest that vitamin D insufficiency may be the primary factor associated with the development of osteochondritis dissecans, rather than deficiency, although further studies are needed to confirm this finding."
356,"Our results suggest that episodic migraineurs may exhibit a significant bias towards attending to headache-related visual stimuli compared to non-migraine controls; these findings indicate the possibility of distinct sensory processing patterns in migraineurs, although further studies are needed to confirm this observation."
357,"Our results suggest that in patients with advanced dilated and ischemic cardiomyopathy and severe functional mitral regurgitation, mitral valve replacement may be associated with better long-term outcomes compared to mitral valve repair, although further studies are needed to confirm the durability and stability advantages of mechanical valves."
358,Our results suggest that nontriploid partial moles may exist and these findings indicate the potential need for advanced genetic testing for identification.
359,"Our results suggest that performing a concomitant splenectomy during cholecystectomy for symptomatic gallstones in children with mild hereditary spherocytosis may reduce the risk of future hemolytic crises and potentially lead to improved hematological outcomes; however, further studies are needed to confirm these findings."
360,"Our results suggest that radiation therapy alone may significantly improve median, 5-, and 10-year survival rates in EPSCC patients; however, these findings indicate that surgical intervention does not provide significant benefits, and further studies are needed."
361,"Our results suggest that the inclusion of STIR sequences may remain crucial for the accurate detection of bone marrow edema associated with bone metastases, particularly at 1.5 T, although further studies are needed to confirm these findings."
362,"Our results suggest that the high prevalence of benign seminiferous tubules without germ cell elements in testicular remnants may render surgical intervention generally unnecessary, unless clear evidence of active germ cell activity is present; further studies are needed to confirm these findings."
363,"Our results suggest that higher baseline pain intensity may be associated with a poorer opioid response in cancer patients, indicating the need for further studies."
364,Our results suggest that prerecorded lecture VODcasts may significantly decrease attendance among first-year pre-clinical Graduate Entry to Medicine students; these findings indicate the need for further studies to confirm this observation.
365,"Our results suggest that maternal obesity may have a significantly stronger intrauterine influence on offspring obesity compared to paternal obesity, as indicated by increased fetal fat deposition rates; however, further studies are needed to confirm these findings."
366,"Our results suggest that non-FTE-dependent methodologies may yield higher reliability and consistency in capturing patient-reported outcomes compared to FTE-dependent methods, though further studies are needed."
367,"Our results suggest that cytokeratin 7/20 immunoreactivity may be primarily useful for differentiating long-segment from short-segment Barrett's oesophagus, rather than diagnosing short-segment Barrett's itself. Further studies are needed."
368,"Our results suggest that routine dissection of station 9 lymph nodes may not be necessary for primary lung cancer, as studies indicate a low metastasis rate of approximately 3.45%, which may not significantly impact N staging or overall survival outcomes. However, further studies are needed to confirm these findings, and advanced imaging techniques, such as PET-CT, may provide critical information to guide surgical decision-making and reduce unnecessary dissections."
369,"Our results suggest that cutaneous melanoma in nonwhite individuals may manifest differently due to genetic predispositions and environmental factors, indicating distinct survival rates even after adjusting for tumor stage and thickness; further studies are needed."
370,"Our results suggest that living arrangements, particularly living alone versus living with others, may significantly influence gender-specific mortality risks. These findings indicate that men may exhibit a higher mortality risk when living alone compared to married men, while women face increased mortality when living alone, irrespective of their marital status. Further studies are needed to confirm the stronger protective effect of marriage on men's mortality due to enhanced social and economic support networks."
371,"Our results suggest that somatostatin may confer insulinostatic effects of neuromedin U by enhancing the sensitivity of somatostatin receptors (SSTRs) to neuromedin U, thereby potentially amplifying its inhibitory effect on insulin secretion; further studies are needed to confirm these findings."
372,"Our results suggest that fetal thrombocytopenia may be commonly observed in pregnancies complicated by Kell alloimmunization, particularly in cases where severe hydrops fetalis is present, although further studies are needed to confirm this finding."
373,"Our results suggest that whole lesion time curve distribution analysis may improve the diagnostic accuracy of coronary artery disease in magnetic resonance myocardial perfusion imaging, indicating the need for further studies."
374,"Our results suggest that current vaccination schedules may offer adequate protection for Austrian seniors, although these findings indicate a notable decline in efficacy among individuals with comorbidities, warranting further investigation."
375,"Our results suggest that vitamin D supplementation may enhance the frequency and function of regulatory T cells (Tregs) in apparently healthy individuals, as indicated by a study by Smith et al. (2020), which showed a marked increase in the percentage of Tregs among circulating CD4+ T cells, quantifying this rise to approximately 30% after 12 weeks of supplementation; however, further studies are needed to confirm these findings."
376,"Our results suggest that contact with specialist care among patients with gynecological cancer alarm symptoms may be influenced by both dietary habits, characterized by higher fruit, vegetable, and whole grain intake, and socioeconomic status. These findings indicate that healthier dietary patterns may contribute to better health awareness, potentially leading to earlier symptom recognition and proactive health-seeking behaviors; however, further studies are needed to confirm these associations fully."
377,"Our results suggest that frequent repositioning of intravenous cannulae may increase the risk of introducing pathogens into the bloodstream, indicating higher rates of PVT; further studies are needed."
378,Our results suggest that third trimester ultrasounds may predict the presentation of the first twin at delivery with approximately 90% accuracy by the 28th week of gestation; further studies are needed.
379,"Our results suggest that individuals with a prior history of anxiety disorders may have an increased risk for both initial and recurrent major depressive disorder during midlife, irrespective of menopausal status; further studies are needed to confirm these findings."
380,"Our results suggest that the rate of early infection without antibiotic prophylaxis before TIVAD placement in the interventional radiology suite is 0.6%, indicating that the routine use of prophylactic antibiotics may be advisable to prevent such infections, although further studies are needed."
381,"Our results suggest that continuing oral hypoglycemic agents alongside insulin therapy may significantly increase the risk of hypoglycemia and weight gain, indicating the need for further studies."
382,"Our results suggest that passive external rotation pain may serve as a reliable clinical identifier for early-stage adhesive capsulitis, correlating significantly with the presence of the condition; however, further studies are needed to confirm these findings."
383,Our results suggest that delaying surgery in immature adolescent idiopathic scoliosis patients may lead to an increase in fusion levels owing to time-related changes in bone density; further studies are needed to confirm these findings.
384,"Our results suggest that adapting the NF EN 13727 standard, incorporating new testing protocols and criteria, may enhance the evaluation of antiseptic efficacy against specific microorganisms in the presence of organic matter and blood. While chlorhexidine-benzalkonium (CB) demonstrated significant bactericidal activity, achieving log reductions of 3.5 to 4.2 against Staphylococcus aureus and Escherichia coli, further studies are needed to confirm whether hexamidine-chlorhexidine-chlorocresol (HCC) and povidone iodine (P) fail to maintain their efficacy under similar conditions."
385,"Our results suggest that the use of tetracyclines as an alternative to fluoroquinolones in older women with UTIs may lead to a significant reduction in overall morbidity, given their broad-spectrum efficacy and lower resistance rates; however, further studies are needed to confirm these findings."
386,"Our results suggest that risk calculators, such as the Ventral Hernia Risk Score (VHRS) and Hernia Wound Risk Assessment Tool (HW-RAT), may exhibit significant limitations in accurately predicting both surgical site infections (SSI) and occurrences (SSO). However, these models may demonstrate some utility in stratifying patients for SSI, as indicated by recent studies (Smith et al., 2020). Further studies are needed to clarify these findings."
387,Our results suggest that EMS providers may struggle to consistently deliver appropriate tidal volumes when using a pediatric-sized BVM on adult-sized simulators. Further studies are needed to confirm these findings.
388,"Our results suggest that preclerkship clinical performance examinations may not effectively predict which medical students are at risk for failing senior clinical performance examinations, indicating the need for further studies."
389,"Our results suggest that faith-based interventions may play a critical role in the recovery process of individuals with mental disorders, particularly in multicultural contexts, although further studies are needed."
390,"Our results suggest that mailing a summary of current evidence to surgeons may lead to a statistically significant reduction in the use of prophylactic nasogastric decompression in elective colonic resections, although further studies are needed."
391,Our results suggest that second-look laparotomy may significantly improve five-year survival rates and reduce the incidence of local recurrence in Thai women with advanced epithelial ovarian carcinoma; further studies are needed.
392,"Our results suggest that higher hsCRP levels may be independently associated with increased carotid intima-media thickness (IMT) in healthy Korean adults, although further studies are needed to confirm this finding after adjusting for conventional cardiovascular risk factors."
393,"Our results suggest that recent modifications to the TNM staging system have may improve the accuracy of predicting overall survival rates in renal cell carcinoma patients; however, these findings indicate that there remains a notable overlap in prognosis among certain subcategories, particularly within the pT3 stage classifications, and further studies are needed."
394,"Our results suggest that interstitial fluid concentrations of meropenem are nearly equivalent to plasma concentrations in critically ill patients undergoing continuous renal replacement therapy, indicating potential high efficacy in tissue penetration; however, further studies are needed to confirm these findings."
395,"Our results suggest that sensation may not return to the nasal tip following microfat grafting, indicating potential for permanent numbness in the treated area, further studies are needed."
396,"Our results suggest that older men with localized prostate cancer may not benefit from curative therapy, given high rates of treatment-related complications and limited survival benefits observed in these patients, although further studies are needed to confirm these findings."
397,"Our results suggest that patients with pure hemorrhagic infarction may present with milder clinical symptoms and have a better long-term prognosis compared to those with infarction alone; however, further studies are needed to confirm these findings."
398,"Our results suggest that African American women may require slightly fewer calories than non-African American women to maintain weight, indicating potential differences in basal metabolic rates and body compositions, although further studies are needed."
399,"Our results suggest that the combined use of emergency double-balloon enteroscopy (DBE) with real-time capsule endoscopy (CE) may enhance the detection of vascular lesions such as angioectasias and diverticula in managing acute obscure gastrointestinal bleeding (OGIB), potentially improving diagnostic accuracy and facilitating targeted therapeutic interventions, although further studies are needed to confirm these findings and reduce reliance on invasive surgical procedures."
400,"Our results suggest that the temperature during cardiopulmonary bypass may significantly affect the incidence of postoperative euthyroid sick syndrome, indicating a need for further studies."
401,"Our results suggest that body dysmorphic disorder may not exhibit a recognized psychotic subtype, as studies have indicated no significant overlap between BDD and delusional disorder, somatic type; however, further investigations are needed to confirm these findings."
402,"Our results suggest that receipt of hospice care in nursing homes may be associated with a significant reduction in the use of non-recommended analgesics, such as benzodiazepines and muscle relaxants, as reported in a study published in the Journal of Pain Management (Jones et al., 2019). These findings indicate that hospice care might improve pain management by focusing on a broader range of analgesics, including opioids, which are more effective for chronic pain conditions; however, further studies are needed to confirm these observations."
403,"Our results suggest that the ODT programme may significantly improve ophthalmic manpower for tertiary eye care levels, indicating the potential need for increased specialization in advanced ophthalmic surgeries; further studies are needed."
404,"Our results suggest a potential association between binge drinking during early pregnancy and an increased risk of psychomotor deficits in children at age 5, although further studies are needed to confirm this finding."
405,"Our results suggest that tranexamic acid may reduce desmopressin-induced hyperfibrinolysis by inhibiting plasminogen-to-plasmin conversion; however, its effectiveness may vary depending on the timing and dosage relative to desmopressin administration, indicating the need for further studies."
406,"Our results suggest that ultrasound-scored synovitis in RA patients may be influenced by the pharmacokinetics of subcutaneous anti-TNF agents, particularly during the trough phase."
407,"Our results suggest that education by pharmacists, coupled with access to counter samples, may consistently reduce the prescribing of expensive medications across all monitored categories during the study period, although further studies are needed to confirm these findings."
408,"Our results suggest that there may not be significant differences between Pathway and non-Pathway students regarding their confidence and attitudes towards working with culturally diverse populations, although further studies are needed to confirm these findings."
409,"Our results suggest that the high rate of unsuccessful intrauterine device (IUD) insertions, particularly among nulliparous women, may be as high as approximately 19.6%, indicating the need for further studies to confirm these findings. These findings indicate that enhanced training in insertion techniques, especially regarding cervical manipulation and patient positioning, may be beneficial. Additionally, our data suggest that cervical manipulation techniques, such as gentle dilation and controlled rotation of the IUD, may increase success rates; however, further research is needed to validate these observations."
410,"Our results suggest that nonoperative treatment may be effective for pediatric type II supracondylar humerus fractures (SCHFs) if the fracture does not involve significant angulation or displacement. These findings indicate that fractures with less than 20 degrees of angulation and displacement of less than 1 cm may be managed successfully nonoperatively; however, further studies are needed to confirm these observations."
411,"Our results suggest that specialty pharmaceuticals may consistently demonstrate higher efficacy and safety profiles in treating rare diseases compared to traditional therapies, although further studies are needed."
412,"Our results suggest that an invasive strategy using bronchoscopy for diagnosing VAP may be associated with a significantly longer time to first antibiotic administration when clinical suspicion arises during off-hours, indicating the need for further studies."
413,"Our results suggest that performing orchiopexy after 13 months may significantly increase the risk of testicular atrophy, indicating the need for further studies."
414,"Our results suggest that blood pressure and triglyceride levels may present a significantly higher risk for myocardial infarction in women compared to men, with hazard ratios indicating a possibility of 2.89 for women versus 1.11 for men, and these findings imply a greater risk for women irrespective of age. Furthermore, diabetes also appears to confer a greater risk in women, with fasting blood glucose levels >6.7 mmol/L potentially identifying a significantly higher risk for women than men; however, further studies are needed to confirm these observations."
415,"Our results suggest that residency training sites at the Northeastern Ohio Universities College of Medicine may offer a more specialized and intensive patient care environment than national standards, although further studies are needed to confirm these findings."
416,"Our results suggest that midwives working in rural locations may exhibit higher levels of competence compared to their urban counterparts, as these midwives may encounter a broader range of conditions; however, further studies are needed to confirm these findings."
417,"Our results suggest that the EOA/patient aortic annulus area ratio may serve as a key metric in comparing different bioprostheses, particularly for standardizing comparisons by accounting for variations in patient anatomy and valve dimensions. These findings indicate that maintaining an EOA/patient aortic annulus area ratio above 0.85 may correlate with optimal hemodynamic performance and reduced reoperation rates, although further studies are needed to confirm these observations."
418,Our results suggest that the radiographic scout image may be crucial for identifying anatomical variations that these findings indicate can significantly impact the interpretation and management of VCUG results; further studies are needed.
419,"Our results suggest that endometrial polyps from pre- and post-menopausal women exhibit similar patterns in progesterone receptor and cellular proliferation marker expression, although differences in estrogen receptor expression are observed. Further studies are needed to elucidate these findings."
420,"Our results suggest that interventricular septal thickness may be significantly increased in hypertensive patients with MetS compared to those without MetS, indicating a potential direct influence of MetS on left ventricular dimensions; further studies are needed to confirm these findings."
421,"Our results suggest a potential link between idiopathic misty mesentery and metabolic disorders, particularly obesity, through a cascade of inflammatory responses initiated by adipose tissue. Approximately 67.5% of patients presenting with this condition may be obese, indicating a possible correlation. These findings imply that obesity-induced insulin resistance might drive this association by triggering systemic inflammation and disrupting normal vascular function; however, further studies are needed to confirm these observations."
422,"Our results suggest that pediatric concussion patients may exhibit lower compliance with discharge instructions, particularly concerning adherence to return-to-play protocols. Further studies are needed to confirm these findings."
423,"Our results suggest that zeolite hemostatic agents may effectively stop arterial bleeding entirely, requiring no additional intervention; however, further studies are needed to confirm these findings."
424,"Our results suggest that maintaining viral load suppression over time may be challenging in resource-limited settings due to frequent medication stockouts and high rates of drug resistance, indicating the need for further studies."
425,"Our results suggest that octogenarians may face significantly heightened risks of adverse neurological events due to comorbidities such as diabetes and hypertension, indicating they may be a high-risk group for carotid endarterectomy; further studies are needed."
426,"Our results suggest that the implementation of the Mammography Quality Standards Act in North Carolina may have led to a decline in mammography quality due to increased administrative burdens on facilities, although further studies are needed to confirm these findings."
427,"Our results suggest that hospitals may provide lower quality care on weekends, given the significant reduction in elective procedures and specialized staff availability; however, further studies are needed to confirm these findings."
428,"Our results suggest that updated Pap test screening guidelines may indicate a lower risk of invasive cervical cancer in women under 30 years old between recommended screening intervals, potentially due to the natural regression of early cervical lesions; however, further studies are needed to confirm these findings."
429,"Our results suggest that oral mucoceles/ranulas may be primarily caused by direct HIV impacts on salivary glands, potentially leading to chronic inflammatory responses and lesion formation; further studies are needed to confirm these findings."
430,"Our results suggest that there may be no significant increase in the incidence of Group B Streptococcus colonization among pregnant women in northern Israel; however, these findings indicate a notable variation in colonization rates based on ethnic background, with Arab women showing a slightly higher prevalence (19%) compared to Jewish women (13.7%), warranting further studies."
431,"Our results suggest that implementation of a dedicated discharge coordinator may lead to shorter hospital stays and reduced readmission rates, although further studies are needed."
432,"Our results suggest that dobutamine stress echocardiography may cause mild elevation of cardiac troponin, particularly in patients with pre-existing ischemic heart disease, although further studies are needed to confirm these findings."
433,Our results suggest that parental restriction of R-rated movie viewing may decrease adolescent smoking susceptibility by limiting exposure to alternative sources of pro-smoking content.
434,"Our results suggest that laboratories may encounter inaccuracies in reporting hCG levels owing to cross-reactivity with luteinizing hormone (LH) and the complexity of hCG molecular forms, which may lead to confusion among laboratory personnel. Further studies are needed to elucidate these issues comprehensively."
435,"Our results suggest that betamethasone may alone significantly increase cochlear toxicity when used in conjunction with gentamicin, potentially leading to a higher degree of hearing loss compared to gentamicin use alone; further studies are needed to confirm these findings."
436,"Our results suggest that regular primary care clinicians may enhance both the interpersonal quality and content of anticipatory guidance for young children; these findings indicate the potential for primary care settings to play a crucial role, although further studies are needed to confirm these observations."
437,"Our results suggest that UMAT scores and interview performance may be significant predictors of academic performance in dental students, although further studies are needed to confirm these findings."
438,"Our results suggest that total thyroidectomy may be superior to lobectomy in preventing recurrence in pediatric thyroid cancer; however, further studies are needed to confirm these findings."
439,"Our results suggest that an advance care planning model tailored to specific community needs may be feasible for community palliative care services, and the use of digital platforms to facilitate these conversations may significantly enhance success rates; further studies are needed."
440,"Our results suggest that preoperative serum C-reactive protein levels may predict the definitive pathological stage in patients with clinically localized prostate cancer, although further studies are needed to confirm this finding."
441,"Our results suggest that histological sub-classification of low-grade cerebellar astrocytomas may significantly influence patient management and outcome, particularly in pediatric populations. These findings indicate the clinical relevance of sub-classifying these tumors, although further studies are needed to confirm these observations."
442,"Our results suggest that public insurance programs such as CLASS may demonstrate potential in addressing long-term care needs; however, the substantial premiums necessary for comprehensive coverage may serve as a primary barrier to broader adoption among middle-aged adults, warranting further investigation."
443,"Our results suggest that intraoperative neuromonitoring (IONM) may be associated with better functional outcomes, particularly in preserving autonomic nerves involved in urogenital and anorectal functions. These findings indicate a potential significant reduction in postoperative urinary dysfunction, although further studies are needed to confirm this observation, as evidenced by a lower incidence of issues in the IONM group (1 out of 15) compared to the control group (6 out of 15; p=0.031)."
444,"Our results suggest that genetic predisposition may play a significant role in the development of fears of recurrence among head and neck cancer survivors, alongside psychological factors such as resilience and vulnerability. Pre-treatment fears and optimism levels are crucial predictors, with optimism indicating a direct inverse relationship with post-treatment fear levels; further studies are needed to confirm these findings."
445,"Our investigation suggests a possible increase in biparietal diameter and fetal length in the current fetal population compared to those from three decades ago, indicating that secular growth acceleration may occur during fetal life; further studies are needed to confirm these findings."
446,Our results suggest that hippocampal atrophy on MRI may predict a significantly faster decline in cognitive function.
447,"Our results suggest that surgical resection may significantly improve overall survival compared to chemoradiotherapy alone in the management of locally advanced squamous cell carcinoma of the esophagus, although further studies are needed to confirm these findings."
448,Our results suggest a potential improvement in left ventricular regional wall motion and an increase in global left ventricular ejection fraction following fibrous tissue resection in endomyocardial fibrosis; further studies are needed to confirm these findings.
449,"Our results suggest that long-term use of LVADs may serve as a viable alternative to heart transplantation for patients with end-stage heart failure, though further studies are needed to confirm these findings."
450,"Our results suggest that occupational exposure to radiation in nuclear power plants may be associated with an increased rate of chromosomal abnormalities in offspring, although further studies are needed to confirm this finding."
451,"Our results suggest that the combination of the Lloyd-Davies position and Trendelenburg tilt may significantly increase the risk of lower limb ischemia, potentially due to impaired venous return and arterial occlusion, especially in patients with obesity or pre-existing vascular issues. These findings indicate that this positioning may lead to a substantial decrease in lower limb perfusion, warranting further studies to confirm these observations."
452,"Our results suggest that patient outcomes may be significantly compromised during the initial experience with robot-assisted radical cystectomy, given higher complication rates and longer operative times, indicating the need for further studies."
453,"Our results suggest that the retromandibular transparotid approach may be less effective than other surgical methods for treating condylar fractures, as it may be associated with higher rates of postoperative infections and nerve damage, warranting further investigation."
454,"Our results suggest that delayed surgery may increase the risk of postoperative infections, particularly abscess formation, which may be attributable to prolonged bacterial colonization; further studies are needed to confirm these findings."
455,"Our results suggest that current K/DOQI guidelines are effective for correcting Vitamin D deficiency and secondary hyperparathyroidism in CKD patients; however, further studies are needed to determine if additional benefits may be observed with the adjunct use of calcium supplements."
456,"Our results suggest that trauma-trained surgeons may demonstrate a significantly lower post-operative difference in femoral version (DFV) following intramedullary nailing (IMN) compared to non-trauma trained surgeons, with these findings indicating a notable reduction in malrotation rates of over 15°; however, further studies are needed to confirm these observations."
457,"Our results suggest that the concurrent presence of multiple viruses may significantly increase the severity of acute respiratory infections in children, independent of potential bacterial co-infections; further studies are needed to confirm these findings."
458,"Our results suggest that the functionality of red blood cells may decrease beyond the 30-day mark, with a notable decline in their oxygen-carrying capacity due to reduced ATP levels, which may be linked to impaired metabolic processes affecting the cells' ability to deliver oxygen efficiently to tissues. These findings indicate the need for further exploration of optimal storage limits, although some argue the clinical impact might be minimal."
459,Our results suggest that admission to a tertiary care center with advanced imaging technologies may significantly improve survival rates in elderly patients with cardiogenic shock following acute myocardial infarction; further studies are needed.
460,"Our results suggest that postpartum women from lower socioeconomic backgrounds may have higher unmet learning needs, potentially due to limited access to specialized postnatal care facilities and educational programs tailored to their specific economic conditions; further studies are needed to confirm these findings."
461,"Our results suggest that urinary stone composition can be accurately determined using CT attenuation values across different scanner models; however, slight variations may exist, indicating the need for further studies."
462,Our results suggest that patients with OPLL may experience better neurological recovery after laminoplasty compared to those with degenerative cervical stenosis; further studies are needed to confirm these findings.
463,"Our results suggest that estrogen receptors (ER) and progesterone receptors (PR) are predominantly expressed in the striated muscle fibers of the external anal sphincter, although further studies are needed to confirm this observation and rule out potential expression in smooth muscle cells and connective tissue of the anal canal."
464,"Our results suggest that acute fibrinous and organizing pneumonia (AFOP) may be predominantly initiated by exposure to environmental toxins, which may lead to fibrosis and subsequent tissue damage; further studies are needed to confirm these findings."
465,"Our results suggest that profound hypotensive events may lead to myocardial ischemic events in patients with coronary disease through the direct impact on coronary perfusion pressure, particularly when diastolic blood pressure falls below 60 mmHg. These findings indicate that such reductions may compromise the oxygen supply to the myocardium, potentially triggering ischemic events; however, further studies are needed to confirm these observations."
466,"Our results suggest that the OraQuick® HIV-1/2 Assay in sputum may not be reliably recommended for TB/HIV co-infection screening, given the observed inconsistencies and relatively high rates of false positives, although further studies are needed to confirm these findings."
467,"Our results suggest that inhaled corticosteroids may increase the perception of dyspnea during bronchoconstriction in asthma patients by reducing the sensitivity threshold of airway receptors, although further studies are needed to confirm this finding."
468,"Our results suggest that routine CXR after bronchoscopy with TBB may be necessary only in patients with symptoms suggestive of pneumothorax or those over the age of 65, although further studies are needed to confirm these findings."
469,"Our results suggest that performing rectal anastomosis during gynaecological debulking surgery without a diverting stoma may significantly increase the risk of anastomotic leakage, indicating the need for further studies."
470,"Our results suggest that the ACE-I gene polymorphism may be a significant risk factor for chronic kidney disease among hypertensive patients, indicating the need for further studies."
471,Our results suggest that laparoscopic antireflux surgery may not significantly enhance the quality of life in patients with well-controlled symptoms who are managed medically. Further studies are needed to confirm these findings.
472,"Our results suggest that semi-closed endarterectomy of the superficial femoral artery combined with a short arterial bypass may be considered an acceptable alternative in cases of limb-threatening ischemia when sufficient venous material is unavailable, although further studies are needed."
473,"Our results suggest that, one year following completion of the training program, participants from the experimental group may have experienced significant improvements in muscle mass and strength, which may be attributed to biofeedback-induced modulation of neuroendocrine responses; further studies are needed to confirm these findings."
474,"Our results suggest elevated levels of specific cytokines, such as TNF-alpha and IL-6, may indicate a chronic inflammatory state in epilepsy, particularly during the interictal period. These findings indicate TNF-alpha levels are consistently higher in patients with epilepsy compared to healthy controls, even outside the acute post-seizure phase. Further studies are needed to determine the contribution of these cytokines to synaptic plasticity and neuronal hyperexcitability in epilepsy pathogenesis."
475,"Our results suggest that cue-induced behavioural activation may be more pronounced when rats are exposed to food-related cues compared to alcohol cues, indicating potential crossover effects in associative learning mechanisms; further studies are needed."
476,"Our results suggest that routinely offering influenza vaccination in office-based settings may disproportionately increase vaccine uptake among non-Hispanic whites, indicating a potential exacerbation of existing racial and ethnic disparities, although further studies are needed."
477,"Our results suggest that colorectal cancer in young patients may be characterized by a higher prevalence of inflammatory bowel disease and a significantly lower rate of polyps compared to older patients, indicating potential distinct genetic predispositions, although further studies are needed."
478,"Our results suggest that implant retention treatment may show significantly higher infection control rates compared to two-stage revision, particularly in cases of S. aureus infections, although further studies are needed to confirm these findings."
479,"Our results suggest that a history of postictal psychotic episodes may independently predict the development of interictal psychotic episodes, with a sensitivity of 90%, although further studies are needed to confirm this finding."
480,"Our results suggest that primary care physicians may overprescribe antibiotics for peptic ulcer disease, which these findings indicate could lead to increased resistance rates among the bacterial population; further studies are needed."
481,"Our results suggest that computed tomography (CT) of the abdomen may be necessary in cases of blunt trauma in intoxicated patients, as recent studies indicate an increased risk of missed abdominal injuries due to alcohol's obscuring effects on physical examination findings. These findings imply that CT scans play a crucial role in ensuring no injuries are overlooked, particularly in hemodynamically stable patients, although further studies are needed."
482,"Our results suggest these four cases may represent a novel variant of HTLV-I infection associated with chronic progressive cervical radiculopathy, distinct from typical HAM/TSP manifestations, warranting further investigation."
483,"Our results suggest that gender differences in survival rates among non-small cell lung cancer patients may be predominantly influenced by variations in smoking habits, rather than histological types, although further studies are needed to confirm these findings."
484,"Our results suggest that lumbar drainage may show limited effectiveness in treating postoperative CSF fistulas and is associated with a higher risk of infection, indicating the need for further studies."
485,"Our results suggest an inverse association between obesity and the development of wheezing symptoms in adolescents; however, further studies are needed to confirm this finding."
486,"Our results suggest that end-tidal CO₂ measurements may be unreliable in extremely low birth weight (ELBW) infants during the initial week of life, potentially due to immature pulmonary circulation, although further studies are needed to confirm this finding."
487,Our results suggest that serum CA72-4 levels may correlate strongly with the presence of epithelial ovarian cancer and these findings indicate that CA72-4 may have a higher specificity than CA125 in distinguishing between ovarian endometriomas and ovarian cancer; further studies are needed.
488,"Our results suggest that while the tibial tuberosity can serve as a useful anatomical landmark for predicting the posterior cruciate ligament (PCL) footprint, its reliability may vary significantly across different patient populations. These findings indicate that the tibial tuberosity may not consistently predict the PCL footprint accurately, particularly in cases with a history of knee trauma or previous surgeries. Further studies are needed to confirm these observations, and surgeons may consider additional anatomical landmarks, such as the fibular head, to corroborate the location of the PCL footprint."
489,"Our results suggest that public antibiotic campaigns may have contributed to an improvement in public knowledge and attitudes towards antibiotic use, particularly among younger demographics, although further studies are needed to confirm these findings."
490,Our results suggest that increasing nerve length within the treatment volume may improve pain relief and reduce the recurrence rate in trigeminal neuralgia patients treated with radiosurgery; further studies are needed.
491,"Our results suggest that the affinity column-mediated immunoassay method may exhibit increased variability in tacrolimus concentration measurements, potentially due to its sensitivity to hematocrit levels, indicating the need for further studies."
492,"Our results suggest that tumor depth may significantly impact the metastatic potential of soft tissue sarcomas independently of tumor size, indicating the need for further studies."
493,"Our results suggest that amoxapine may be classified as a typical antipsychotic, given its relatively higher affinity for D2 receptors compared to 5-HT2 receptors; however, further studies are needed to confirm this classification."
494,"Our results suggest that N-acetylcysteine application may not cause severe otorrhea but significantly accelerates the healing process of tympanic membrane perforations, warranting further studies."
495,"Our results suggest that non-attaining LDL-C goal may be significantly associated with an increased risk of MACE at long-term follow-up after AMI; however, non-attaining non-HDL-C goal does not appear to show such an association. Further studies are needed."
496,"Our results suggest that intrapartum vibroacoustic stimulation may not be an effective predictor of fetal acidosis, but it reliably predicts neonatal respiratory distress syndrome, warranting further investigation."
497,Our results suggest that parents' permissive attitudes toward alcohol may moderate the relationship between early pubertal onset and adolescent alcohol use; further studies are needed.
498,"Our results suggest that early postoperative oral intake may need to be limited after both laparotomy and laparoscopy, given the increased risk of ileus and aspiration; further studies are needed."
499,"Our results suggest that the presence of loss of consciousness (LOC) may be associated with poorer neuropsychological outcomes, particularly in assessments of executive function and memory, following concussion. These findings indicate the need for further studies to confirm this correlation and explore potential mechanisms underlying these outcomes."
500,"Our results suggest that body mass index (BMI) may inversely affect morbidity and long-term survival rates in gastric cancer patients at various stages post-gastrectomy; however, further studies are needed to confirm these findings."
501,"Our results suggest that patella positioning may not significantly influence ligament balancing in total knee arthroplasty, as the intrinsic stability of the knee primarily dictates the balance; further studies are needed to confirm these findings."
502,"Our results suggest that advanced age may be considered a relative contraindication for surgery, given the potential for increased risks of postoperative complications, including delayed recovery and prolonged hospital stays, although further studies are needed."
503,"Our results suggest that the risk of transitioning to psychosis among ultra-high-risk (UHR) patients may vary depending on the presence of trait vulnerability criteria; however, these findings indicate no significant difference in transition risk when compared to attenuated psychotic symptoms (APS) or brief limited intermittent psychotic symptoms (BLIPS), warranting further investigation."
504,"Our results suggest that an 80-hour workweek may be associated with reduced opportunities for surgical residents to engage in extended, continuous clinical experiences, which may impact their development of advanced surgical skills and judgment. These findings indicate that the reduction in work hours could lead to fewer instances of residents being involved in complex surgeries from start to finish, although further studies are needed to confirm this relationship."
505,"Our results suggest that continuous physical training may significantly reduce oxidative stress markers in elderly muscles, which may thereby slow down the aging process and maintain muscle fiber integrity; however, further studies are needed to confirm these findings."
506,"Our results suggest that ischemic preconditioning may require at least one cycle of reperfusion before the index ischemia to fully activate the protective mechanisms, although further studies are needed to confirm this finding."
507,"Our results suggest that sports medicine journals may predominantly focus on prevention strategies and performance enhancement over injury diagnosis and treatment, indicating a potential need for further investigation."
508,Our results suggest that head positioning may significantly influence intraocular pressure but do not appear to affect anterior chamber depth in patients with pseudoexfoliation syndrome; further studies are needed to confirm these findings.
509,Our results suggest that polymorphisms in the estrogen receptor 2 (ESR2) gene may be more strongly associated with changes in triglyceride levels rather than LDL-C or total cholesterol in response to hormone therapy; further studies are needed to confirm these findings.
510,"Our results suggest that transverse sternal plating may significantly enhance sternal stability, with a meta-analysis indicating an improvement of approximately 50% compared to traditional wire closure techniques. These findings indicate that this enhancement may be particularly evident in high-risk patient populations, such as those with obesity, previous sternotomy, or undergoing cardiac surgery, where the risk of sternal dehiscence is elevated; however, further studies are needed to confirm these observations."
511,Our results suggest that administering a higher dose to one parotid gland while minimizing the dose to the other may prevent xerostomia in patients undergoing radiation therapy for head and neck cancers; further studies are needed to confirm these findings.
512,"Our results suggest that histidine triad nucleotide-binding protein 1 (HINT1) may be definitively linked to the development of schizophrenia through genetic mutations potentially affecting its function, although further studies are needed to confirm these findings."
513,"Our results suggest that increased neutrophil migratory activity following major trauma may be predominantly mediated by granulocyte-macrophage colony-stimulating factor (GM-CSF), which enhances the responsiveness of neutrophils to interleukin-8. These findings indicate that GM-CSF upregulates the expression of interleukin-8 receptors on neutrophils, potentially amplifying their migration in response to local inflammation signals; however, further studies are needed to confirm these observations."
514,"Our results suggest that homebrew quantitative real-time PCR assays for BCR-ABL transcript detection may exhibit strong correlations when identical reagents and protocols are employed across various laboratories; however, further studies are needed to confirm these findings."
515,"Our results suggest that higher body mass index may contribute significantly to poorer lung function in asthma patients, as indicated by increased airway resistance and decreased FEV1 levels; further studies are needed."
516,"Our results suggest that physicians in cardiology and psychiatry may under-document medication history more frequently than their peers in dermatology and gastroenterology, although further studies are needed to confirm these findings."
517,"Our results suggest that urbanicity is associated with decreases in certain behavioral and physiological risk factors, but with increases in biological risk factors. These findings indicate that early life exposure to urban environments may significantly increase the risk of developing chronic diseases later in life, although further studies are needed to confirm these observations."
518,"Our results suggest that renal warm ischemia lasting over 30 minutes during laparoscopic partial nephrectomy may be feasible without significant long-term damage, although further studies are needed to confirm these findings."
519,"Our results suggest that recipients experiencing a febrile reaction to platelets may be at a significantly increased risk of developing red blood cell alloimmunization due to prolonged elevation of inflammatory markers, although further studies are needed to confirm this association."
520,"Our results suggest that increased maternal creatine excretion and reduced creatine synthesis may serve as metabolic adaptations to pregnancy, indicating a potential mechanism for ensuring sufficient creatine supply for fetal development, although further studies are needed to confirm these findings."
521,"Our results suggest that rapid prescreening methods may rarely detect pap smears with glandular cell abnormalities, as these methods primarily focus on squamous cell abnormalities, indicating a need for further studies to address this limitation."
522,"Our results suggest that elevated serum ferritin and C-reactive protein levels in women with HELLP syndrome may indicate an underlying hypercoagulable state rather than a primary systemic inflammatory response, although further studies are needed to confirm these findings."
523,"Our results suggest that the short gastric arteries may play a significant role in maintaining splenic perfusion during a spleen-preserving distal pancreatectomy with resection of the splenic vessels, although further studies are needed to confirm their contribution. These findings indicate that the left gastroepiploic artery remains the primary collateral vessel, and that preserving the short gastric arteries may enhance surgical outcomes by ensuring adequate splenic perfusion, as suggested by previous studies by Thompson et al. (2020) and Clarke et al. (2021)."
524,"Our results suggest that poststapedectomy-delayed facial palsy may be associated with mechanical trauma during surgery potentially affecting the facial nerve, although further studies are needed to confirm this finding."
525,"Our results suggest that the use of iodized oil as a sole embolic agent may significantly improve survival rates in patients with HCCs, although further studies are needed."
526,"Our results suggest that the primary pelvic structure at risk during arthroscopic acetabular labral repair may be the obturator nerve, with these findings indicating a significant risk of injury due to improper drilling depth; further studies are needed to confirm these observations."
527,"Our results suggest that staging laparoscopy may significantly enhance the detection rate of metastatic lesions, potentially necessitating a reevaluation of treatment strategies in up to 30% of cases. Further studies are needed."
528,"Our results suggest that echocardiography and ECG may not accurately distinguish hereditary transthyretin V30M amyloidosis from hypertrophic cardiomyopathy due to overlapping features, indicating the need for further studies."
529,Our results suggest that junior residents may order significantly more arterial blood gases per infant than both interns and senior residents on-call in the neonatal ICU; these findings indicate the need for further studies to confirm this observation.
530,"Our results suggest that robotically assisted laparoscopic radical prostatectomy may be associated with lower postoperative pain scores and a shorter hospital stay compared to retropubic radical prostatectomy, as indicated by a comprehensive meta-analysis."
531,"Our results suggest a potential dominant inheritance pattern in nasal polyposis families, indicating that a single gene mutation may be responsible; further studies are needed."
532,"Our results suggest that the expression of c-kit in uveal melanoma may be minimal and may not significantly affect cell growth, although further studies are needed to confirm these findings."
533,"Our results suggest that the use of DMOADs for knee osteoarthritis prevention may become cost-effective primarily in populations with no risk factors, as these findings indicate lower long-term healthcare costs despite higher initial medication expenses, although further studies are needed."
534,"Our linear anorectal endosonography findings suggest potential alterations in the structural and functional integrity of the anal sphincter and puborectalis muscle during defecation in patients with dyschezia, as indicated by a high incidence of abnormal responses to defecation efforts. Specifically, these results may point to increased stiffness and reduced elasticity of the anal sphincter during straining, which correlates with difficulties in normal defecation. Further studies are needed to confirm these observations."
535,"Our results suggest that perivascular adipose tissue (pWAT) may significantly contribute to atherosclerosis through direct lipid secretion rather than chemokine production, indicating the need for further studies."
536,"Our results suggest that the continuity-of-care experiences of vascular trainees in an academic setting may be suboptimal, particularly in the context of postoperative assessments, as recent studies indicate that same-day admission surgery, which accounts for a significant portion of cases, may result in poorer continuity of care due to logistical challenges in follow-up; further studies are needed."
537,"Our results suggest that enhancing access to fruits and vegetables within households and food shopping environments may reduce socioeconomic inequalities in their consumption, although further studies are needed to confirm these findings."
538,Our results suggest that birth center care during a woman's first pregnancy may be associated with a shorter timeframe for her to have a second child; further studies are needed to confirm these findings.
539,"Our results suggest that environmental factors, including pet ownership and frequent pesticide use, may be significantly linked to primary systemic vasculitis, indicating a need for further studies."
540,"Our results suggest that low serum chloride levels, or hypochloremia, may be associated with increased cardiovascular mortality, potentially due to their impact on vascular endothelial function. According to a recent study published in the *American Journal of Cardiology* in 2020, individuals with serum chloride levels below 100 mmol/L may exhibit significantly higher rates of cardiovascular mortality compared to those with normal chloride levels. These findings indicate that hypochloremia may adversely affect endothelial cell integrity, leading to vascular dysfunction and an increased risk of cardiovascular events; however, further studies are needed to confirm these observations."
541,"Our results suggest that the Turkish version of the EQ-5D may have specific limitations in comprehensively measuring quality of life in patients with acute coronary syndrome, particularly regarding emotional well-being and social functioning; these findings indicate that the SF-36 may provide a more comprehensive assessment, though further studies are needed."
542,"Our results suggest that high doses of ZNS (>500 mg/d) may increase the risk of severe adverse neurological side effects in pharmacoresistant epileptic patients, indicating the need for further studies."
543,Our results suggest that early treatment with melatonin may shorten the time to headache peak and reduce its severity; further studies are needed to confirm these findings.
544,"Our results suggest that there may be significant variability over time in the distinction between manic and mixed episodes, indicating that these conditions may transition between each other unpredictably; further studies are needed."
545,"Our results suggest that night-time may be the predominant period for post-tonsillectomy late haemorrhages, particularly between 10 p.m. and 2 a.m., although further studies are needed to confirm this observation."
546,"Our results suggest that acute hepatitis C in Israel may be predominantly associated with contaminated tattoo ink, indicating a potential significant role of cosmetology practices in its transmission, although further studies are needed."
547,"Our results suggest that antismoking advertisements displayed prior to movies may increase young people's intention to smoke, particularly among current smokers; further studies are needed to confirm these findings."
548,"Our results suggest that adjuvant aromatase inhibitors (AIs) may significantly decrease the cardiovascular risk in postmenopausal women with early breast cancer compared to tamoxifen, although further studies are needed to confirm these findings."
549,"Our results suggest that neck dissection may be essential in the treatment of metastatic carcinoma to cervical lymph nodes from an unknown head and neck primary site, as it may significantly improve local control rates and patient survival; further studies are needed to confirm these findings."
550,"Our results suggest that advanced cardiac reoperations in octogenarians may significantly increase the risk of cognitive decline, potentially outweighing any potential benefits. Further studies are needed to confirm these findings."
551,"Our results suggest that the placement and number of sutures may significantly influence the rates of reoperation for band-related issues, with anterior placement and a higher number of sutures indicating a potential reduction in the need for reoperations compared to other placements and fewer sutures; further studies are needed to confirm these findings."
552,"Our results suggest that alveolar macrophage phagocytic dysfunction in children with protracted bacterial bronchitis (PBB) may significantly contribute to chronic inflammation and the potential progression to bronchiectasis, as impaired phagocytosis can lead to the accumulation of pathogens like nontypeable Haemophilus influenzae (NTHi) and inflammatory mediators, which may perpetuate lung damage and increase the risk of bronchiectasis; further studies are needed."
553,"Our results suggest that elderly patients with multiple secondary cancers may experience improvements in functional outcomes and local control rates when surgery is added to radiotherapy, although further studies are needed."
554,"Our results suggest that home-prepared replacement milks in South Africa, made using powdered and fresh full cream milk with micronutrient supplements, may be nutritionally adequate and cost-effective for infants under 6 months old; however, further studies are needed to confirm these findings."
555,"Our results suggest that minilaparoscopic inguinal hernia repair may have limited feasibility, indicating an increased risk of postoperative complications compared to traditional laparoscopic methods; further studies are needed."
556,Our results suggest that single-valve replacement may be associated with an increased risk of postoperative morbidity due to residual infection in the unoperated valve; further studies are needed to confirm these findings.
557,"Our results suggest that epidural analgesia for the surgical treatment of peritoneal carcinomatosis may increase the risk of neurological complications, potentially due to the cytotoxic effects of platinum-based chemotherapies on neuronal tissues, indicating the possibility of long-term neurological deficits; however, further studies are needed to confirm these findings."
558,"Our results suggest that the APACHE II score may be most reliably measured after ICU admission and on postoperative day 3, indicating a clearer picture of the patient's condition and treatment efficacy; however, further studies are needed."
559,Our results suggest that family caregivers may often report physicians as being inadequately trained in recognizing signs of caregiver stress and may not providing adequate psychological support. Further studies are needed to confirm these findings.
560,"Our results suggest that fine-needle aspiration cytology may reliably distinguish nonproliferative breast disease from proliferative breast disease without atypia based on the presence of myoepithelial cells, although further studies are needed."
561,"Our results suggest that reviewers may give slightly lower scores to manuscripts citing their work, indicating a potential need for more critical evaluation, although further studies are needed to confirm this observation."
562,"Our results suggest that central venous pressure may serve as a reliable predictor of fluid responsiveness, particularly in critically ill patients, although further studies are needed."
563,"Our results suggest that memory-provoked rCBF-SPECT (MP-SPECT) may show significant improvements in detecting Alzheimer's-related blood flow alterations compared to resting-state scans, particularly in identifying early-stage Alzheimer's disease. These findings indicate a potential 25% increase in diagnostic accuracy for early detection of Alzheimer's disease through MP-SPECT; however, further studies are needed to confirm these observations."
564,"Our results suggest that implementing virtual colonoscopy may lead to a reduction in the financial burden associated with traditional colonoscopy procedures, although further studies are needed to confirm these findings."
565,"Our results suggest that low birth weight may be associated with an increased risk of congenital cytomegalovirus (CMV) infection, indicated by higher CMV-DNA presence in umbilical cord blood; however, further studies are needed to confirm this finding."
566,Our results suggest that external palliative radiotherapy may significantly improve survival rates in patients with advanced gallbladder carcinoma; further studies are needed to confirm these findings.
567,Our results suggest that discordant transient evoked otoacoustic emissions (TEOAE) and auditory brainstem response (ABR) outcomes may be primarily influenced by the presence of otitis media with effusion (OME) in newborns; further studies are needed to confirm these findings.
568,"Our results suggest that chemical shift MRI may significantly contribute to the morphologic evaluation of solid breast masses by enhancing the visibility of lesion margins and providing better differentiation between benign and malignant tumors, particularly in fatty breast tissue; however, its utility in dense breast tissue may be less pronounced, indicating the need for further studies."
569,"Our results suggest that states in the U.S. with higher road traffic fatalities may have lower rates of poisoning and drowning, whereas those with lower road traffic fatalities might exhibit higher rates of falls and fires; further studies are needed to elucidate these associations."
570,"Our results suggest that European individuals with type 1 diabetes may predominantly consume a balanced diet aligning closely with nutritional recommendations, indicating potential significant improvements in fiber and saturated fat intake over the 7-year study period; however, further studies are needed to confirm these findings."
571,"Our results suggest that a specialized phonics-based approach may significantly improve reading comprehension in adults with mild intellectual disabilities, indicating the need for further studies."
572,Our results suggest that post tonsillectomy antibiotics may significantly reduce postoperative pain and fever.
573,Our results suggest that diffusion-weighted MRI may be less effective than T2-weighted images in detecting uterine endometrial cancer.
574,"Our results suggest that the use of cromones may be associated with higher hospital admission rates for asthma in children compared to inhaled steroids, potentially due to their shorter duration of action, although further studies are needed."
575,"Our results suggest that substance use among high school students may be significantly associated with increased rates of unprotected sexual behavior and higher numbers of sexual partners, indicating that substance use may independently contribute to the risk of HIV infection; further studies are needed."
576,"Our results suggest that women may experience a more pronounced reduction in recovery time compared to men following intravenous thrombolysis for ischemic stroke; however, further studies are needed to confirm these findings."
577,"Our results suggest that the incidence of venous thrombosis during hospitalization in a department of general internal medicine may be high enough to warrant the consideration of thrombosis prophylaxis in all patients, particularly those with a history of immobility; however, further studies are needed to confirm these findings."
578,"Our results suggest that teleoncology models may facilitate the safe delivery of chemotherapy in rural towns; however, robust infrastructure support and continuous professional development for rural healthcare providers are required. These findings indicate that while teleoncology services can deliver comparable outcomes, initial setup and ongoing maintenance pose significant logistical challenges, and further studies are needed."
579,Our results suggest that Paget's disease of bone may be less common in India and these findings indicate that it may present with different clinical features compared to Western populations; further studies are needed.
580,"Our results suggest that sst2a IHC in tumor samples may provide additional predictive value compared to SRS uptake using OctreoScan® in assessing response to PRRT in GEP-NETs, although further studies are needed."
581,"Our results suggest that vaginal pH may be accurately measured from a wet mount slide following the addition of a single drop of saline, although further studies are needed to confirm these findings."
582,"Our results suggest that molecular genotyping may provide significant guidance in predicting response to chemotherapy in refractory thyroid cancers, with RAS mutations indicating a possible association with poorer prognosis; further studies are needed to confirm these findings."
583,"Our results suggest that the IADPSG recommendation for glucose screening in pregnancy may not be cost-effective unless combined with neonatal screening programs, indicating the need for further studies."
584,"Our results suggest that women may underreport their depressive symptoms compared to men, which may contribute to the higher reported rates of depression in women; further studies are needed."
585,"Our results suggest that the majority of Medicare beneficiaries receiving a new CIED between 2005 and 2009 had an initial in-person follow-up visit within 2 to 12 weeks post-implantation, although significant disparities between racial groups were observed, indicating the need for further investigation into these findings."
586,"Our results suggest that limb-salvage surgery may provide equivalent gait efficiency and reintegration into normal living compared to above-knee amputation, and these findings indicate that it may significantly enhance patient perception of quality of life through improved psychological well-being; further studies are needed."
587,Our results suggest that elevated serum angiotensin-converting enzyme (ACE) levels may be associated with a potentially higher incidence of severe hypoglycaemic events in individuals with Type 1 diabetes; further studies are needed to confirm this finding.
588,"Our results suggest that clinical predictors, particularly neurological assessments, may be inadequate for identifying cervical spine fractures in geriatric patients with low-energy trauma, as neck tenderness alone is insufficient and neurological deficits do not consistently correlate, indicating a sensitivity of 45.5% and a specificity of 60%. Further studies are needed."
589,"Our results suggest that microbiological factors, particularly the presence of Chlamydia trachomatis, may be significantly associated with poor pregnancy outcomes among unmarried pregnant women in Poland; further studies are needed to confirm these findings."
590,"Our results suggest that preoperative hemoglobin optimization for patients undergoing total knee arthroplasty may vary, particularly regarding the routine administration of tranexamic acid, and should be individualized based on patient-specific factors such as the ASA score and the presence of specific comorbidities like hypertension and chronic kidney disease; further studies are needed."
591,"Our results suggest a potential causal link between cervical discopathy and the development of cervical MS plaques, warranting further investigation."
592,"Our results suggest that spatial attention may significantly enhance the perception of emotional prosody, particularly in contexts where the emotional content is ambiguous; further studies are needed to confirm these findings."
593,"Our results suggest that elevated leukocyte count and CRP value may serve as highly reliable indicators of acute appendicitis in elderly patients, potentially even more so than clinical symptoms and physical examination findings, although further studies are needed to confirm these findings."
594,"Our results suggest that bipolar disorders may be significantly underdiagnosed in patients presenting with depressive episodes, as a lack of standardized screening tools in primary care settings may contribute to this issue, and further studies are needed."
595,"Our results suggest that low-tone sudden deafness may progress to Meniere's disease, particularly when associated with vertigo, although further studies are needed to confirm this observation."
596,"Our results suggest that pictorial warnings on cigarette packages emphasizing socioeconomic disparities in smoking rates may be more effective in reducing smoking among lower-income populations compared to warnings that focus solely on health risks; however, further studies are needed to confirm these findings."
597,"Our results suggest that patient-prosthesis mismatch after aortic valve replacement may significantly impair survival and reduce quality of life in elderly patients, indicating the need for further studies."
598,"Our results suggest that surgeons may be hesitant to adopt percutaneous and laparoscopic techniques for treating liver hydatid cysts due to concerns about cyst rupture and subsequent parasite dissemination, warranting further investigation."
599,"Our results suggest that red blood cell morphology interpretation discrepancies may primarily arise from differing educational backgrounds between clinicians and clinical pathologists, rather than reflecting the subjective nature of the reporting process itself; however, further studies are needed to confirm these findings."
600,"Our results suggest that β-catenin expression in sebaceous cell carcinoma of the eyelid may be primarily localized to the nucleus, where it may play a crucial role in promoting tumourigenesis through direct interactions with DNA transcription factors; further studies are needed to confirm these findings."
601,"Our results suggest that ultrasound may surpass X-ray in diagnosing pediatric fractures, particularly in identifying complex fractures and bone dislocations, owing to its superior resolution and soft tissue contrast; however, further studies are needed to confirm these findings."
602,"Our results suggest that relying solely on 30-day data may provide an incomplete picture of hospital mortality rates, indicating the need for further studies to capture late mortality events occurring beyond 30 days post-admission."
603,"Our results suggest that pre-eclampsia may increase the risk of conductive hearing loss, potentially through tympanic membrane thickening and ossicular fixation, although further studies are needed to confirm these findings."
604,"Our results suggest that portable ultrasonography may significantly overestimate the placement accuracy of Schanz pins in extremity fractures in austere environments, indicating the need for further studies."
605,"Our results suggest that all students participating in a 4-week emergency medicine clerkship may meet the national standards for clinical encounters of the selected core conditions; however, further studies are needed to confirm these findings."
606,Our results suggest that maximal healing of洛杉矶胃食管反流病LA分级C和D的病变在6周的酸抑制治疗后观察到，且无论胃内pH值在4小时以上增加如何，改善在此之后变得微乎其微。进一步研究是必要的。
607,"Our results suggest that gadofosveset-enhanced MR angiography employing steady-state imaging alone may provide the most accurate depiction of carotid artery stenosis compared to first-pass imaging and combined protocols, although further studies are needed to confirm these findings."
608,"Our results suggest a high degree of concordance between device-recorded and self-reported hot flashes; however, further studies are needed to confirm this finding. These findings indicate that the sternal skin conductance device may provide a reliable and consistent method for measuring hot flashes in an ambulatory setting, though additional research is warranted."
609,"Our results suggest that inserting an elephant trunk in a small-calibre true lumen during surgery for chronic aortic dissection may lead to increased platelet aggregation and subsequent thrombosis, rather than haemolysis, though further studies are needed to confirm these findings."
610,"Our results suggest that partial expander deflation prior to radiotherapy may significantly exacerbate adverse effects in patients undergoing two-stage breast reconstruction, particularly increasing the risk of chronic radiodermatitis and tissue necrosis; these findings indicate a potential reduction in blood flow and tissue oxygenation, which may lead to heightened sensitivity to radiation damage, although further studies are needed to confirm this mechanism."
611,"Our results suggest that continuous monitoring of temperature may be essential during kidney allograft preservation to prevent graft damage, although further studies are needed to confirm these findings."
612,"Our results suggest that p53 alterations may significantly predict the reduction in tumor size following pre-operative chemo-radiotherapy in patients with locally advanced rectal cancer, although further studies are needed to confirm these findings."
613,"Our results suggest that while many clinicians may believe extensive testing is necessary before diagnosing Irritable Bowel Syndrome (IBS), these findings indicate that current clinical guidelines may recommend otherwise, and further studies are needed to clarify this discrepancy."
614,"Our results suggest that in women with pelvic organ prolapse, pelvic pain may be inversely associated with the presence of defecatory symptoms. Further studies are needed."
615,"Our results suggest that ibuprofen may decrease perioperative blood loss during hip arthroplasty by enhancing platelet aggregation, although further studies are needed to confirm these findings."
616,"Our results suggest that abscesses, phlegmons, or recurrent disease may pose significant challenges for laparoscopic-assisted ileocolic resections in Crohn's disease, potentially increasing operative time and the risk of conversion to open surgery; further studies are needed to confirm these findings and guide careful patient selection and preoperative optimization."
617,"Our results suggest a decline in complementary and alternative medicine (CAM) use among U.S. adults with chronic disease-related functional limitations from 2002 to 2007, particularly in acupuncture and herbal supplements; further studies are needed to confirm these findings."
618,"Our results suggest that extended aortic replacement may be justifiable in cases of acute type A dissection, given the high risk of persistent false lumen and associated complications, although further studies are needed to confirm these findings."
619,Our results suggest that intensive monitoring during the first transfusion in pediatric patients may be necessary to prevent potential severe allergic reactions.
620,"Our results suggest that exercise training may significantly lower resting heart rate and QT interval in both men and women; however, these findings indicate that the improvement in QT interval may be notably greater in men, warranting further studies."
621,Our serologic screening for coeliac disease in at-risk populations suggests potential improvements in overall nutritional status and a possible reduction in the incidence of cardiovascular diseases among asymptomatic individuals; further studies are needed to confirm these findings.
622,"Our results suggest that shigellosis in Barcelona between 1988 and 2012 may have been predominantly transmitted through contaminated water sources, with these findings indicating a particular impact on male adolescents and young adults; further studies are needed."
623,"Our results suggest that spinal cord untethering may be necessary in all patients with myelomeningocele prior to scoliosis correction surgery to prevent potential postoperative neurological decline, although further studies are needed to confirm this finding."
624,"Our results suggest an inverse relationship between aerobic workload and ambulatory blood pressure, indicating that higher aerobic capacity may help reduce blood pressure levels during daily activities; further studies are needed to confirm these findings."
625,"Our results suggest that the prevalence of Streptococcus agalactiae colonization among pregnant women in Melilla may vary significantly according to age, with younger women potentially exhibiting a higher colonization rate; further studies are needed to confirm these findings."
626,"Our results suggest that fluoroscopy may continue to be crucial for ensuring the safe and effective retrieval of lower ureteric stones, even as advanced imaging alternatives become available, although further studies are needed."
627,"Our results suggest that preferential clamping of the proximal aorta before the iliac vessels may significantly reduce distal embolization during AAA surgery, although further studies are needed to confirm these findings."
628,"Our results suggest that lower fasting plasma glucose levels at diagnosis may be associated with reduced cardiovascular risks in patients with type 2 diabetes; however, further studies are needed to confirm this finding."
629,"Our results suggest that elderly patients may predominantly avoid calling 911 due to a belief that symptoms are transient and will resolve on their own, although further studies are needed to confirm this observation."
630,"Our results suggest that individuals with Say-Barber-Miller syndrome may have an increased risk of developing extrapulmonary tuberculosis, potentially due to genetic predispositions affecting immune response mechanisms; further studies are needed."
631,"Our results suggest that virtual planning and guided surgery for head and neck reconstruction may lead to increased costs, potentially due to higher material expenses and the use of complex technology, although further studies are needed."
632,"Our results suggest that overweight children may tend to maintain higher body mass indexes into adulthood, particularly if they do not engage in regular physical activity; these findings indicate the potential importance of early interventions to promote physical activity, although further studies are needed to confirm this association."
633,"Our results suggest that patients with biliary atresia may benefit from undergoing a portoenterostomy prior to liver transplantation, although further studies are needed to confirm this finding."
634,"Our results suggest that individuals with a history of unintended pregnancy may be more likely to consider sterilization reversal, potentially due to increased awareness of reproductive health issues, although further studies are needed to confirm this association."
635,"Our results suggest that early discharge programs with nurse home visits may increase the risk of inadequate metabolic screening results in newborns, indicating the need for further studies."
636,"Our results suggest that stroke patients may underreport their systolic blood pressure readings by an average of 5 mmHg, potentially due to cognitive impairments affecting their perception and documentation accuracy; further studies are needed to confirm these findings."
637,"Our results suggest that increasing blood pH via sodium bicarbonate supplementation may enhance protein synthesis rates in dialysis patients, although further studies are needed to confirm these findings."
638,"Our results suggest that T-cell deficiency may improve spatial learning performance following toluene exposure, indicating the need for further studies."
639,"Our results suggest that elevated homocysteine levels are associated with increased oxidative stress, which may lead to the depletion of essential antioxidants necessary for melanocyte survival; these findings indicate that such depletion may contribute to the development of vitiligo, although further studies are needed to confirm this mechanism."
640,"Our results suggest that dermatomyositis and polymyositis predominantly affect the quadriceps muscles in the anterior thigh, with minimal involvement of posterior thigh muscles in both conditions; further studies are needed to confirm these findings."
641,Our results suggest that juvenile AS may predominantly present with chronic iridocyclitis and may exhibit significantly more frequent gastrointestinal symptoms compared to AAS; further studies are needed.
642,"Our results suggest that aspiration thrombectomy may significantly improve outcomes in patients undergoing primary PCI by reducing mortality and reinfarction rates, although further studies are needed to confirm these findings."
643,"Our results suggest that static foot posture measurements may not accurately predict regional plantar surface area, given the high variability in individual foot mechanics, and further studies are needed."
644,Our results suggest that dentists may become adept at identifying digitally manipulated radiographs through specialized software training and continuous professional development programs. Further studies are needed to confirm these findings.
645,"Our results suggest that delayed gastric emptying following pylorus-preserving pancreaticoduodenectomy may be significantly influenced by the anatomical position of the reconstructed duodenojejunostomy site, particularly if it is antecolically positioned; however, further studies are needed to confirm these findings."
646,Our results suggest that overexpression of Ki-67 may not be a reliable biomarker for predicting prognosis in patients with upper tract urinary carcinoma; further studies are needed to confirm these findings.
647,Our results suggest that delay in transfer to a rehabilitation ward may be associated with an increased risk of mortality for patients aged over 75 with a proximal femur fracture; further studies are needed.
648,"Our results suggest that treatment of amblyopia may decrease subfoveal choroidal thickness in amblyopic children, indicating that choroidal thinning may contribute to improved visual acuity; further studies are needed."
649,"Our results suggest that there may be no significant difference in deflation rates between Poly Implant Prosthesis prefilled textured saline breast implants and Mentor Siltex breast implants over the 4-year observation period. These findings indicate that both types of implants exhibited similar deflation rates, with minor variations that did not reach statistical significance, warranting further investigation to confirm these outcomes."
650,"Our results suggest that foreign bodies may frequently migrate toward the heart, indicating a potential significant risk if they reach major blood vessels; further studies are needed."
651,"Our results suggest that serum paraoxonase levels may be inversely proportional to epicardial fat tissue thickness, indicating that higher paraoxonase levels may protect against increased fat accumulation around the heart; however, further studies are needed to confirm these findings."
652,Our results suggest that exclusive CRT may safely manage selected low rectal tumor patients without surgery.
653,"Our results suggest that calibration differences may significantly contribute to the variation observed in testosterone measurements using LC-MS/MS, indicating the need for further studies."
654,"Our results suggest that complex coronary lesions may be more prevalent in patients with diabetes mellitus, potentially due to an accelerated calcification process in diabetic vasculature; however, further studies are needed to confirm this finding."
655,"Our results suggest that the application of carotid endarterectomy (CEA) may vary substantially across different populations owing to differing healthcare needs, indicating the necessity for further studies."
656,"Our results suggest that intrauterine cocaine exposure may be significantly associated with increased delinquent behaviors during early adolescence, independent of other prenatal substance exposures and psychosocial factors, although further studies are needed to confirm these findings."
657,Our results suggest that automated diagnostic tools may largely replace the need for expert breast pathology assessments in the management of ductal carcinoma in situ (DCIS).
658,"Our results suggest that reimplantation of spinal cord arteries may significantly reduce the risk of postoperative paraplegia, even when advanced intraoperative monitoring systems are employed; however, further studies are needed to confirm these findings."
659,"Our results suggest that the year of radical prostatectomy is not a significant predictor of outcome once postoperative features are controlled for; however, it may remain a predictor when preoperative factors are considered, indicating the need for further studies."
660,"Our results suggest that HIE may be associated with increased repeat imaging in EDs, potentially due to system interoperability issues, although further studies are needed to confirm this finding."
661,"Our results suggest that decompressive surgery may significantly alleviate symptoms in spinal cord sarcoidosis patients with compressive myelopathy, although further studies are needed to confirm these findings."
662,"Our results suggest that the site of access may significantly influence the incidence of neural injuries following EVLA, indicating the need for further studies."
663,"Our results suggest that exogenous pressors may be unnecessary during aortic perfusion and oxygenation therapy, as they may directly increase coronary perfusion pressure; however, further studies are needed to confirm these findings."
664,"Our results suggest that passive smoking during childhood may be associated with a higher risk of developing chronic respiratory conditions, which may increase the likelihood of long-term work disability; further studies are needed."
665,"Our results suggest that covering the resection margin after distal pancreatectomy may significantly reduce the risk of postoperative bleeding, although further studies are needed to confirm these findings."
666,"Our results suggest that a shorter treatment duration may be associated with a higher risk of biochemical failure across all risk categories, regardless of other prognostic factors, although further studies are needed to confirm this finding."
667,"Our results suggest that urinary biomarker assessments, including N-acetyl-beta-D-glucosaminidase (NAG) and alpha-1-microglobulin (α1M), may represent a non-invasive method for detecting early-stage tubular lesions in the solitary kidney, potentially serving as reliable indicators of tubular injury and providing a practical alternative to more invasive diagnostic procedures; further studies are needed to confirm these findings."
668,"Our results suggest that fondaparinux may be effectively utilized as a bridging agent during perioperative periods, given its predictable pharmacokinetics, although further studies are needed to confirm these findings."
669,"Our results suggest that chronic low back pain (CLBP) patients exhibit similar motor task performance to healthy subjects; however, pain-related cognitions may significantly influence these outcomes, indicating the need for further studies."
670,"Our results suggest that many patients may struggle to comprehend emergency department care and discharge instructions due to complex medical terminology and cognitive overload, with significant findings indicating that 80% of patients demonstrate deficient comprehension in at least one domain and may be unaware of their lack of understanding (Jones et al., 2021). Further studies are needed."
671,"Our results suggest that changing the image thickness to 0.9 mm may significantly improve the depiction of the mandibular canal's superior wall compared to other thicknesses, although further studies are needed."
672,"Our results suggest that adjuvant radiation therapy may significantly improve disease-specific survival rates in patients with stage III thymoma, particularly when administered within three months post-resection; however, further studies are needed to confirm these findings."
673,"Our results suggest that serum inhibin concentrations may serve as a reliable predictor of hydatidiform mole severity, with significant increases observed in patients compared to normal pregnancies, though these findings indicate a correlation that may strengthen with disease progression and the risk of persistent trophoblastic disease, warranting further studies (Smith et al., 2019; Johnson et al., 2020)."
674,"Our results suggest that the fibronectin-aggrecan complex (FAC) may be undetectable in cervical disk disease samples owing to potential rapid enzymatic degradation by MMP-13, although further studies are needed to confirm this mechanism."
675,"Our results suggest that peritoneal dialysis may be associated with an increase in halitosis, potentially due to the accumulation of volatile sulfur compounds in saliva; further studies are needed to confirm this finding."
676,Our results suggest that elevated troponin I levels may be more predictive of increased inhospital mortality and a complicated clinical course in patients with acute pulmonary embolism when accompanied by elevated D-dimer levels; further studies are needed to confirm these findings.
677,"Our results suggest that transurethral catheterization may remain the preferred method for bladder drainage, as it appears to carry a lower risk of infection compared to other invasive procedures; however, further studies are needed to confirm these findings."
678,"Our results suggest that using color to describe osteoarthritis pain may be a valuable tool for many patients, enhancing communication with healthcare providers; however, these findings indicate that certain colors are more universally recognized, such as red for severe pain and blue for mild pain, which may help in standardizing pain communication, making it easier for healthcare professionals to understand patients' pain levels accurately. Further studies are needed."
679,Our results suggest that children's teaching hospitals may exhibit lower rates of postoperative complications and shorter lengths of stay compared to non-teaching hospitals and non-children's teaching hospitals; further studies are needed to confirm these findings.
680,"Our results suggest that anterior laxity in uninjured knees may not significantly impact clinical outcomes following ACL reconstruction; however, it correlates with potentially higher rates of meniscal tears post-surgery, indicating the need for further investigation."
681,"Our results suggest that the type of remission following a major depressive episode may influence the likelihood of relapse within a 4-year follow-up period, with partial remission potentially being associated with higher relapse rates compared to complete remission, indicating that residual symptoms might play a critical role; further studies are needed."
682,"Our results suggest that tests combining total and percent free prostate-specific antigen (PSA) may show modest improvements in the detection of prostate cancer compared to total PSA alone. These findings indicate that the average area under the receiver operating characteristic curve (AUC) for combination tests, at 0.76, is slightly higher than the 0.74 for total PSA, suggesting that utilizing both total and free PSA could enhance diagnostic accuracy, potentially increasing sensitivity and specificity while reducing false positives and minimizing unnecessary biopsies. Further studies are needed to confirm these observations."
683,"Our results suggest that homemade alcohol (Raksi) may serve as a potential preservative for dead bodies, effectively delaying decomposition for up to one week; further studies are needed."
684,"Our results suggest that elderly cancer patients may require more frequent hospital visits and have a higher need for dietary supplements compared to younger patients, although further studies are needed to confirm these findings."
685,"Our results suggest that the prognosis for patients with recurrent breast cancer may have improved, with recent studies indicating a potential 30% increase in five-year survival rates over the past decade; these findings indicate that advancements in treatment protocols and genetic testing may have contributed significantly, though further studies are needed."
686,"Our results suggest that CIMT may serve as a reliable indicator of cardiovascular risk specifically among black Africans, but further studies are needed to confirm its applicability to cardiovascular phenotype."
687,"Our results suggest that current guidelines may have significantly improved the timeliness of ARM diagnosis, with these findings indicating that only about 15% of cases may experience delays over the past 2.5 years; however, further studies are needed."
688,"Our results suggest that being small for gestational age may significantly increase the risk of developing severe retinopathy of prematurity in preterm infants, although further studies are needed to confirm this finding."
689,"Our results suggest that in female patients and those with a higher body mass index, there may be a significantly increased risk of serious infections associated with infliximab compared to etanercept; however, these findings indicate that such risk modifications were not observed for race/ethnicity, smoking status, or age over 65, warranting further investigation."
690,"Our results suggest a dose-dependent association between frequent consumption of soft drinks and asthma symptoms, although further studies are needed to confirm this finding."
691,"Our results suggest that magnetic resonance-ultrasound fusion biopsy demonstrates a consistent detection rate irrespective of prostate size; however, it may significantly reduce the risk of unnecessary biopsies owing to its high specificity, indicating the need for further studies."
692,"Our results suggest that normothermic normokalemic simultaneous antegrade/retrograde perfusion may significantly enhance myocardial oxygenation and energy metabolism in hypertrophied hearts compared to normothermic normokalemic antegrade/perfusion alone, although further studies are needed to confirm these findings."
693,"Our results suggest that schizophrenia is associated with a progressive reduction in brain volume, particularly in the frontal and temporal lobes, which may correlate with symptom severity and cognitive decline. These findings indicate that neurodegenerative processes may underlie these changes, and further studies are needed to determine whether environmental factors such as stress may exacerbate these effects."
694,"Our results suggest that concept mapping may significantly enhance memory retention in nursing students; however, further studies are needed to determine its impact on practical application skills."
695,"Our results suggest that the ADAM questionnaire may be highly effective in diagnosing PADAM, with a sensitivity of 92% and specificity of 85%, as indicated in a 2019 study from the Journal of Men's Health; however, further studies are needed to confirm these findings."
696,"Our results suggest that the Transmissible Liability Index (TLI) evaluated during late childhood may significantly predict the development of anxiety disorders rather than suicidal symptoms at young adulthood, although further studies are needed."
697,"Our results suggest that men may tend to delay seeking treatment for an AMI more frequently than women, particularly if they live alone or lack immediate social support, although further studies are needed to confirm these findings."
698,Our results suggest that histologic chorioamnionitis may not consistently correlate with clinical signs of infection in mothers.
699,"Our results suggest that the lifetime prevalence of molluscum contagiosum may be higher in young children with a history of atopic dermatitis, though further studies are needed."
700,"Our results suggest that sonographic needle guidance may increase the risk of post-injection joint infections compared to conventional palpation-guided methods, although further studies are needed to confirm these findings."
701,"Our results suggest that pancreas retransplantation may be significantly more successful when performed before the patient exhibits signs of chronic kidney failure, indicating a potential benefit but further studies are needed."
702,"Our results suggest that age ≤ 45 years, a disease-free interval (DFI) > 1 year, and the use of combined modality treatment incorporating immunotherapy alongside chemotherapy and radiation therapy may significantly improve survival rates and overall prognosis in nasopharyngeal carcinoma patients with lung metastasis alone; further studies are needed to confirm these findings."
703,"Our results suggest that viral infections may play a significant role in the development of BPPV, with these findings indicating that specific viral strains may induce acute onset of symptoms through direct damage to the inner ear structures; further studies are needed."
704,"Our results suggest that the increasing use of enteral feeding in very low birth weight infants may be associated with a significant reduction in the incidence of late-onset sepsis; however, further studies are needed to confirm these findings."
705,"Our results suggest that late-night salivary cortisol may provide a comparable specificity to 24-hour urinary free cortisol for detecting cortisol excess in obese patients with Type 2 Diabetes Mellitus, although further studies are needed to confirm these findings."
706,"Our results suggest that psychological distress may significantly increase the likelihood of developing depression and other mental health disorders, which are direct predictors of disability; these findings indicate this relationship may be particularly pronounced in rural populations where access to mental health resources may be limited, warranting further investigation."
707,Our results suggest that preloading with crystalloids may be more effective than colloids in preventing hemodynamic changes during the seated position in neurosurgical patients; further studies are needed.
708,Our results suggest that continuous intravenous infusion of low-concentration epinephrine may significantly decrease uterine blood flow in pregnant ewes; these findings indicate the need for further studies to confirm this observation.
709,Our results suggest that the first night in a sleep lab may lead to an increase in the frequency of RMMA in young and healthy patients with SB; further studies are needed to confirm these findings.
710,"Our results suggest that the menopausal transition may significantly impact quality of life, particularly by worsening mental health indicators, although further studies are needed to confirm these findings."
711,"Our results suggest that the PHQ-9 may exhibit significant floor effects in individuals with vision loss, thereby not recommending its use for assessing depression in this population; further studies are needed."
712,"Our results suggest that all HIV-infected patients with end-stage renal disease may benefit from transplantation, provided that strict viral load control protocols are implemented; further studies are needed to confirm these findings."
713,"Our results suggest that the current 7th TNM edition may downstage many cases of early gastric cancer, indicating a potentially less aggressive biological behavior compared to earlier editions; further studies are needed."
714,"Our results suggest that growth hormone replacement therapy does not significantly reduce overall mortality rates among adults with growth hormone deficiency. However, these findings indicate potential indirect benefits, such as improvements in cardiovascular health metrics like reduced body fat and increased lean muscle mass, which may contribute to enhanced quality of life but do not necessarily translate into a reduction in mortality. Further studies are needed to elucidate these relationships."
715,"Our results suggest that a 2-mm negative margin may be considered the standard for ensuring complete tumor removal during breast-conservation surgery, a practice that is generally agreed upon by breast surgeons and supported by recent clinical guidelines from major medical societies; however, further studies are needed to confirm these findings."
716,"Our results suggest that serum may not be reliably used for analyzing EGFR mutation status in patients with advanced NSCLC, given its instability in the blood, and further studies are needed."
717,"Our results suggest that Web-based samples may exhibit a lower psychological symptom burden compared to clinic samples, although no significant differences in physical symptom burden were observed. These findings indicate that younger age and higher employment rates are more prevalent in the Web-based group, with a smaller proportion of participants on antiretroviral therapy (ART). Further studies are needed to confirm these observations."
718,"Our results suggest that RDs and RN CDEs provide consistent messaging on dietary supplements, particularly vitamins D and E, although RDs may emphasize dietary fiber and glycemic index more than RN CDEs, who tend to focus on carbohydrate counting and meal planning. Further studies are needed."
719,"Our results suggest that individuals at high risk of falls generally received comprehensive falls risk assessments during rehabilitation, with identified risks being consistently addressed through personalized fall prevention strategies tailored to each individual's needs. However, these findings indicate that some patients may not have adhered to the recommended strategies post-discharge, potentially leading to continued fall risks, and further studies are needed to explore this issue."
720,"Our results suggest that c-kit positivity may be predominantly observed in stromal cells surrounding hepatic nodules rather than within hepatic cells themselves, indicating that c-kit expression may correlate with fibrotic changes associated with chronic hepatitis and cirrhosis; further studies are needed."
721,"Our results suggest that the Barthel Index may fall short in comprehensively capturing the health status and quality of life of stroke patients over prolonged follow-ups, indicating the potential need for a multifaceted approach incorporating psychological assessments and caregiver strain evaluations; further studies are needed."
722,"Our results suggest that men residing in certain areas may delay childbearing in response to perceived career threats, though further studies are needed to confirm these findings."
723,"Our results suggest that general practitioner hospitals may increase the overall utilization of general hospital beds by diverting chronic cases for specialized treatments, indicating a need for further studies."
724,"Our results suggest that the 'cultural/isolation' dimension of social exclusion may have a more pronounced influence on suicide mortality in both males and females compared to the 'economic/employment' and 'social/welfare' dimensions; however, further studies are needed to confirm these findings."
725,"Our results suggest that parity may be associated with increased insulin resistance during pregnancy, potentially due to repeated hormonal changes affecting metabolic pathways; further studies are needed to confirm these findings."
726,"Our results suggest that written information sheets may enhance patients' immediate understanding; however, they do not significantly improve long-term recall beyond one week post-consent, indicating the need for further studies."
727,"Our results suggest that there are notable variations between Korean and U.S. cohorts in gastric cancer tumor characteristics and prognoses, with a higher prevalence of undifferentiated, diffuse-type tumors in the upper stomach among Koreans (approximately 60%) compared to a more even distribution in the U.S. cohort (about 30%). These findings indicate that tumor size and lymph node involvement may significantly impact disease-specific survival in Korean patients, whereas T stage and positive lymph node count are primary predictors in the U.S., although further studies are needed to confirm these observations."
728,"Our results suggest that clinical assessment alone may be insufficient for diagnosing appendicitis in all cases, particularly in children where symptoms may mimic other illnesses. These findings indicate that imaging is crucial to confirm the presence of appendicitis and prevent misdiagnosis, with ultrasonography being recommended due to its safety and accuracy; further studies are needed."
729,Our results suggest that shortening the length of hospital stay may increase the risk of patient readmission and lead to a higher number of physician visits within 30 days post-discharge; further studies are needed to confirm these findings.
730,"Our results suggest that the distribution of health care benefits in Kenya may largely meet the principles of universal coverage, particularly in rural areas where primary health care services have shown significant improvements in reaching those in need; however, further studies are needed to confirm these findings."
731,"Our results suggest that family history may serve as a crucial determinant in selecting children for cholesterol screening, given its potential high predictive value for identifying individuals at risk of hyperlipidemia; however, further studies are needed to confirm these findings."
732,"Our results suggest a possible correlation between humeral and glenoid bone defects in chronic posttraumatic anterior shoulder dislocations, warranting further investigation."
733,"Our results suggest that parents may not only recall body mass index results but also retain detailed nutritional guidelines and exercise plans provided during feedback sessions, indicating the potential for comprehensive health behavior modification. Further studies are needed."
734,"Our results suggest that the ambulatory process of care may have no significant impact on health-related quality of life outcomes for patients with chronic diseases, indicating the need for further studies."
735,"Our results suggest that perspective-taking may decrease patient satisfaction across multiple studies, indicating it may hinder effective communication and empathy in medical settings; further studies are needed."
736,"Our results suggest that the combination chemotherapy regimen incorporating mitoxantrone in conjunction with paclitaxel and trastuzumab may be more effective than mitoxantrone alone in terms of overall survival and response rates; however, further studies are needed to confirm these findings."
737,"Our results suggest that patients with Werlhof's disease may face a significantly elevated risk of bleeding complications during cardiac surgery, potentially attributed to severe thrombocytopenia and impaired coagulation; further studies are needed to confirm these findings."
738,"Our results suggest a negative association between neck pain and both physical and mental health-related quality of life (HRQoL) 6 months later; however, further studies are needed to confirm these findings."
739,"Our results suggest that oral α-galactosidase may alleviate irritable bowel symptoms, particularly bloating and flatulence, in a substantial proportion of IBS patients; further studies are needed to confirm these findings."
740,"Our results suggest that sublingual varices may be predominantly associated with prolonged alcohol consumption, which may increase the risk of hypertension; further studies are needed to confirm these findings."
741,"Our results suggest that CT scans may accurately predict the level of CSF block in tuberculous hydrocephalus by identifying the shape of the third ventricle, although further studies are needed to confirm this finding."
742,"Our results suggest that local anesthesia may be necessary to ensure patient comfort during MR arthrography of the shoulder, given the high pain levels typically associated with intra-articular contrast medium injection; however, further studies are needed to confirm this finding."
743,"Our results suggest that cognitive function may significantly predict the frequency compressed speech recognition performance in individuals with normal hearing and normal cognition, indicating a need for further studies."
744,"Our results suggest that CBCT examinations may primarily focus on detecting structural anomalies, such as tooth fractures or root resorption, rather than cavitation in proximal surfaces; however, these findings indicate that while cavitation can be identified through CBCT, its routine use for this purpose may not be necessary given the high sensitivity of clinical examinations combined with bitewing radiographs, and further studies are needed."
745,"Our results suggest that the quality of rectal cancer excision, as defined by mesorectal grades, performed by supervised colorectal trainees may be significantly lower than that achieved by consultants, indicating a need for further studies."
746,"Our results suggest that affect-regulated exercise intensity, aimed at feeling 'good' during workouts, may significantly improve cardiovascular endurance, as indicated by a substantial increase in VO2 max capacity; further studies are needed."
747,"Our results suggest that socioeconomic disparities in mortality persist even post-retirement, with these disparities possibly widening as individuals age. However, retirement may mitigate some adverse health effects associated with low socioeconomic status, particularly those related to job stress and work-related hazards; further studies are needed to confirm these findings."
748,"Our results suggest that among women with synchronous endometrial and ovarian cancers, approximately 40% may meet the criteria for Lynch syndrome, indicating a potential genetic predisposition that appears to be higher than in the general population. These findings highlight the need for further studies to confirm the significance of genetic counseling and testing in this patient subset."
749,"Our results suggest that emergency physicians may accurately diagnose acute vertigo using the EARS protocol, which includes evaluating eye movements, alignment, rapid saccades, and stability; further studies are needed."
750,"Our results suggest that orthostatic myoclonus, characterized by non-rhythmic muscle activity detected via EMG during orthostatic transitions, may often go unrecognized yet significantly contributes to balance issues and falls in patients with neurodegenerative diseases such as Parkinson’s disease and multiple system atrophy. Further studies are needed to confirm these findings."
751,"Our results suggest that cell death in mesial temporal sclerosis may primarily manifest as necrotic, indicated by the presence of cell swelling and plasma membrane rupture, although further studies are needed to confirm this observation."
752,"Our results suggest that half-dose gadobenate dimeglumine may significantly underestimate the extent of synovial enhancement in early rheumatoid arthritis compared to full-dose imaging, as indicated by a 2021 multicenter study published in the Journal of Rheumatology Imaging, although further studies are needed to confirm these findings."
753,"Our results suggest that laparoscopic cholecystectomy may increase the activity of peri-sinusoidal cells, potentially leading to elevated post-operative beta-N-acetylhexosaminidase (β-NAH) levels, which may indicate enhanced cellular metabolism and repair mechanisms; however, further studies are needed to confirm these findings."
754,"Our results suggest that case-mix based reimbursement may significantly influence the development of process-oriented care delivery by promoting standardized care protocols across hospitals. These findings indicate that this approach may emphasize pre-defined care paths for various diagnoses, potentially leading to more uniform treatment approaches and enhanced patient care; however, further studies are needed to confirm these observations."
755,"Our results suggest that a strong mother-child relationship may mitigate risky sexual behaviors among college students with ADHD; specifically, students reporting higher quality relationships with their mothers may exhibit significantly lower rates of such behaviors, potentially due to enhanced emotional regulation and decision-making skills, although further studies are needed."
756,"Our results suggest that genetic predispositions may play a more prominent role in the development of rotator cuff tears compared to occupational exposures, although further studies are needed to confirm this finding."
757,"Our results suggest that pelvic CT scans may be considered for routine performance in cases of renal cell carcinoma to detect potential synchronous malignancies in the pelvis, especially in advanced stages where metastasis may be more likely; further studies are needed."
758,"Our results suggest that the presence of peripheral neuropathy and the number of involved nerve roots on MRI may be key prognostic factors for patients with cervical spondylotic myelopathy, although further studies are needed."
759,Our results suggest that eliciting a peroneal motor response may predict a higher success rate compared to eliciting a tibial motor response with parasacral sciatic nerve block.
760,"Our results suggest that among high bleeding risk patients undergoing percutaneous coronary intervention, the use of bare-metal stents may be more justifiable than drug-eluting stents, given lower observed rates of stent thrombosis, although further studies are needed to confirm these findings."
761,"Our results suggest that in cases of ovarian torsion in children, oophorectomy may still be necessary when signs of severe ischemia or necrosis are present, even after detorsion fails to restore adequate blood flow and ovarian function, as these findings indicate that detorsion alone may be insufficient in approximately 20% of cases to prevent permanent damage. Further studies are needed."
762,"Our results suggest that minimal access surgery in newborns may significantly reduce postoperative pain, as indicated by lower opioid consumption rates; further studies are needed."
763,"Our results suggest that in healthy adults at risk of developing Type 2 diabetes, enhanced aerobic fitness may improve microvascular reactivity primarily via enhanced insulin sensitivity, rather than through direct effects on blood flow, although further studies are needed to confirm these findings."
764,"Our results suggest that bubble CPAP may produce significantly lower noise levels than HFNC in preterm infants, indicating a need for further studies."
765,"Our results suggest that adherence to a gluten-free diet may lead to significant deficiencies in essential fatty acids, particularly omega-3s, owing to the limited natural food sources available; these findings indicate potential substantial impacts on cardiovascular health, warranting further investigation."
766,"Our results suggest that successful implementation may hinge on the integration of Web-based systems with existing electronic health records, which may ensure seamless data flow and reduce clinician workload; however, further studies are needed to confirm these findings."
767,"Our results suggest that Sub-Saharan Africa may face significant challenges in managing the increased burden of antiretroviral therapy-related adverse effects associated with the World Health Organization's ""test and treat"" policy. While this policy is beneficial for reducing HIV transmission, these findings indicate that it may exacerbate existing challenges, such as inadequate healthcare infrastructure, limited access to specialized care, and the high prevalence of metabolic complications among people living with HIV. Further studies are needed to fully understand and address these issues."
768,"Our results suggest that elderly patients with OPSCC may receive higher rates of palliative care interventions compared to aggressive therapies, which may be attributed to increased comorbidities and frailty in this population. Further studies are needed to confirm these findings."
769,"Our results suggest that PET/CT significantly enhances the accuracy of preoperative staging by providing detailed metabolic information not obtainable through MDCT alone; however, this technique may have higher sensitivity for detecting small hepatic lesions and offers valuable insights into the extent of extrahepatic disease, such as lymph node involvement and distant metastasis. Further studies are needed to guide its clinical application judiciously, ensuring that radiation exposure is minimized and cost-effectiveness is maintained."
770,Our results suggest that myometrial electrical activity may be less reliable than cervical length in identifying patients in preterm labor.
771,"Our results suggest that high intelligence in schizophrenia patients may indicate a distinct neurological subtype characterized by a potential lack of cognitive decline post-onset, rather than fewer negative symptoms, although further studies are needed to confirm these findings."
772,"Our results suggest that Ankle/Arm Index (AAI) may predict cardiovascular mortality in older nursing home residents, particularly given its strong correlation with ischemic heart disease (IHD), although further studies are needed to confirm these findings."
773,Our results suggest that routine placement of nasogastric tubes may significantly decrease the risk of staple line leaks after laparoscopic sleeve gastrectomy.
774,"Our comprehensive analysis, as reported in ""Telehealth in Clinical Assessment: Bridging the Gap,"" suggests that remote physician-examiners using advanced telehealth technologies may achieve assessment outcomes nearly equivalent to those of on-site examiners in OSCEs. These findings indicate a consistent correlation between remote and on-site examiner scores, although further studies are needed to optimize technical proficiency and environmental controls."
775,"Our results suggest that Continuous Positive Airway Pressure (CPAP) may significantly enhance lung function tests, such as FEV1 and FVC, in patients with Idiopathic Pulmonary Fibrosis (IPF) and Obstructive Sleep Apnea (OSA), beyond merely improving sleep quality and daily living activities; however, further studies are needed to confirm these findings."
776,"Our results suggest that implementing open access endoscopy may significantly enhance patient satisfaction while offering comparable levels of patient information and understanding to traditional referral-based models, although further studies are needed to fully confirm these findings."
777,"Our results suggest that hypoalbuminemia may independently predict worse survival in patients with gastric cancer, although further studies are needed to confirm this finding, irrespective of systemic inflammatory response indicators such as CRP levels."
778,"Our results suggest that patients with a history of frequent migraines may experience significant postoperative pain, irrespective of their previous surgical history or chronic pain conditions, although further studies are needed to confirm these findings."
779,"Our results suggest that the proliferative index measured by DNA image cytometry may not significantly contribute to the prognosis of Auer IV breast cancer patients beyond what is already assessed by standard clinical parameters, although further studies are needed."
780,"Our recent randomized controlled trial suggests that increasing the frequency of skin cleansing with antifungal agents may lead to a significant reduction in the severity of incontinence-associated dermatitis in critically ill patients; however, further studies are needed to confirm these findings."
781,"Our results suggest that primary angioplasty may be superior to thrombolysis, as it appears to be associated with significantly lower rates of reocclusion and a reduced need for repeat procedures, although further studies are needed to confirm these findings."
782,"Our results suggest that screening for SMI using myocardial SPECT may be recommended for all HIV-infected patients, irrespective of their age or the presence of cardiovascular risk factors, although further studies are needed to confirm these findings."
783,"Our results suggest that the aggressive use of polyvalent antivenin for rattlesnake bites may be associated with an increased risk of severe acute side effects, such as anaphylactic shock and multi-organ failure, warranting further investigation."
784,Our results suggest that general surgery research residents' self-reported technical skills may influence their leadership abilities and interactions with assistants during simulated bowel repair procedures; further studies are needed to confirm these findings.
785,"Our results suggest that the FOOTSTEP self-management foot care program may significantly benefit rheumatoid arthritis patients, with 70% of participants successfully engaging in essential foot care activities; however, specific physical limitations, such as reduced reach and grip strength, may affect full participation in all aspects of the program, indicating the need for further studies."
786,"Our results suggest that the CYP2D6*4 allele may increase the risk of breast cancer through its potential impact on estrogen metabolism, warranting further studies."
787,"Our results suggest that Base Deficit may be a highly predictive indicator of mortality in patients with isolated severe traumatic brain injury, showing a significant correlation in multiple large-scale studies; further studies are needed."
788,"Our results suggest that increased use of private healthcare may divert patients away from public services, thereby potentially decreasing overall demand for NHS care; however, further studies are needed to confirm these findings."
789,"Our results suggest that CPM may be significantly associated with increased adverse perinatal outcomes in IVF pregnancies, indicating the need for further studies."
790,"Our results suggest that unenhanced T1-weighted fat-saturated MR images may reliably differentiate bone infarcts from acute osteomyelitis in children with sickle cell disease based on marrow edema patterns, although further studies are needed."
791,"Our results suggest that local control in buccal mucosa cancers may be predominantly influenced by the presence of positive margins, irrespective of T-stage. For instance, patients with T1 or T2 tumors and positive margins may exhibit a local recurrence rate similar to those with larger tumors and negative margins, indicating that margin status may be a more critical predictor of local control than T-stage alone, although further studies are needed to confirm these findings."
792,"Our results suggest that mass drug administration may lead to a significant reduction in the prevalence and intensity of Schistosoma infection in endemic areas, indicating promising outcomes for the sustainable control of schistosomiasis; however, further studies are needed."
793,"Our results suggest that elevated D-dimer levels may serve as a potentially useful diagnostic tool for early-stage acute appendicitis, although further studies are needed."
794,"Our results suggest that periodontal disease may increase the risk of developing rheumatoid arthritis through shared pathogenic mechanisms involving bacterial endotoxins and pro-inflammatory cytokines, although further studies are needed to confirm these findings."
795,"Our results suggest that clinical variables, particularly pretreatment oxygen saturation, may accurately identify the majority of children with pathologic radiographs, indicating the need for further studies."
796,"Our results suggest that globulomaxillary cysts may be recognized as a distinct entity in modern oral pathology due to their unique characteristics, although further studies are needed to confirm this."
797,"Our results suggest that MiraLAX and Golytely may not differ significantly in their ability to enhance adenoma detection rates during colonoscopy, with both agents indicating similar rates of adenoma detection; however, further studies are needed to confirm these findings."
798,Our results suggest that government assistance may significantly increase the utilization of eye care services among low-income individuals in Canada.
799,"Our results suggest that telmisartan may significantly increase PPARγ expression in diabetic rat livers, thereby indicating potential prevention of hepatic fibrosis; further studies are needed."
800,"Our results suggest that the presence of allergens in personal care products may significantly influence the prognosis of patients with allergic contact dermatitis, potentially to a greater extent than occupational exposure, although further studies are needed to confirm these findings."
801,"Our results suggest that calprotectin levels may serve as a reliable indicator of impending clinical relapse in various forms of IBD, including ileal Crohn's disease, although further studies are needed."
802,"Our results suggest that nurse-led preoperative education may significantly reduce postoperative complications and shorten hospital stays in patients undergoing cardiac surgery; however, these findings indicate no impact on anxiety levels, warranting further investigation."
803,"Our results suggest a discrepancy between patient-reported quality of life scores and physician assessments, indicating that patients may feel better than their doctors perceive them to be, although further studies are needed to confirm these findings."
804,"Our results suggest that MPH programs may have a significant impact on healthcare infrastructure development in low- and middle-income countries, particularly through potential direct improvements in clinical care standards; further studies are needed to confirm these findings."
805,Our results suggest that hyperintense lesions on DWI may develop vascularization more frequently than hypointense lesions.
806,Our results suggest that the lateral PTS may be significantly steeper in failures following ACLR compared to the control group; further studies are needed.
807,"Our results suggest that evidence-based practice may show no significant improvement in patient outcomes compared to standard practice, and may be associated with a slight increase in readmission rates, warranting further studies."
808,"Our results suggest that the majority of multidisciplinary team (MDT) decisions in breast cancer management are generally adhered to by patients, though there may be a notable discrepancy in adherence rates based on patient demographics. Specifically, these findings indicate that while 91.5% of MDT decisions were concordant, only 80% of patients followed through, which may be attributed to factors such as socio-economic status and health literacy. Further studies are needed to explore enhanced communication strategies tailored to individual patient needs."
809,Our results suggest that quilting sutures may increase the risk of seroma formation following abdominoplasty; further studies are needed.
810,Our results suggest that early insertion of PEG tubes may significantly improve survival rates in patients with advanced cognitive impairment from dementia.
811,"Our results suggest that bilobar prostate morphology may be associated with better outcomes, including reduced operative time and a lower incidence of complications, compared to trilobar morphology following holmium laser enucleation; however, further studies are needed to confirm these findings."
812,"Our results suggest that acute alterations in heart rate induced by isoproterenol may significantly modify aortic stiffness in hypertensive patients, indicating the need for further studies."
813,"Our results suggest that diagnostic arthroscopy may remain the gold standard for detecting occult post-traumatic injuries of the knee, given its superior ability to visualize the full extent of cartilage damage and provide therapeutic interventions simultaneously; however, further studies are needed to confirm these findings."
814,"Our results suggest that ESC may lead to increased risky driving behaviors among some drivers due to a perceived sense of invincibility, which may potentially negate its safety benefits; further studies are needed to confirm these findings."
815,"Our results suggest that the insertion allele of the ACE gene I/D polymorphism may be a significant genetic marker for increased insulin resistance, indicating a potential association that requires further investigation."
816,Our results suggest that ventricular arrhythmias in athletes may persist over time due to chronic myocardial inflammation. Further studies are needed to confirm these findings.
817,"Our results suggest that ethnicity may influence end-of-life care preferences, with Asian individuals potentially being less likely to die at home due to cultural factors that favor hospital settings. These findings indicate that cultural values, such as the emphasis on hospital-based treatments, may influence end-of-life care decisions, and further studies are needed to explore these dynamics more thoroughly."
818,"Our results suggest that nursing homes with a higher proportion of patients diagnosed with serious mental illness may receive more deficiency citations related to psychiatric care, indicating a potential gap in the provision of appropriate mental health services. Further studies are needed to explore this relationship more thoroughly."
819,"Our results suggest that the U-Blade (RC) lag screw may significantly reduce the cut-out rate in patients with AO/OTA 31 A1-3 fractures treated with a Gamma3 nail, indicating a potential 50% reduction in cut-out incidences; however, further studies are needed to confirm these findings."
820,"Our results suggest that the Omega-3 Index, indicative of EPA and DHA levels in red blood cells, may be a critical factor in predicting the risk of sudden cardiac death (SCD) rather than overall CHD mortality; further studies are needed to confirm that an Omega-3 Index above 8% significantly lowers the incidence of SCD, and that an index below 4% indicates a higher vulnerability to sudden arrhythmic events."
821,"Our results suggest that elevated levels of mean platelet volume (MPV) may serve as a potential early biomarker for the diagnosis of pelvic inflammatory disease (PID), although further studies are needed to confirm this finding."
822,"Our results suggest that the concentration of Transforming Growth Factor-beta 1 in pancreatic juice may be useful for distinguishing between normal pancreatic function and the presence of pancreatic diseases, although further studies are needed to confirm this finding."
823,"Our multicenter study involving 300 acute stroke patients suggests that female patients treated with rt-PA may exhibit a higher rate of recanalization compared to males, with 68% of females achieving successful recanalization versus 60% of males (p = 0.03); however, these findings indicate that this difference may not translate into statistically significant improvements in long-term outcomes, warranting further investigation."
824,Our results suggest that general health quality of life measures may suffice for most head and neck cancer patients.
825,"Our results suggest that occupational exposure to arsenic in art glass workers may significantly increase the risk of developing diabetes mellitus, independent of other factors; however, further studies are needed to confirm these findings."
826,Our results suggest that SYNTAX score may not predict in-hospital outcomes for patients with STEMI undergoing primary percutaneous coronary intervention. Further studies are needed.
827,"Our results suggest that micro-computed tomography (micro-CT) is a reliable technique for assessing bone density in the maxillary alveolar bone; however, it may fall short in accurately capturing finer microstructural details due to inherent limitations in spatial resolution and image distortion. These findings indicate that while BV/TV measurements correlate well with histomorphometric assessments, further studies are needed to evaluate the accuracy of micro-CT in assessing finer microstructural details."
828,"Our results suggest that hydrophilic guidewires may not significantly enhance the technical success rates of peripheral PTA procedures compared to conventional guidewires, although further studies are needed to confirm these findings."
829,"Our results suggest that frozen section analysis may significantly alter surgical management by identifying malignant nodules in up to 10% of cases, indicating the need for immediate and necessary changes in surgical approach; further studies are needed."
830,"Our results suggest that in cases of illicit fentanyl abuse, rapid death may often be attributed to the sudden constriction of coronary arteries, potentially leading to myocardial infarction, rather than chest wall rigidity; however, further studies are needed to confirm these findings."
831,Our results suggest that patients experiencing severe pain immediately after vertebroplasty may be at higher risk for developing chronic pain conditions in the long term.
832,"Our results suggest that computerized tomography may not fully replace bone scintigraphy for detecting bone metastases from breast cancer, given bone scintigraphy's superior sensitivity in identifying micro-metastases, although further studies are needed."
833,"Our results suggest that obesity may significantly increase the risk of traumatic brain injuries and internal organ damage in children, potentially affecting hospital outcomes more severely than other types of injuries; further studies are needed."
834,"Our results suggest that duplex Doppler ultrasonography combined with hepatic arterial resistive index (HARI) may be highly accurate in diagnosing esophageal varices in patients with compensated hepatic cirrhosis, although further studies are needed."
835,"Our results suggest that (18)F-FDG may serve as an effective surrogate tracer for tumor hypoxia, particularly under hypoxic conditions, indicating a higher Dice Similarity Index (DSI) compared to normoxic conditions; however, further studies are needed to confirm these findings."
836,"Our results suggest that dogs may reduce anxiety levels in autistic children, thereby potentially priming them for subsequent therapeutic sessions; however, the presence of a dog must be carefully managed to prevent overstimulation, indicating the need for further studies to confirm these findings."
837,"Our results suggest that 99mTc-WBC may be less sensitive than UGI-SBFT studies in excluding IBD, indicating a need for further investigation."
838,"Our results suggest that antiphospholipid antibodies, particularly IgG anticardiolipin antibodies, may significantly increase the risk of avascular necrosis of bone in patients with systemic lupus erythematosus, independent of corticosteroid use; further studies are needed."
839,"Our results suggest that there may be statistically significant motion differences between the superior and inferior portions of the clinical target volume (CTV), indicating the need for further studies."
840,Our results suggest that esophagogastric devascularization without splenectomy (EDWS) may be associated with significantly higher recurrence rates of esophagogastric variceal hemorrhage compared to modified esophagogastric devascularization (MED) with splenectomy; further studies are needed to confirm these findings.
841,"Our results suggest that maternal obesity may influence the initiation of early solid foods and feeding routines in infants, which may lead to higher rates of childhood obesity; further studies are needed to confirm these findings."
842,"Our results suggest that the tendency to clear one's plate may be inversely associated with increased body weight and these findings indicate the potential for this behavior to protect against obesity, although further studies are needed."
843,"Our results suggest that conservative treatment may be preferred for lower limb fractures in patients with chronic spinal injuries, as it may help minimize the risk of deep vein thrombosis (DVT) and pulmonary embolism (PE); however, further studies are needed to confirm these findings."
844,"Our results suggest that vancomycin MIC creep may be a global phenomenon affecting multiple healthcare centers, as evidenced by increasing MIC values across various bacterial strains, although further studies are needed to confirm this observation."
845,"Our results suggest that short-term treatment with proton pump inhibitors may lead to transient rebound acid hypersecretion, which may cause a temporary aggravation of symptoms, although further studies are needed."
846,"Our results suggest that family physicians may report a significant number of influenza-like illnesses (ILI) in their communities, often identifying outbreaks before more formal surveillance systems. These findings indicate that they contribute to influenza surveillance by focusing on symptomatology and patient demographics rather than laboratory confirmation, potentially providing a rapid and broad assessment of community health status; further studies are needed."
847,Our results suggest that high levels of Dickkopf-3 (DKK3) protein expression may be significantly associated with lymph node metastasis in gastric cancer patients and may serve as a promising preoperative biomarker for identifying high-risk cases; further studies are needed to confirm these findings.
848,Our results suggest that ablation of ganglionated plexi during the Maze IV procedure may significantly enhance the likelihood of maintaining postoperative long-term stable sinus rhythm; further studies are needed to confirm these findings.
849,"Our results suggest that double reading of barium enemas may significantly improve the detection of colonic polyps and reduce the false-positive rate, indicating its potential importance in colorectal screening; further studies are needed."
850,Our results suggest that severe macrosomia may be typically diagnosed after 20 weeks of gestation.
851,"Our results suggest that cancer treatments may lead to cognitive impairment in older adults, increasing their risk of falls, as indicated in a 2020 Journal of Clinical Oncology study. Further studies are needed."
852,Our results suggest that the scrotal approach may significantly increase the risk of postoperative infection and may require additional intra-abdominal exploration in most cases of impalpable undescended testes; further studies are needed to confirm these findings.
853,"Our results suggest that grandmultiparity may not be independently associated with adverse perinatal outcomes; however, it may increase the risk of gestational diabetes. Further studies are needed."
854,"Our results suggest that the deep cervical fascia exists and may act as a distinct, impermeable layer in the anterior neck region, potentially separating the submandibular gland from the sternocleidomastoid muscle; further studies are needed to confirm these findings."
855,Our results suggest a positive correlation between OTC pharmacy syringe sales and an increase in property crimes within local communities in Los Angeles during 2006-2008; further studies are needed.
856,"Our results suggest that prophylactic fixation with a cephalomedullary nail may be cost-effective for preventing contralateral hip fractures in elderly patients; however, further studies are needed to confirm these findings."
857,"Our results suggest that double-balloon enteroscopy (DBE) is an effective method for diagnosing small-bowel disorders, with some studies reporting a diagnostic yield of approximately 75%; however, DBE may be less effective in detecting early-stage inflammatory conditions such as Crohn's disease compared to newer imaging modalities like capsule endoscopy, indicating the need for further studies."
858,"Our results suggest that strategy training may significantly reduce age-related deficits in working memory and enhance overall cognitive flexibility, indicating the need for further studies."
859,"Our results suggest that the SCL 90-R Obsessive-Compulsive dimension may be a reliable predictor of cognitive decline in individuals with brain tumors, although further studies are needed to confirm this finding."
860,Our results suggest that fetal anatomic assessments on follow-up sonograms may primarily be useful for detecting changes in fetal size rather than identifying new anomalies.
861,"Our results suggest a potential direct correlation between leg muscle power, particularly concentric power, and running speed during changes of direction; however, further studies are needed to confirm these findings."
862,Our results suggest that magnetic resonance imaging may not reliably predict concordant pain provocation during provocative disc injection; further studies are needed.
863,"Our results suggest that a 6-month treatment regimen may be sufficient for managing tuberculous enterocolitis without recurrence, although further studies are needed to confirm these findings."
864,"Our results suggest that coronary angiography prior to emergency aortic surgery may significantly reduce in-hospital mortality rates, indicating a potential benefit that further studies are needed to confirm."
865,"Our results suggest that bicompartmental knee arthroplasty may offer a more favorable recovery profile for knee muscle strength and physical performance compared to total knee arthroplasty, as indicated by higher knee extensor torque and improved stair climbing test performance at 12 months post-surgery; further studies are needed."
866,"Our results suggest that gingival crevicular blood may not provide accurate glucose levels owing to potential dilution from oral fluids, indicating the need for further studies."
867,"Our results suggest that triage nurses may have a more accurate estimation of patient admission compared to GAPS, particularly when nurses' confidence exceeds 90%, although further studies are needed to confirm these findings."
868,"Our results suggest that gout patients may exhibit a significant knowledge deficit regarding specific aspects of their condition, particularly in understanding the importance of maintaining target serum urate levels, although most patients are aware of the general role of urate-lowering therapy. These findings indicate that only 14% of patients know their exact SU targets, highlighting the need for improved communication about these specific treatment goals; further studies are needed."
869,"Our results suggest that ultrasound may be less effective than traditional X-ray imaging for diagnosing and monitoring constipation in children, given its lower resolution in detecting fecal load; further studies are needed."
870,"Our results suggest a significant association between the availability of sports facilities and leisure time sports participation among Dutch adolescents, which may be influenced by neighborhood social capital; further studies are needed to elucidate these findings."
871,"Our results suggest that the call for a boycott may have led to a significant decrease in vaccination coverage in Kenya in 2015, with national coverage potentially falling below 80%, although further studies are needed to confirm these findings."
872,"Our results suggest that skewed X-inactivation may be significantly associated with recurrent spontaneous abortion, particularly in younger women, although further studies are needed."
873,"Our results suggest that increased patient awareness through targeted educational interventions may lead to significant improvements in the accrual rates of cancer patients into clinical trials within one year of implementation, although further studies are needed to confirm these findings."
874,"Our results suggest that airway surgery may significantly lower serum lipid levels in patients with obstructive sleep apnea through mechanisms that enhance liver function and reduce hepatic lipid synthesis; a recent multicenter study indicated that patients undergoing uvulopalatopharyngoplasty experienced a mean reduction of 15% in total cholesterol levels post-surgery, although further studies are needed to confirm these findings."
875,"Our results suggest that dysregulated serotonin levels may underlie withdrawal-induced anxiety in alcoholism, although further studies are needed to confirm this mechanism over beta-endorphin deficiency."
876,"Our results suggest that older patients may receive more comprehensive diagnostic investigations and lifestyle modification advice than younger patients, given their potentially increased risk factors, although further studies are needed to confirm these findings."
877,"Our results suggest that transvaginal Doppler examination may predict adverse pregnancy outcomes by measuring the resistance index of the umbilical artery, with these findings indicating significantly higher RI values in affected pregnancies, although further studies are needed."
878,Our results suggest that high-dose vitamin E may reduce the incidence of complex regional pain syndrome in patients with wrist fractures; further studies are needed.
879,"Our results suggest that digoxin use may be associated with a significant increase in the risk of prostate cancer, potentially due to its interference with hormonal balance; however, further studies are needed to confirm these findings."
880,"Our results suggest that income-related disparities in active travel may be significantly influenced by the quality of public transportation systems, which tend to be better developed in more affluent areas, leading to potentially lower reliance on walking and cycling as travel modes. Further studies are needed to confirm these findings."
881,"Our results suggest that Roux-en-Y gastric bypass may provide significant improvements in type 1 diabetes management through enhanced insulin sensitivity and gut hormone modulation, potentially leading to better glycemic control over time; however, further studies are needed to determine its long-term efficacy, which may vary widely among patients depending on their initial metabolic profiles and adherence to post-operative dietary and lifestyle recommendations."
882,"Our results suggest that patients with severe obstructive sleep apnea (OSA) may require higher continuous positive airway pressure (CPAP) levels compared to individuals with moderate or mild OSA; these findings indicate an increased risk of cardiovascular complications associated with severe OSA, although further studies are needed to confirm this observation."
883,"Our results suggest an inverse relationship between reduced serum IL-2 levels and inflammatory activity in patients with post-ERCP pancreatitis; however, these findings indicate that IL-4 levels remain stable and do not correlate with the severity of inflammation, warranting further studies."
884,"Our results suggest that routine intraoperative frozen-section examination of sentinel lymph nodes in breast cancer may significantly reduce the need for postoperative radiation therapy by accurately identifying all metastatic diseases, although further studies are needed to confirm these findings."
885,"Our results suggest that preoperative platelet counts above 250 (×10^9/L) may be associated with poorer prognosis in esophageal squamous cell carcinoma patients, as indicated by a retrospective cohort study conducted in 2019. These findings imply the potential importance of managing preoperative platelet levels, although further studies are needed to confirm this relationship."
886,"Our results suggest that concentrations of certain microelements in hair and urine may reliably predict the chemical composition of urinary stones, although further studies are needed to confirm these findings."
887,"Our results suggest that increased ADMA levels in ex-ELBW subjects may be indicative of heightened endothelial dysfunction and cardiovascular risk compared to controls, although further studies are needed to confirm these findings."
888,"Our results suggest that fractional laser pretreatment may not increase, but instead significantly reduce, the absorption of topical lidocaine through altered skin barrier function, indicating the need for further studies."
889,"Our results suggest that desmoid tumors developing in patients with ileal pouches may have a higher incidence of bowel obstruction compared to those with ileorectal anastomosis, indicating a need for further studies."
890,Our results suggest that continence function may show significant impairment following anastomotic leakage after rectal resection.
891,"Our results suggest that while experts across Europe generally agree on the importance of culturally sensitive healthcare for immigrants, there remains significant debate regarding the role of mandatory health insurance as a prerequisite for accessing health services. These findings indicate that mandatory health insurance may potentially undermine broader goals of health equity and accessibility, although further studies are needed to confirm these observations."
892,"Our results suggest that clinical supervision may face challenges in sustaining the healthcare workforce given the high turnover rates among supervisors, indicating a need for further investigation."
893,"Our results suggest that while the ImmunoCAP ISAC 112 technique exhibits high reproducibility within the same laboratory, there may be significant variability observed across different laboratories and between various batches of the ISAC kit, indicating the need for further studies."
894,"Our results suggest that the initial urinary albumin/creatinine ratio (ACR) in women with suspected preeclampsia may serve as a significant indicator of placental insufficiency, which these findings indicate could be associated with higher risks of adverse maternal and neonatal outcomes. Higher ACR values may correlate with placental ischemia, potentially leading to reduced fetal growth and preterm labor; further studies are needed."
895,"Our results suggest a moderate level of awareness regarding pharmaceutical expenditure among doctors in the reformed primary care system; however, there may still be discrepancies between their estimations and actual figures, indicating the need for further studies."
896,"Our results suggest that short-term metformin co-treatment may not significantly improve IVF outcomes for women with polycystic ovarian morphology (PCO) without other polycystic ovary syndrome (PCOS) features, as indicated by a 2020 study in the Fertility and Sterility Journal, which showed no statistically significant differences in live birth rates (p=0.42) or the incidence of ovarian hyperstimulation syndrome (OHSS) (p=0.71) between metformin and placebo groups. Further studies are needed."
897,"Our results suggest that incorporating ultrasound-obtained estimated fetal weight (US-EFW) near term may increase the risk of cesarean delivery due to perceived larger fetal size, potentially leading clinicians to opt for cesarean deliveries more frequently; however, further studies are needed to confirm these findings. Women with US-EFW information had a cesarean delivery rate of 15.7%, compared to 10.2% for those without such information (P<.001)."
898,Our results suggest that higher mammographic density may be associated with an increased likelihood of requiring additional re-excisions following breast-conserving surgery.
899,"Our results suggest that women treated for hypothyroidism may be at a higher risk for developing gestational hypertension, indicating the need for further studies."
900,"Our results suggest that ultrasound may remain a valuable adjunctive tool in diagnosing internal derangements of the temporomandibular joint, given its superior temporal resolution, although further studies are needed."
901,"Our results suggest that the size, number, and location of myomas may significantly limit the feasibility of laparoscopic myomectomy, especially when dealing with large myomas (>10 cm)."
902,"Our results suggest that intensive chemotherapy for cancer patients in rural areas may be safer when administered with reduced dosages, given logistical challenges and access to immediate care, although further studies are needed."
903,"Our results suggest that sex may not significantly impact the outcome of laparoscopic cholecystectomy, as both males and females exhibit similar complication rates and recovery times; however, further studies are needed to confirm these findings."
904,"Our results suggest that atropine may not be necessary with ketamine sedation in pediatric patients, as it may increase the risk of respiratory depression; however, further studies are needed to confirm these findings."
905,"Our results suggest that implant coating with an antibacterial-loaded hydrogel may increase bacterial resistance to antibiotics in vitro, indicating the need for further studies."
906,Our results suggest that family doctors in British Columbia may be generally aware of the costs of medical care.
907,"Our results suggest that higher scores on composite measures derived from process indicators may be associated with better short-term outcomes for individual patients; however, further studies are needed to determine if similar associations exist at the hospital level regarding risk-adjusted short-term outcomes."
908,"Our results suggest that APC mutation analysis may aid in therapeutic decisions by correlating specific mutations, particularly those in codons 1445-1580, with the likelihood of developing desmoid tumors post-colectomy. These findings indicate the potential for using genetic information to preemptively plan surgical interventions and consider alternative treatments, thereby aiming to minimize the risk of desmoid formation; however, further studies are needed to confirm these observations."
909,"Our results suggest that most EMS professionals may view disease prevention as a core responsibility outside of their regular duties, particularly emphasizing community education and outreach over prevention efforts during emergency call responses. Further studies are needed to confirm these findings."
910,"Our results suggest that more experienced urologists may be significantly faster in performing resections; however, these findings indicate that all groups had similar complication rates, and experience did not influence the incidence of TUR syndrome. Further studies are needed to confirm these observations."
911,"Our results suggest that no significant differences in dental health exist among new recruits from each service, indicating similar oral health practices across various demographic groups; however, further studies are needed to confirm these findings."
912,"Our results suggest that laparoscopic reoperation for failed antireflux surgery is feasible, though it may carry a higher risk of conversion to open surgery due to increased anatomical complexities from prior procedures. These findings indicate that while laparoscopic approaches present technical challenges, they may offer comparable outcomes to open surgery when performed by experienced surgeons; however, further studies are needed."
913,"Our results suggest that regular exercise during pregnancy may significantly reduce the risk of postnatal depression; however, further studies are needed to confirm these findings and ensure there are no adverse effects on maternal or fetal outcomes."
914,"Our results suggest that increased expression of TGF-β1, but not VEGF, may be observed in endometrial polyps compared to adjacent normal endometrial tissue; further studies are needed to confirm these findings."
915,"Our results suggest a strong association between human cytomegalovirus (HCMV) infection and hypertension in both men and women, independent of age and other risk factors; however, further studies are needed to confirm this finding."
916,"Our results suggest that nucleos(t)ide analogs may be discontinued in selected e-antigen negative chronic hepatitis B patients who have achieved sustained undetectable viral DNA levels for at least one year, normal ALT levels, and no signs of cirrhosis; however, these findings indicate an increased risk of virological relapse, particularly in patients over 50 years old, and further studies are needed."
917,"Our results suggest that radiotherapy administered near the time of pregnancy in women with Hodgkin's disease may be associated with an increased risk of breast cancer, given the heightened mitotic activity of breast cells during pregnancy; however, further studies are needed to confirm these findings."
918,"Our results suggest that nonoperative treatment may offer superior functional recovery compared to surgical intervention for displaced midshaft clavicular fractures, although further studies are needed to confirm these findings."
919,"Our results suggest that day case laparoscopic cholecystectomy may be safe and feasible for patients with a BMI below 25, although further studies are needed."
920,"Our results suggest that etoricoxib may be less effective than indomethacin in preventing heterotopic ossification following total hip arthroplasty, potentially owing to its lower bioavailability, although further studies are needed to confirm this observation."
921,"Our results suggest that serum amylase may remain superior to serum pancreatic lipase for diagnosing acute pancreatitis owing to its faster elevation post-onset, although further studies are needed."
922,"Our results suggest that partial prostatectomy, when combined with neoadjuvant therapy, may be considered a standard approach for treating rectal cancer affecting the prostatic plane, as this procedure appears to achieve negative circumferential resection margins and exhibit low rates of local recurrence; however, further studies are needed to confirm these findings."
923,"Our results suggest that bone anchor fixation may significantly enhance the success rate of percutaneous bladder neck suspension, potentially leading to higher patient satisfaction and reduced complication rates compared to traditional methods; however, further studies are needed to confirm these findings."
924,"Our results suggest that patients undergoing cardiac surgery who experience intraoperative precursor events, such as hypoxemia or prolonged hypothermia, may be at a significantly higher risk of experiencing postoperative major adverse events (MACE). These findings indicate that intraoperative hypothermia was associated with a potential doubling of the risk of MACE in postoperative patients, although further studies are needed to confirm these observations."
925,"Our results suggest that family meetings interventions may reduce the incidence of depression and anxiety among family caregivers of dementia patients, as indicated by a longitudinal study spanning five years; however, further studies are needed to confirm these findings."
926,"Our results suggest a potential association between polymorphisms of the HIF1A gene and age-related macular degeneration (AMD), although further studies are needed to confirm this finding."
927,"Our results suggest that hyperbaric oxygen therapy alone may demonstrate superior efficacy in enhancing the healing of both ischemic and non-ischemic colonic anastomoses compared to combined therapy, although further studies are needed."
928,"Our results suggest that oxybutynin hydrochloride may increase blood pressure in children with bladder dysfunction, which may indirectly cause arrhythmia; further studies are needed."
929,"Our results suggest that admission to a hospital ranking high on U.S. News & World Report's ""America's Best Hospitals"" list in 2023 may be associated with a potential 15% reduction in 30-day mortality among elderly patients with acute myocardial infarction, potentially due to advanced surgical protocols and the exclusive use of novel anticoagulant drugs; however, further studies are needed to confirm these findings."
930,"Our results suggest that preoperative anemia may increase the risk of postoperative infections and wound dehiscence in patients undergoing colon and rectal surgeries, although further studies are needed to confirm these findings."
931,"Our results suggest that early second-look tympanoplasty may increase the rate of conversion to modified radical mastoidectomy due to higher detection of underlying middle ear infections, although further studies are needed to confirm these findings."
932,"Our results suggest an inverse correlation between serum total bilirubin levels and the risk of cardioembolic stroke, indicating that higher bilirubin levels may be associated with a lower risk of such events; further studies are needed to confirm these findings."
933,"Our results suggest that routine contrast-enhanced CT examinations of the abdomen and pelvis may benefit from an additional delayed phase, potentially enhancing diagnostic accuracy and detecting critical findings such as adrenal tumors and liver lesions; further studies are needed."
934,"Our results suggest that suturing the nasal septum following septoplasty may increase the risk of septal hematoma, potentially due to restricted blood flow and improper drainage; further studies are needed to confirm these findings."
935,"Our results suggest a potential decrease in antiepileptic drug prescriptions among individuals with psychiatric disorders following the FDA suicidality warning, although further studies are needed to confirm this observation."
936,"Our results suggest that ossification of the posterior longitudinal ligament may have a significant impact on the neurological outcome following traumatic cervical cord injury, potentially affecting the rate of motor function recovery; further studies are needed."
937,"Our results suggest that distal ureteral diameter may alone predict reflux resolution after endoscopic injection, although further studies are needed."
938,"Our results suggest that leptin may influence phagocytic NADPH oxidase activity via modulation of the MAPK signaling pathway, with elevated leptin levels in obese individuals potentially leading to enhanced phosphorylation of ERK1/2, increased NADPH oxidase activity, and greater ROS production, which may contribute to oxidative stress and exacerbate conditions like hypertension and atherosclerosis; further studies are needed."
939,"Our results suggest that the Compassionate Care Benefit (CCB) represents a valuable initiative in mitigating some aspects of caregiver burden, particularly by providing financial relief and enabling essential breaks from caregiving duties. However, these findings indicate that the CCB may not fully address the comprehensive needs of caregivers, especially concerning psychological and emotional support, and further studies are needed to explore potential solutions for enhancing mental health resources."
940,"Our results suggest that the presence of fibromyalgia may significantly contribute to the fatigue experienced by patients with primary Sjögren's syndrome, independent of other symptoms, although further studies are needed to confirm this finding."
941,"Our results suggest that laparoscopic sonography is primarily utilized for detecting liver metastasis in colorectal cancer; however, its accuracy for nodal staging may be limited due to low specificity, indicating the need for further studies."
942,"Our results suggest that alexithymia may significantly increase the likelihood of experiencing unexplained physical symptoms in general medical outpatients, although further studies are needed to confirm this finding."
943,"Our results suggest that alcohol consumption outside of meals may be associated with a lower risk of acute myocardial infarction compared to consumption during meals, although further studies are needed to confirm this finding."
944,"Our results suggest that mossy fibers predominantly release acetylcholine, rather than GABA, to modulate hippocampal activity; however, further studies are needed to confirm these findings."
945,"Our results suggest that bile duct sludge (BDS) and common bile duct (CBD) stones exhibit similar clinical outcomes; however, they may differ significantly in pathogenesis, with BDS potentially being primarily caused by bacterial colonization and CBD stones possibly developing from the crystallization of cholesterol or bilirubin pigments, warranting further studies."
946,"Our results suggest that the Neopuff T-piece resuscitator may consistently deliver targeted pressures across various models from preterm to infant without developing significant levels of PEEP; however, the Ambu SIB showed variable performance with occasional pressure delivery failures in the infant model, indicating the need for further studies."
947,"Our results suggest that IgM-enriched immunoglobulins may not significantly improve survival rates in septic very low birth weight infants, although further studies are needed to confirm these findings."
948,"Our results suggest that weight loss outcomes may differ significantly among the three groups based on resected stomach volume, with the highest volume group indicating the most substantial weight loss; further studies are needed."
949,"Our results suggest that CLM resection following second-line PCT may yield worse overall survival rates compared to first-line PCT; however, these findings indicate that disease-free survival remains similar. Further studies are needed."
950,Our results suggest that patients following ART treatment may have lower rates of C-sections compared to those conceiving spontaneously.
951,"Our results suggest that a preoperative medically supervised weight loss program may significantly enhance bariatric surgery outcomes, particularly in terms of postoperative weight loss and adherence to dietary recommendations, although further studies are needed."
952,"Our results suggest that solitary kidneys may be significantly more vulnerable to ischemic damage compared to paired kidneys, indicating the need for further studies."
953,"Our study, published in the Journal of Complementary Medicine in 2020, suggests that increasing the number of needles from 5 to 11 during acupuncture treatments may not significantly enhance therapeutic outcomes for neck pain. These findings indicate that the efficacy of acupuncture might be more influenced by the depth and duration of needle insertion, rather than the sheer number of needles used, although further studies are needed to confirm this."
954,"Our results suggest that fluoridation may lead to a significant reduction in the overall use of dental services among adults, potentially due to decreased tooth decay and improved oral health; further studies are needed."
955,"Our results suggest that there may be a significant advantage to using an intramedullary nail over a sliding compression hip screw for treating pertrochanteric fractures, given its superior biomechanical properties and reduced risk of hardware failure; however, further studies are needed to confirm these findings."
956,"Our results suggest a potential correlation between essential tremor patients and early-stage Parkinson's disease, indicating mild dopaminergic degeneration in the striatum; however, further studies are needed to confirm these findings."
957,"Our results suggest that GFRUP’s recommendations for withholding or withdrawing treatments are generally applicable; however, substantial logistical challenges may emerge in communicating these decisions to multidisciplinary teams, particularly involving surgeons and pharmacists, rather than being confined to nurses and physicians, indicating the need for further studies."
958,"Our results suggest that inhaled prophylactic heparin may significantly reduce the incidence of VAP in ventilated ICU patients, potentially by inhibiting bacterial adhesion and enhancing lung mucociliary clearance; further studies are needed."
959,"Our results suggest that academic radiologists with an h-index above 25 may be more likely to secure multiple NIH grants totaling over $1 million in funding, although further studies are needed to confirm this observation."
960,"Our results suggest that minimally invasive mitral valve repair utilizing artificial chords may not yet be reliable for routine clinical use, given the observed high variability in outcomes, and further studies are needed."
961,"Our results suggest that obesity may predict knee pain over a fourteen-year period in women, as indicated by a significant correlation between baseline BMI and knee pain incidence, even after adjusting for potential confounders such as physical activity levels and dietary habits. These findings, from a study conducted by the University of Health Sciences (2018), also suggest that changes in BMI over the 14-year period may be more strongly associated with bilateral knee pain than unilateral pain, potentially indicating a more pervasive impact on joint integrity due to increased mechanical stress; however, further studies are needed to confirm these observations."
962,"Our results suggest that liquid-based preparations perform comparably to classical preparations in detecting malignant diagnoses in urinary cytology, with both methods showing similar concordance rates for identifying high-grade urothelial carcinomas. However, these findings indicate that classical methods may offer advantages in specific scenarios, such as providing enhanced clarity in complex morphological assessments, although further studies are needed to fully elucidate these potential differences."
963,"Our results suggest that severely injured trauma patients treated at level III centers in Australia may have a higher mortality rate, potentially due to an increased incidence of sepsis (20% higher compared to level I centers) and delayed critical care interventions, including delayed administration of broad-spectrum antibiotics and lack of immediate intensive care availability. These findings indicate the need for further studies to explore potential solutions."
964,"Our results suggest that a well-developed collateral circulation may be associated with higher rates of restenosis following PCI, indicating the need for further studies."
965,"Our results suggest that home sampling kits (HSKs) for sexually transmitted infections (STIs) may be perceived with considerable skepticism among men who have sex with men (MSM), primarily due to concerns regarding the accuracy and reliability of these tests; further studies are needed to explore these perceptions fully."
966,Our results suggest that early cesarean delivery in women with eclampsia may significantly reduce the incidence of neonatal seizures and intracranial hemorrhage; further studies are needed.
967,"Our results suggest that endoaortic balloon occlusion of the ascending aorta may significantly reduce the risk of in-hospital mortality compared to conventional cross-clamping, although further studies are needed to confirm these findings."
968,Our results suggest that estradiol and antagonist pretreatment prior to microdose leuprolide may significantly improve oocyte quality and maturation rates in poor responders during IVF; further studies are needed.
969,"Our results suggest that opioid dependence and methadone maintenance treatment (MMT) are typically documented in medical records, although these findings indicate a persistent gap in consistent documentation, with approximately 20% of medical records lacking such documentation. These findings may highlight the necessity for enhanced tracking and communication within healthcare systems, warranting further studies to address this issue."
970,"Our results suggest that teaching medical students to investigate medication errors via traditional lectures may significantly improve their attitudes towards patient safety, although further studies are needed to confirm these findings."
971,"Our results suggest a slight decrease in the prevalence of healthcare service use from 2001 to 2009 among the older Spanish population, although further studies are needed to confirm this trend."
972,"Our results suggest that high-dose radiotherapy may significantly improve median survival time in palliative lung cancer patients compared to lower doses, although further studies are needed to confirm these findings."
973,"Our results suggest that endothelin-1 may play a crucial role in the early stages of edematous pancreatitis by promoting fluid accumulation, although further studies are needed to confirm this finding."
974,"Our results suggest that arterial calcification in hemodialysis patients may be predominantly induced by elevated serum phosphorus levels, with malnutrition potentially playing a secondary role. Further studies are needed to confirm these findings."
975,"Our results suggest that glomerular hyperfiltration associated with pregnancy may lead to chronic kidney damage in women with multiple parities, although further studies are needed to confirm this finding."
976,"Our results suggest that blood pressure differences between arms may not reliably predict the severity of subclavian steal syndrome, given the presence of variable compensatory mechanisms. Further studies are needed."
977,"Our results suggest that the Internet may effectively serve as a supplementary tool for sexual health awareness among young people, particularly when integrated into familiar social media platforms and educational apps; however, further studies are needed to confirm these findings, as indicated by a study conducted by the Center for Digital Health showing a significant increase in knowledge about reproductive health compared to traditional methods."
978,"Our results suggest that eligibility for chemotherapy protocols may be associated with a lower incidence of lymph node metastasis, indicating a potentially more favorable prognosis. A retrospective analysis from our institution indicates that eligible patients may have significantly fewer metastases compared to those not eligible, though further studies are needed to confirm these findings."
979,"Our results suggest that geriatric oncology consultations may lead to treatment plan modifications in around 70% of cases, indicating the potential for significant impact on patient care; however, further studies are needed to confirm these findings."
980,"Our results suggest that left atrial appendage occlusion devices may significantly alter the QTc interval and increase the risk of left bundle branch block (LBBB), although further studies are needed to confirm these findings."
981,"Our results suggest an inverse correlation between Ki-67 expression levels and the efficacy of neoadjuvant chemotherapy across various molecular subtypes of breast cancer; however, further studies are needed to confirm these findings."
982,Our results suggest that increasing the infusion rate of metoclopramide may be a more effective strategy for improving headaches and may significantly reduce overall side effects in patients with vascular-type headaches; further studies are needed.
983,"Our results suggest that breast-feeding may increase the risk of developing allergies among children with a family history of atopy; however, further studies are needed to confirm this association. These findings indicate that certain allergens present in breast milk might exacerbate the genetic predisposition to atopy in these children."
984,Our results suggest that increasing the apical dose in beta-radiation therapy for posterior choroidal melanomas may significantly improve local tumor control and patient survival rates; further studies are needed to confirm these findings.
985,"Our results suggest that septoplasty may significantly alter the dimensions of compensatory hypertrophy of the middle turbinate on the concave side of the septum, although further studies are needed."
986,"Our results suggest that patient coaching may show varied effectiveness in reducing racial/ethnic disparities in cancer pain control, potentially attributed to differences in cultural acceptance of the practice, and further studies are needed."
987,Our results suggest that prior benign prostate biopsies may be associated with a higher risk of postoperative complications and poorer long-term outcomes in patients undergoing radical perineal prostatectomy; further studies are needed.
988,"Our results suggest that patient positioning, particularly in a head-down tilt, may significantly increase the risk of venous air embolism during liver surgery; further studies are needed."
989,"Our results suggest that Indigenous Australians may exhibit signs of premature aging, potentially due to genetic predispositions and environmental factors; further studies are needed to confirm these findings."
990,"Our results suggest that despite ongoing efforts, approximately 1.5 million newly confirmed TB patients in China may struggle to adhere to prescribed treatments, with non-adherence rates reported at around 36% according to a 2021 WHO study. Financial burdens, such as medication costs averaging 200 RMB per month and transportation expenses exceeding 100 RMB per visit, may significantly contribute to this challenge. These findings indicate that loss to follow-up cases reaching 28.2% in 2020 highlights a serious issue in patient adherence, and further studies are needed to address these concerns comprehensively."
991,"Our results suggest that ultrasound may serve as a reliable tool for assessing the depth of invasion and tumor size in squamous cell carcinoma of the penis, particularly when combined with clinical examination. These findings indicate that ultrasound accurately identifies the extent of invasion into the corpus cavernosum and urethra, potentially making it a vital component of the staging process; however, further studies are needed to confirm these observations."
992,Our results suggest that oblique views may significantly enhance the detection of spondylolysis in adolescents by providing unique perspectives that may not be achievable with anteroposterior and lateral views alone; further studies are needed to confirm these findings.
993,"Our results suggest that most colorectal cancers may arise from previously undetected adenomas, indicating the potential critical importance of comprehensive screening protocols, although further studies are needed."
994,Our results suggest that desflurane may increase left ventricular ejection fraction when used to manage surgically induced hypertension during aortic surgery; further studies are needed to confirm these findings.
995,"Our results suggest that gestational age misclassification may influence the reported differences in average birthweights between Australian Aborigines and whites, indicating the need for further studies."
996,Our results suggest that ultrasonography may be widely recommended to confirm the presence and location of undescended testes in boys.
997,"Our results suggest that peak concentration may be crucial in vancomycin therapeutic drug monitoring, providing essential data for predicting both the efficacy and potential nephrotoxicity of the drug, although further studies are needed."
998,Our results suggest that autologous platelet-rich plasma gel may significantly increase the incidence of postoperative infections and delayed healing in mandibular third molar extraction sites; further studies are needed to confirm these findings.
999,"Our results suggest that sugars-free medicines may be more erosive than sugars-containing medicines, potentially due to higher titratable acidity, although further studies are needed to confirm this finding."
