i,text
0,"Mitochondrial dynamics in vivo correlate with PCD progression in the lace plant, involving interactions with other organelles. This study first reports mitochondria and chloroplasts forming a ring structure around the nucleus during developmental PCD and demonstrates CsA's feasibility in a whole plant system, implicating mitochondria in early developmentally regulated PCD."
1,"The Snellen E slightly overestimates visual acuity compared to the Landolt C, even in strabismus amblyopia, with small differences noted in the lower visual acuity range."
2,Aquagenic maladies are identified as a pediatric form of aquagenic urticaria.
3,"The abdominal approach yields a 2-fold improvement in continence scores compared to the transanal pull-through, while the TERPT group shows better stool patterns and enterocolitis scores. These results highlight a key issue in HD surgical management, necessitating further case studies for definitive conclusions."
4,Telephone counseling is more effective than tailored print in promoting mammography adherence among nonadherent women. Additional interventions are needed to maintain adherence.
5,"DBE is equally safe and effective in the community setting as in a tertiary referral center, with similar yield, efficacy, and complication rate."
6,"Emergency laparotomy has a high mortality rate, particularly in patients over 70 years old. Improving outcomes requires increased acute surgical care manpower, early patient recognition, clear management protocols, and possibly centralizing services to specialist centers with multidisciplinary teams, including emergency surgeons and care of the elderly physicians, along with community outreach for post-discharge care."
7,"Sleep disorders are prevalent among Japanese adults. Management should focus on older age, gender communication differences, multiple morbidities, and regular exercise, not on correcting reporting heterogeneity."
8,The study identifies genetic variants that are insufficient to promote early carotid atherosclerosis.
9,"The short stay ward shows robust performance, improving bed efficiency and patient care cost-effectively. It also enhances parental satisfaction and facilitates early community return of the child with their family."
10,Traffic law reforms reduce fatality and injury rates when paired with changes in police enforcement. Global diffusion of successful road safety practices by WHO and World Bank enhances national road safety.
11,"Trauma patients experience significant complications from anticoagulation therapy, and it is unclear which patients will develop these complications. Prospective studies are required to identify a safe treatment regimen for this high-risk population."
12,Higher MCVs and AST/ALT ratios in ASH indicate the severity of underlying liver disease and do not distinguish NASH from ASH. These biomarkers are useful for selecting patients for liver biopsy and targeting therapy.
13,"Instituting simple, at-the-visit family history prompts did not improve PCPs' ability to identify high-risk patients for 6 common conditions."
14,Emergency US fellowship programs enhance residents' US educational experiences. Residents perform more scans and use bedside US for advanced applications in these programs.
15,Opioid PCT effectively reduces refractory breathlessness in palliative care patients and is both feasible and acceptable as a therapeutic method.
16,"LRT and SLT outcomes do not differ significantly in the short and long term. SLT is the first-line therapy in pediatric liver transplantation where cadaveric organs are available, avoiding donor risk in LRT. LRT is used for urgent cases when a cadaveric graft is unavailable or timing is critical."
17,Cluster analyses identify groups for targeted health messages effectively.
18,Retroperitoneoscopy in a porcine model is feasible and useful for teaching and practicing retroperitoneoscopy.
19,Significant associations exist between resting heart rate (RHR) and established cardiovascular risk factors. Prospective studies in sub-Saharan African populations are necessary to determine RHR's potential value in cardiovascular risk assessment.
20,Hospital preparedness is better defined by a fixed number of casualties rather than a percentile of bed capacity. Only 20% of arriving casualties require immediate medical treatment. Implementing this concept improves the utilization of national emergency health resources in both preparation and real-time phases.
21,"By day 3, peak inspiratory pressure, PEEP, and ventilation index values distinguish survivors from nonsurvivors. This assists in early application of supportive nonconventional therapies in children with malignancy and ARDS."
22,"Disadvantaged families are least likely to have protective health behaviors against SHSe, making them most at-risk for tobacco exposure and related health disparities. Innovative SHSe interventions are urgently needed for this vulnerable population."
23,"Nomograms accurately predict PCSM and other clinically relevant endpoints, often with greater accuracy than BCR."
24,"Mechanical factors linked to chronic oro-facial pain are confounded by psychological factors and are equally prevalent in other unexplained syndromes, indicating a potential aspect of somatisation. Consequently, extensive invasive therapies like occlusal adjustments and surgery to alter mechanical factors may not be justified in many cases."
25,"Older individuals with amblyopia and visual loss in the normal eye may recover visual function in the amblyopic eye, with sustained improvement."
26,"The implementation of labor analgesia was quick, successful, and safe. One cluster of women had a suboptimal response to epidural analgesia, but overall adherence by pregnant women was satisfactory."
27,HER2 immunoreactivity has limited prognostic value for advanced urothelial carcinoma patients receiving adjuvant M-VEC.
28,"Halofantrine exhibits mild to moderate pathological effects on cochlea histology, classifying it as an ototoxic drug."
29,"VAT area measurement at a single level 3 cm above the lower margin of the L3 vertebra is feasible and reflects changes in VAT volume and body weight. VAT area at this CT slice best reflects interval changes in VAT volume and body weight, making it the preferred measurement location."
30,"HBO as adjuvant therapy for NF does not reduce patient mortality and morbidity, casting doubt on its suggested advantage."
31,A positive Hawkins sign indicates no avascular necrosis in a fractured talus; its absence does not confirm avascular necrosis.
32,Undergraduate surgical education is effective across various specialties. Eliminating the general surgery clerkship requirement optimizes educational opportunities. Local program and facility analysis is essential before implementing this change elsewhere.
33,Acupuncture of voice-related acupoints improves vocal function and heals vocal fold lesions.
34,Elderly patients with ruptured aneurysms have better prognosis with repair than conservative treatment. Definitive surgery should be offered to elderly with aSAH.
35,"Structural characteristics of a practice do not influence the uptake of a new IT facility. Post-graduate education in the relevant clinical condition affects its use. For the diabetes system, practice nurse use is critical for spreading uptake beyond initial GP enthusiasts and ensuring sustained and rising use in subsequent years."
36,"W-d HCCs are not early cancer, as no significant difference in disease-free survival exists between patients with w-d and l-d HCCs."
37,"Adherence to follow-up in the family planning clinic population was low regardless of the type advised. Using up to 3 reminders improved adherence, highlighting the importance of resource allocation to effective follow-up methods over the recommended procedure type."
38,"Real-time PCR effectively identifies and quantifies pollen, including in mixes. Future developments may include multiplex real-time PCR for detecting multiple taxa simultaneously and applying high-throughput molecular methods."
39,"In cervical cancer patients with mild to moderate DM, PET accuracy is not significantly reduced compared to non-DM patients."
40,"SBK and ASA enhance excimer laser keratorefractive surgery over conventional LASIK or PRK by better maintaining corneal biomechanics and moderately reducing corneal haze risk. However, wound healing issues persist as disadvantages."
41,Patients previously treated with radiotherapy for primary rectal cancer experience worse oncologic outcomes after pelvic exenteration for locally recurrent rectal cancer compared to those not previously treated with radiotherapy.
42,A 5% increase in circumference measurements most effectively identifies potential lymphedema cases compared to an academic trial.
43,"Genetically modified CRC and SLM require fewer procedures without affecting overall survival. Surgery for SM involves longer delays and more chemotherapy, potentially explaining higher disease-free survival after SLM resection."
44,"Schizophrenia patients do not have impaired speed discrimination; abnormalities arise from issues in generating or integrating feedback from eye movements. This study introduces a novel approach to motion perception studies, emphasizing the need to measure eye movements concurrently to understand system interactions, advocating for a conceptual revision of motion perception abnormalities in schizophrenia."
45,Transgastric endoscopic splenectomy is technically feasible in a porcine model. Long-term survival experiments are planned.
46,"The time from symptom onset to initial surgery is the most crucial prognostic factor affecting outcomes in Fournier's gangrene. Early recognition and prompt radical debridement are essential, as the condition is a surgical emergency despite extensive therapeutic efforts."
47,"Kidney transplants from elderly donors to young recipients show patient and graft survival rates comparable to those from young donors. However, renal function is superior in kidneys from young donors."
48,"Medicaid Demonstration in Florida leads to lower PMPM expenditures. Demonstration PSNs achieve greater reductions compared to Demonstration HMOs, indicating PSNs as a promising model for Medicaid care delivery."
49,"Selective screening of patients over 70 with carotid bruit, cerebrovascular disease history, diabetes mellitus, or PVD reduces the screening load by 40%, with minimal impact on surgical management or neurological outcomes."
50,Mesocolon invasion is included in T4 for staging gastric cancer.
51,"In acetabular fracture patients, injury severity surrogates like ICU and non-ICU hospital LOS > 10 days are linked to HO development. XRT prophylaxis significantly protects against HO, likely due to its relation to injury severity."
52,Statins show large beneficial effects in acute stroke; observed trends and experimental data justify detailed analysis of statins' impact on stroke outcome.
53,Font affects pregnant women's ratings of intervention complexity.
54,"Sternal fractures in children typically result from age-related trauma. Ultrasonography aids in fracture detection, while radiography is preferred for assessing dislocation extent."
55,FT and androstenedione are statistically significantly correlated with sexual desire in the total cohort of women. ADT-G does not correlate more strongly than circulating androgens with sexual desire and is not superior to measuring circulating androgens by mass spectrometry.
56,"The study found no evidence that IBR compromised the delivery of adjuvant chemotherapy. However, there was a significant incidence of implant infection."
57,"HPV DNA is rarely present in pterygia, indicating no involvement of HPV in their development in Denmark."
58,"The ANN, with its ability to detect non-linear correlations, outperformed linear statistics in relating item patterns to LOS but was disappointing in estimating individual LOS. Therapeutic intervention may modulate disease severity and LOS, counteracting initial PRISM scores. The inverse correlation between PRISM (or PRISM-based LOS estimate) and LOS could indicate quality of care."
59,TAVI without balloon predilatation is safe and yields early results similar to the standard procedure. Fewer pacing periods may benefit patients.
60,Pediatricians must recognize early signs of AEA. Awareness of choking games and their progression to potentially fatal AEA is crucial for primary care professionals to intervene.
61,"Higher depression rates to age 35 in the comorbid MD/AUD group are explained by increased adverse childhood circumstances. Adolescent MD/AUD comorbidity acts as a risk marker, not a causal factor, for subsequent MD."
62,"Cough and cold medicines are used in children under 6 despite recommendations. Many caregivers remain unaware of public warnings, side effects, and medication interactions."
63,"Manikin laypersons successfully inserted LMAS in the correct direction after onsite instruction using a simple manual, demonstrating basic procedural understanding. However, operating errors were often not recognized or corrected, suggesting that improved labeling and instructional photographs could enhance understanding and reduce errors."
64,"SLBM underestimates mesopic pupil size and has low sensitivity for pupils larger than 6 mm, potentially misleading anterior segment surgery planning. Training strategies and compensation for underestimation could enhance SLBM accuracy and interrater reproducibility."
65,"Incomplete separation between prepuce and glans penis is normal in newborns, progressing to spontaneous separation by adolescence in most boys. Circumcision has few indications during childhood, including forced prepucial dilation."
66,Colonoscopy does not impact management or outcomes in acute diverticulitis patients. Routine colonoscopy post-diagnosis by clinical symptoms and CT should be reevaluated.
67,IADL disability identifies individuals at higher risk of developing dementia within 1 to 2 years in a memory clinic setting.
68,The use of an endoscope during VPS procedures does not increase the risk of surgical infection.
69,"Children, parents, and physicians often underestimate the degree of overweight in children. The study highlights the necessity of educating physicians to recognize and counsel on obesity and overweight effectively."
70,"A specialized training program for phonologic awareness is unnecessary for all kindergarten and preschool children. However, children with temporary hearing deficits benefit from it, while general perception training suffices for others."
71,Multiple sclerosis and streptococcal infections are related; further animal model studies are needed to understand group A streptococci's role in multiple sclerosis pathogenesis.
72,"2ME enhances antiproliferative activity of some chemotherapeutics at relevant concentrations. In phase II trials for refractory metastatic breast cancer, 2ME shows good tolerability. Combining 2ME with chemotherapeutics may provide a new treatment for hormone-dependent cancer."
73,"The study suggests assessing the joint line (JL) using radiographs of the contralateral knee, with the most precise parameter being the distance between the fibular head and the JL. Factors such as arthritis level, age, gender, landmark visibility, and misalignment do not affect measurement accuracy. This parameter serves as the first tibia-related landmark for JL assessment, aligning with the tibia-first technique in revision surgery."
74,"Onlay tibial components provide better postoperative mechanical alignment than all-polyethylene Inlay prostheses due to their thicker construct. Given their higher survivorship rates and improved alignment, Onlay prostheses are recommended as the first option for medial UKR."
75,Progression of a pT3 tumour into the renal vein and vena cava shows no increased VEGF expression. VEGF remains an independent prognostic factor in poor prognosis renal tumours.
76,Alcohol and drug use significantly contribute to injury and poisoning deaths. Further investigation is required into how unemployment and being single affect young men's health and the motivations for risk-taking and self-destructive behavior.
77,"Rescue AC applies to 18% of cases, with identified subsets more likely to be candidates."
78,"In this population, BMI, neck circumference, and waist circumference do not predict autoCPAP pressure. The algorithm inadequately predicts fixed CPAP pressure for clinical use in obese individuals. Some non-OSA subjects generated high autoCPAP pressures, resulting in only a moderate correlation between OSA severity and autoCPAP pressure."
79,Patients with a history of ACD have a higher risk of recurrent preterm birth and cervical shortening in subsequent pregnancies compared to those with prior preterm birth associated with PPROM or PTL.
80,"Patients traveling long distances to high-volume centers have improved lymph node yield, neoadjuvant chemoradiation receipt, and reduced 30- and 90-day mortality compared to those traveling short distances to low-volume centers. These patients also experience improved 5-year survival."
81,"Aripiprazole's dopamine partial agonist mechanism explains the occurrence of pathological gambling, as confirmed by comparison with other published case reports."
82,Lysosomotropic amines combined with cyclosporine synergistically suppress T-cell proliferation to MiHC and MHC. Chloroquine with cyclosporine may enhance control of GVHD.
83,Neoadjuvant chemotherapy for Stage IV NPC patients improves survival and disease control; recurrence within the irradiated volume is the most prevalent failure mode.
84,"Approaching a contralateral hydrocele in neonatal testicular torsion through a scrotal incision is safe and effective. Inguinal exploration was unnecessary, as it offered no additional benefit and posed risks of testicular or vasal injury. Contralateral hydrocele is of minimal clinical significance and does not require formal inguinal exploration. This conservative strategy minimizes potential contralateral spermatic cord injury in neonates. The study's aims were met."
85,"Visually impaired pedestrians make accurate and reliable street crossing decisions similar to normally sighted pedestrians. All subjects significantly overestimated vehicular gap time using auditory information only. Blind pedestrians performed significantly worse than both normally sighted and visually impaired subjects under the hearing-only condition, indicating potential benefits from training to enhance detection and interpretation of vehicular gap times."
86,"A 21-year-old female developed granulomatous myelotoxicity and enteritis within 3 weeks of starting sulfasalazine for rheumatoid arthritis. After corticosteroids, her symptoms resolved with no residual effects at 7 months. Physicians should recognize unusual toxicity presentations when prescribing sulfasalazine."
87,"School children in lower socio-economic areas exhibit extremely high frequencies of Chaalia and Pan Masala chewing. This is likely due to taste, widespread use by family and friends, low cost, and easy availability."
88,Cervical physical therapy positively affects subjective tinnitus complaints in patients with both tinnitus and neck complaints. Larger studies with more responsive outcome measures are necessary to confirm this effect.
89,"Significant eosinophilic inflammation is present across all asthma categories, with paucigranulocytic asthma identified as a low-grade inflammatory disease."
90,"HIV/STD control measures have slowed the HIV/AIDS epidemic in Jamaica, yet a significant minority still engage in unprotected sex in high-risk situations."
91,1.6% of S. aureus (all MSSA) from bacteraemic patients are PVL-positive. The low incidence indicates PVL-positive S. aureus are not significant causative agents of S. aureus bacteraemia.
92,"Patients with impaired fasting glucose (IFG) and undiagnosed diabetes mellitus (DM) share an elevated risk of death after coronary artery bypass graft (CABG) surgery, similar to those with known coronary artery disease (CADM)."
93,"Positron emission tomography scanning accurately changes the stage or alters therapy for nearly one-third of patients with advanced primary rectal cancer. It should be considered part of the standard workup, especially if neoadjuvant chemoradiation is planned."
94,"Manual resuscitators deliver tidal volumes with large variations. Compression methods show significant differences in volume, but physical characteristics do not predict delivery. Manual resuscitators are unsuitable for accurate ventilation."
95,"Taxation is an effective tobacco control policy in market economies, where cigarette taxes influence retail prices. In China, non-market forces and the tobacco monopoly system prevent tax increases from affecting retail prices."
96,"VLEM presence correlates with moderate to severe inflammation in histology, indicating a highly specific endoscopic feature of esophagitis in children."
97,"Insulin glargine increases hypoglycaemia risk but lowers CV outcomes risk compared to standard care in high CV risk, dysglycaemia patients. (ORIGIN ClinicalTrials.gov NCT00069784)."
98,The correlation between the radiographic transition zone on contrast enema and the length of aganglionosis is low. Systematic preoperative biopsy by coelioscopy or umbilical incision is mandatory.
99,"Dexamethasone is an effective alternative to prednisone for treating mild to moderate acute asthma exacerbations in children, offering improved compliance, palatability, and cost benefits. Its role in hospitalized children requires further examination."
100,"The Sami have a lower breast cancer risk and attend the NBCSP more frequently than the control group, yet they have lower recall and cancer detection rates compared to the non-Sami group."
101,ECL assays enhance prediction of time to diabetes in autoantibody-positive relatives at risk. This improvement aids in designing and setting eligibility criteria for future prevention trials.
102,"Infectious disease and clinical microbiology specialists demonstrate acceptable agreement and validity in assessing antimicrobial appropriateness across various indications, irrespective of experience or hospital. Improvement opportunities exist, warranting focus in multidisciplinary discussions and education."
103,"Patients with five or fewer metastatic sites exhibit significantly better survival rates compared to those with more than five lesions. The primary sites of existing metastatic disease may originate additional metastases, indicating that early detection and aggressive treatment of patients with fewer metastatic lesions could improve long-term survival."
104,"Young hypermetropic adults have +1 to +2 D of latent hypermetropia, while young myopic adults exhibit pseudomyopia of -0.5 D. Cycloplegic refraction is necessary for young hypermetropic adults with asthenopia symptoms."
105,"Ultrasonographic screening significantly reduces mortality in hepatocellular carcinoma patients by enabling early detection, thereby improving prognosis."
106,Jordanian men view themselves as key supporters in encouraging their wives to adhere to breast cancer early detection recommendations. Involving husbands in breast health awareness campaigns could enhance family support.
107,"In stroke survivors, self-reports of motor vehicle collisions and driving convictions differ from government records. Using both data types ensures a more accurate picture of driving safety post-stroke."
108,Evaluating kit mutation status upfront delineates separate treatment strategies for biologically distinct tumours and assesses the correct timing of surgery for GIST subsets.
109,Data from coronary artery disease patients indicate bezafibrate may prevent colon cancer development.
110,Training managers in transformational leadership behaviours positively impacts healthcare workers' health over time. Improved sleep quality is not explained by self-efficacy.
111,"Contaminated products with antibiotic prophylaxis are safe regarding first-day fever, fever duration, neutrophil and platelet engraftment, and hospitalization duration."
112,Patients with normalized postoperative CA19-9 levels have equivalent survival to those with normal preoperative levels. Preoperative serum CA 19-9 alone should not prevent surgery after thorough preoperative staging.
113,"Rabbits serve as an effective model for surgical training, exhibiting low morbidity and mortality, allowing intramuscular anesthesia, and not requiring pre-operative fasting or presenting hypoglycemia during extended fasting."
114,Poor knowledge of ACE-I side effects likely accounts for increased referrals for chronic cough and angioedema.
115,"LF and cruroplasty effectively control GERD symptoms and promote weight loss, but the high rate of postoperative complications is concerning. A re-sleeve procedure may be an alternative for selected patients needing RYGB/DS conversion."
116,Racial disparities in asthma care may arise from biased estimates of asthma severity. Improving physicians' assessments of asthma severity and enhancing patient-physician communication can minimize these disparities.
117,"Laparoscopic surgery reduces atrial fibrillation risk in foregut surgery, linked to shorter intensive care stays. A prospective trial is recommended to confirm these findings."
118,"Suicide bombings near evacuation hospitals can overwhelm medical resources, a phenomenon known as ""The Main Gate Syndrome."" Introducing a semi-evacuation hospital with a second surgical triage addresses this issue. Mass casualty settings benefit from open-minded flexibility, tailored approaches, and close cooperation between surgeons and anesthetists. Emergency ultrasound exams prove valuable due to their mobility, reproducibility, and immediate results."
119,Persons with different communication disorders decode emotions or movements in music differently. Clinicians should consider these abilities when selecting music for therapy sessions focusing on emotions or movement.
120,Long-term folic acid supplementation in patients on methotrexate prevents treatment discontinuation due to mouth ulcers or nausea and vomiting. It also helps prevent neutropenia with minimal loss of methotrexate efficacy.
121,Lower infundibular height under 22 mm predicts successful SWL treatment for lower calyceal lithiasis.
122,"In situ lung ischemia-reperfusion significantly reduces coronary blood flow, alters hemodynamics, and worsens the inflammatory profile. This study is the first to directly measure coronary blood flow during lung ischemia-reperfusion, highlighting the increased cardiac risk."
123,"Patients' self-reported HRQOL independently predicts survival, supporting its routine collection in clinical practice."
124,"Beta1Gly49 homozygosity and TACC haplotype of ADRB2 gene, both loss-of-function variations, predispose to TTN."
125,"Longer treatment duration may prevent return to mental health care in some groups, but causal inference is not possible. Further research in an RCT is needed to confirm the association with repeated mental health care use."
126,Shaving the incision site immediately before spinal surgery increases the rate of postoperative infection.
127,Atmospheric pressure values do not have a direct link to abdominal aortic aneurysm ruptures.
128,Situational factors predominantly influence the decision of most people in France regarding whether a physician should breach confidentiality to protect the spouse of a patient with an STD.
129,"Somatic complaints are a risk factor for depressive symptoms in women in nonclinical populations, but not the most important. Social variables are crucial in studies on women's depression, and further research is needed to examine predictors of depressive symptoms in men."
130,Hospital admission data do not capture all cases of pregnant women with depression dispensed antidepressants. No single data source provides a complete health profile for an individual.
131,The clinical trial found that remote postischemic conditioning reduces intervention-related myocardial damage.
132,"The single-pill strategy is cost-effective within the acceptable willingness-to-pay threshold, but the QALY difference is minimal. Long-term impact exploration is recommended."
133,"In LMICs with high screening coverage, economic inequalities in breast and cervical cancer screening are low, supporting the inverse equity hypothesis and demonstrating feasible high equity levels despite income inequality."
134,"The study examines racial disparities in breast cancer mortality between White non-Hispanic and African-American/Hispanic women at the census tract, zip code, and county levels. Census tract analysis typically shows a larger proportion of areas with significantly higher mortality rates for minority groups, though results vary with relative versus absolute statistics. Further research is necessary to determine the optimal geographic regions for detecting racial disparities."
135,Leukocyte count at presentation serves as an adjunct for evaluating injury severity in blunt trauma patients.
136,"a-tDCS identifies residual connectivity markers in clinically-defined UWS patients, who lack purposeful behavior due to motor-output failure."
137,"Patients on AIs with osteoporosis face higher risks of musculoskeletal symptoms and fractures. Comedication with Ca/Bis decreases osteoporosis and musculoskeletal symptoms. Prior tamoxifen use reduces AI-related musculoskeletal symptoms. It is recommended that patients on AIs, particularly those on steroidal AIs or without prior tamoxifen, receive Ca/Bis to lower musculoskeletal symptoms and fracture incidence."
138,"In Italy, follow-up after endometrial cancer treatment varies. Women with asymptomatic recurrence have better clinical outcomes than those with symptomatic relapse. Optimal approaches and guidelines for follow-up protocols remain unknown."
139,"LITT facilitates the local delivery of chemotherapeutic agents into brain tissue, offering potential for brain tumor treatment."
140,Tracheobronchoscopy is a useful and safe procedure recommended in tertiary centers for babies with EA before surgical repair.
141,"Otolith organs input affects the axis of the horizontal semicircular canal ocular reflex, causing compensatory eye movements to not always align parallel to the canal."
142,Current data do not support a causal relationship between appendix perforation and increased risk of tubal pregnancy or infertility due to methodologic weaknesses. A well-designed case-control study is needed for a definitive answer.
143,No serovar-specific immunity was found in the population. Populations with higher gonorrhoea prevalence and frequent infections may have a greater immune response.
144,"Medical students are encouraged to serve as examiners in undergraduate emergency medicine OSCE formative testing, but not in summative assessment evaluations."
145,Antibody to vWF and confocal microscopy evaluation aids in grading astrocytomas.
146,"Healthy lifestyles increase preventive health service use, but do not significantly reduce outpatient visits. Regular exercisers and those monitoring blood pressure frequently have more outpatient visits. More accessible health consultation services are recommended to promote healthy lifestyles."
147,"In vitro fertilization outcomes correlate strongly with maternal ages, basal cycle, day 3 follicle, stimulated hormone, and antral follicle assessment. Antral follicle assessment better predicts in vitro fertilization outcomes than age or follicle-stimulated hormone. It serves as a distinct marker for ovarian age, separate from chronological age or hormonal markers."
148,"Socio-economic gradients in health are shallow among Pacific and Asian peoples, necessitating caution in using deprivation as a proxy for health service needs."
149,Tricompartmental replacement significantly alters knee kinematics; unicompartmental replacement preserves normal knee kinematics in an in vitro cadaver study.
150,"Serum leptin levels do not indicate prognosis in advanced lung cancer patients. Leptin is decreased in lung cancer, with no correlation to tumor-related factors or prognosis, making it an ineffective clinical marker."
151,Fetal gender does not influence the risk of asthma-related ED visits during pregnancy or adverse pregnancy outcomes in such cases.
152,"The R14C KCNQ1 mutation alone does not cause AF. A model where a ""second hit,"" such as hypertension, is needed to manifest AF by promoting atrial stretch and revealing an inherited ion channel defect is proposed. This model explains the age-related increase in AF development."
153,"Circumferences and related ratios scale significantly with height, adjusted for age and race, in a US-representative population, impacting clinical and epidemiologic use of these measures."
154,"QTcD is significantly increased in hypertensive patients with LVH compared to those without, strongly correlating with LVH indices. A QTcD cut-off of 60 ms predicts LVH with high sensitivity and specificity."
155,The severity of traumatic aortic injury is influenced by the sharpness of the aortic arch. An inverse relationship exists between the severity of aortic injury and the aortic arch index.
156,The MASCC score effectively determines suitability for outpatient management of neutropenic fever in gynecologic oncology patients. An ongoing prospective study aims to confirm safety and assess cost impact.
157,"Post-mastectomy radiotherapy is recommended for node-negative patients with local failure predictors, specifically those aged 40 or younger and with larger tumor sizes."
158,IV APD therapy was restarted for the patient. The case raises the question of discontinuing bisphosphonate therapy in a child with fragility fractures before the cessation of linear growth.
159,"Postoperative morbidity, rehospitalization rates, in-patient mortality, and hospitalization costs are the same for geriatric patients undergoing regional or general anesthesia for hip fracture repair. Surgery delay beyond 3 days and ICU admission increase hospitalization costs."
160,"In treated hypertensive patients, systolic blood pressure readings by the nurse are significantly lower than those by the physician and closely match ambulatory blood pressure monitoring. Nurse-determined blood pressure is preferable for both diagnosis and evaluating control levels during follow-up."
161,"VO2peak during an incremental treadmill test reflects true VO2max in ambulatory children with spina bifida, validating treadmill test use. Supramaximal testing confirms maximal effort and is easy and well-tolerated for children with disabilities."
162,"In the studied population, ART conception shows no significant link to PND or TOPFA for CHD. Live births may suffice for assessing overall CHD risk from ART, but excluding TOPFA underestimates total, especially severe, CHD prevalence."
163,"Regions of CFAEs during AF show little overlap with SRF regions in time or frequency domains. SRF primarily occurs in wave-front collision areas, with similar distribution in AF patients and controls, indicating it may not be crucial for AF maintenance or a suitable ablation target."
164,Rural mothers' premature births have higher stillbirth and neonatal intensive care mortality risks compared to urban infants.
165,"Ethyl-2-cyanoacrylate achieves better healing, shorter anastomotic time, and equal strength compared to polyglactin 910 sutures in intestinal anastomosis in an experimental setting."
166,"Cancellous bone is crucial for the primary stability of mini-implants, regardless of the presence of cortical bone."
167,The data confirm no July effect in patients undergoing major cancer surgery.
168,"Inserting an ENBD tube routinely does not improve the clinical course, despite increased procedure time and discomfort, making the insertion unnecessary."
169,"Vaccines exposed to improper temperatures may lose potency. Ensuring safe storage in clinics requires adherence to guidelines, adequate equipment, and staff training for maintaining the ""cold chain"" in immunization programs."
170,"Clinical axillary examination in breast cancer often yields false positives and does not justify axillary lymph node dissection alone. When preoperative assessments like fine needle aspiration are negative or indeterminate, sentinel lymph node biopsy should be considered as an alternative in clinically node-positive cases."
171,"Retinal haemorrhages after a convulsive episode are rare. This finding necessitates an extensive search for other causes, including child abuse."
172,"Patients in regional and rural settings actively supported junior medical students, who engaged more in consultations than urban students. This study confirms that patients are valuable partners in community-based medical training, aiding the expansion of primary care education in workforce-needed areas."
173,Flexible instruments via an anteromedial portal safely create adequate femoral tunnel lengths without knee hyperflexion.
174,"Patients of lower socioeconomic status had lower health-related quality of life at baseline. No clear trend at follow-up indicates similar treatment responses across socioeconomic statuses. Quality of life is influenced by disease, treatment, and socioeconomic characteristics."
175,Bone turnover markers show a modest but significant association with iliac cancellous bone turnover parameters. The iliac crest bone does not perfectly represent overall bone turnover.
176,"Most children and neonates undergoing congenital heart surgery are extubated in the operating room or within 24 hours post-surgery, linked to low morbidity and shorter ICU and hospital stays."
177,Postpartum quality of life in rural China is unaffected by delivery mode; socio-cultural determinants have a greater influence.
178,Uterine natural killer (uNK) cells and associated cytokines in postmenopausal endometrium may explain how hormone therapy induces irregular bleeding.
179,Percutaneous ethanol injection without aspiration of ethanol-mixed fluid is the preferable treatment for benign cystic thyroid nodules for both physicians and patients.
180,Age over 60 and polyp size over 10 mm are significant predictors of neoplastic GB polyps. GB polyps smaller than 10 mm do not require surgical intervention solely due to growth.
181,"The study examines the design and implementation of a non-financial measurement tool, like the balanced scorecard (BSC) with non-financial information, in health care organizations. Managers in these organizations can strategically use performance measurement systems (PMS) to allocate time effectively to strategic opportunities and threats, thereby improving organizational and output-related performance, such as process enhancements."
182,"Paracervical anaesthesia reduces side effects during second trimester abortion, shortens the last period in some cases, but does not affect pain perception or analgesic need, offering limited benefit with vaginal gemeprost."
183,"Insulin resistance explains the link between plasma glucose levels and CVD risk, questioning if glucose lowering alone should be the primary treatment or prevention strategy for type 2 diabetes."
184,"The study identifies risk factors for leakage, enabling surgeons to define risk groups, select patients more carefully, and provide closer postoperative follow-up for early recognition and treatment. Future efforts should aim to further reduce serious complications, making LSG a safer and more widely accepted procedure."
185,"Patients with chronic functional somatic symptoms exhibit a wide range of symptoms and use more somatic and psychotropic drugs than controls before diagnosis. They also have high referral rates and psychiatric morbidity. The symptom diversity indicates that symptoms do not form distinct syndromes, suggesting these patients should not be classified into medical subspecialty syndromes."
186,"Actinobaculum schaalii requires CO(2) for growth. In cases of clinical symptoms and negative cultures with leucocytes in urine, perform Gram staining and incubate in 5% CO(2) or use species-specific real-time PCR to identify A. schaalii."
187,Prevalence analysis of 11 chronic conditions using Medicare claims data serves as a monitoring tool to guide health care providers and policy makers in developing strategies for chronic conditions and rising health care costs.
188,The obstetric manual of the PEP enhanced midwives' knowledge without changing their practice.
189,"Patients with localized prostate cancer often prefer lower radiation doses, prioritizing quality-of-life aspects like GI toxicity over survival improvement. Their treatment preferences should be considered in radiotherapy decision-making."
190,"Music did not significantly reduce cortisol; however, less profound spikes in UFC levels were observed, potentially occurring by chance due to research limitations."
191,"Reducing spasticity in the arm significantly improves arm function, as demonstrated by a targeted meta-analytic approach."
192,"The Holmium:YAG laser effectively fragments ureteral calculi, achieving a high success rate with low morbidity."
193,"A large percentage of patients use metered-dose inhalers improperly, and health care providers show a significant lack of understanding of their proper use. Respiratory care practitioners are the most proficient in the outpatient setting for using metered-dose inhalers correctly."
194,Reducing friction by modifying the bracket/ligature interface does not increase the rate of space closure. The major determinant of orthodontic tooth movement is the individual patient response.
195,"Residents often lack a healthy lifestyle, particularly in physical activity and eating habits, and have inadequate vaccination status. Interventions are necessary to promote a healthy lifestyle and improve vaccination rates."
196,CIN and VAIN share common features in cases where HPV infection is confirmed.
197,"General practitioners should use patients' first names more often, especially with younger patients."
198,"TEE effectively assesses left ventricular function in potential brain-dead donors. An FAC below 50% occurs in 36% of potential heart donors. Left ventricular dysfunction is often reversible shortly after transplantation, so an FAC below 50% does not necessarily preclude heart use for transplantation."
199,Prophylactic treatment with edaravone prevents I/R-induced ovarian damage during pneumoperitoneum in an experimental rat model.
200,"For a given NIHSS score, right hemisphere strokes have a consistently larger median volume than left hemisphere strokes. The clinical implications of this finding require further exploration."
201,"The VMPA offers direct access and favorable visibility to the TMJ region, yielding good esthetic and functional results, making it the approach of choice for common TMJ surgeries."
202,"The Young-Burgess system predicts transfusion needs. Mortality or nonorthopaedic injuries require fracture classification into stable (APC1, LC1) and unstable (APC2, APC3, LC2, LC3, VS, combined mechanism) types. LC1 injuries, common, have an 8.2% mortality rate."
203,25(OH) D levels show no difference between normal children and those with CD when adjusted for body mass index.
204,No trend in unsafe sex behavior over time was observed. Specific subgroups more likely to report unsafe sex should be targeted for interventions.
205,"Small bowel atresia often leads to postoperative cholestasis, which resolves over time. A selective and expectant approach to SBA-associated cholestasis is recommended to reduce unnecessary investigations."
206,"Financial incentives for smoking cessation in pregnancy are highly cost-effective, with an incremental cost per quality-adjusted life year of £482, below recommended decision thresholds."
207,The study confirms students can identify QA issues and propose solutions. It recommends formally integrating students into day surgery QA programs to close the QA loop and prepare them for 21st-century medical practice.
208,"The linear dimension method is the most pragmatic for evaluating growth of carotid and vagal body paragangliomas. For jugulotympanic tumours, manual area tracing is preferred, though volumetric changes may be less clinically important than changes relative to surrounding structures."
209,"3D ultrasound validation efficiently enhances ultrasound-guided LCNB by potentially reducing the number of core samples needed for a reliable histological diagnosis, possibly lowering the risk of tumor cell displacement, decreasing procedure time, and cutting costs."
210,"The safest areas for miniscrew placement are between the first and second premolars and between the first and second molars, irrespective of the insertion angle."
211,The MRCGP future performance is predicted by the general practice selection process.
212,"In patients undergoing 3-column osteotomies for severe spinal deformities, the DAR predicts intraoperative motor evoked potential alerts. Identifying accurate radiographical, patient, and procedural risk factors improves safety and outcomes in complex spinal corrections."
213,"Influences on coping are multifactorial and moderated by age, impacting the design of interventions to enhance coping strategies."
214,"Increased AGE levels in blood and tissues in uremia indicate a broad derangement in non-enzymatic biochemistry, involving alterations in the autoxidation of carbohydrates and lipids."
215,The study finds no mucosal 'high-risk' HPV types present in human breast milk.
216,"In the context of third EOC relapse, combining optimal surgery and chemotherapy significantly prolongs survival in a selected group of patients."
217,"Chemotherapy significantly prolongs survival in patients with performance status less than 2, especially without weight loss. Reluctance by many pneumologists to use this treatment is not entirely justified."
218,Locally administered 1.0% ropivacaine significantly relieves pediatric tonsillectomy pain and reduces post-operative analgesic needs after the first hour. High concentrations provide clinically significant pain relief.
219,"Pain is a significant clinical issue in psychiatric patients, often underestimated in psychiatry. Patients in general adult psychiatry exhibit specific risk factors distinct from those in other clinical subpopulations."
220,"In women with bothersome MUI, AA repair does not improve OAB symptoms beyond MUS alone. Postoperative complications lead to less OAB symptom improvement."
221,AAPs as second-line treatment for depression do not result in overall cost savings or lower inpatient and ED visits compared to other strategies.
222,"Survivors of lobar intracerebral hemorrhage (ICH) with atrial fibrillation should not receive long-term anticoagulation. Most patients with deep hemispheric ICH and atrial fibrillation should also avoid anticoagulant therapy. However, those with deep hemispheric ICH at high risk for thromboembolic stroke or low risk of ICH recurrence might benefit from long-term anticoagulation."
223,"Ureteroscopy can be successfully performed without ureteral meatus dilatation in selected cases, with success and morbidity rates comparable to those when the procedure includes meatal dilatation."
224,"Having a usual physician improves access to care for low-income populations, especially with insurance coverage. The effectiveness of managed care in linking low-income persons to a medical home is uncertain and may have unintended consequences for uninsured individuals."
225,"Knee extensor strength, dynamic stability, and disease severity in Parkinson's Disease (PD) have a malleable relationship. Strength contributes to the functional outcome of PD, aiding clinicians in designing interventions to enhance function and reduce fall risk."
226,Driving time does not generally predict timeliness of cancer diagnosis and treatment better than driving distance. Intensive early detection and treatment efforts for breast cancer and CRC in Medicaid patients in remote areas are needed.
227,The study finds no protective effect of folic acid on heart anomalies in infants with Down syndrome.
228,Francophones' mental health perceptions and diagnosed disorder rates differ due to health-seeking behaviors. Community and government agencies should enhance mental health by promoting mental health and addressing language and cultural barriers to services.
229,"Active individuals with T1DM show no heightened Achilles tendon response to load, indicating no increased risk of tendon injury. These findings do not apply to sedentary individuals with T1DM."
230,"Primary eosinophilic esophagitis features fragile esophageal mucosa that tears easily during diagnostic endoscopy, known as the ""crêpe-paper"" sign, alerting endoscopists to the disease when other changes are absent. Dilation effectively alleviates symptoms with minimal morbidity, despite the development of disquieting lesions."
231,"Acetabular components were stable in most cases despite small contact surfaces. Three of ten exceeded migration limits predicting loosening, but applicability to frail osteoporotic patients is uncertain. Screw fixation to the ischial tuberosity and superior pubic ramus was added post-analysis."
232,Right ventricular recovery after PVR for chronic significant pulmonary regurgitation post-TOF repair may be compromised in adults. Pulmonary valve implantation should be considered to maintain RV contractility before function deteriorates.
233,"Expression of p53, PCNA, and beta-catenin in XGC differs significantly from GBC and resembles chronic cholecystitis, indicating an inflammatory nature and not supporting a premalignant nature of the lesion."
234,"Genetic and pathologic factors affect atrophy patterns across different FTLD-TDP types, despite their distinct patterns."
235,"Multicatheter APBI after oncoplastic breast-conserving surgery is feasible for selected low-risk breast cancer patients, but requires careful target volume definition. Long follow-up prospective investigations are necessary to determine the procedure's true value."
236,"The RCT sample generalizes well, with only 7.8% of Phenomenology subjects not meeting RCT criteria. However, due to the RCT subjects' greater severity of illness, treatment applicability to children with less severe mania remains uncertain."
237,"The Singapore equation is the most accurate BMR prediction equation for Chinese, applicable across a wide BMI range, including overweight and obese individuals."
238,"Most players believe rugby headgear may prevent concussion, but few wear it. Coaches are less convinced than players about its effectiveness."
239,The SSDH likely migrated from the intracranial subdural space due to low CSF pressure from continuous drainage and intrathecal thrombolytic therapy. Recognizing SSDH as a possible complication of SAH with intracranial subdural hematoma is important.
240,"Five quantitative shape descriptors of carotid FFT were identified. This shape ""signature"" has potential to supplement conventional lesion characterization in suspected FFT cases."
241,"Cognitive impairment prevalence in MND is higher in this unselected cohort study compared to previous reports. Language deficits, particularly anomia, are relatively frequent in MND. Aphasia may be masked by dysarthria and overlooked without specific examination."
242,150 cultures are required for one treatment modification and 30 for DST using solid culture. The cost of widespread culture application must be balanced against its impact on treatment decisions in India.
243,"EpiDWI can differentiate pleomorphic adenoma and myoepithelial adenomas from other entities. Overlap exists within and between benign and malignant groups, so ADC values alone are insufficient for diagnosis. Combining DWI, morphologic criteria, and other MR imaging techniques is recommended."
244,Altered ET-1 levels are involved in the pathogenesis of rebound hypertension and hypotension during hemodialysis.
245,Bipolarity does not independently affect suicidal behavior risk or modify the impact of established suicide risk factors in affective disorders. Suicide risk assessment can continue to evaluate common risk factors without considering mood polarity.
246,The authors report the first demonstration of the described benefits from planning and operating a multidisciplinary clinic.
247,"No technical issues with INR testing in primary care were found. Discrepant INR results are equally problematic in hospitals and primary care. The data reveal INR standardization failures with different techniques and reagents, necessitating resolution. Enhanced collaboration between hospital labs and practices is essential for primary care involvement in anticoagulation monitoring, focusing on training and quality assurance."
248,"Increased disease activity in SLE patients significantly reduces physical function, highlighting the need to optimize treatment to reduce disease activity."
249,"There is no difference in PC detection rate at repeat biopsy between patients with flu or si-PSA levels. PSA Slope, PSAV, and PSADT are not helpful tools in cancer detection."
250,"High-quality training, strict guideline compliance, and thorough documentation significantly reduce CLABSIs. Mindful organizing enhances understanding of a unit's capacity for peak demand and sustained performance."
251,"GES improves long-term GI symptoms and reduces healthcare costs and resource use compared to intensive medical therapy in patients with GP symptoms over 3 years. Certain GP patients form a high-risk group for costs, quality of life, morbidity, and mortality."
252,"Pulpotomy provides a viable short-term alternative to root canal treatment for teeth with vital pulps. However, current clinical evidence is insufficient to recommend this technique for all permanent teeth. It remains a potential alternative approach for future development."
253,"The most rotated level in a curve is often not the regional or global apex, sometimes being two levels from the global apex and one level from the regional apex."
254,"Without improvements in case ascertainment, validation, and recording, the CHCS cannot provide the same quality of information for assessing needs and surveilling cerebral palsy in very low birthweight infants as a specialist case register."
255,"The proportion of thin 0-1 mm melanomas in South West England significantly increased from 2003 to 2012, while thick >4 mm melanomas remained unchanged. This change likely results from increased public awareness due to effective public health campaigns, impacting prognosis and finances."
256,"Breast cancer prognosis in a woman predicts survival in her first-degree relatives with breast cancer, indicating inheritance of prognosis."
257,"NT thickness does not significantly increase in women who develop GDM, making it an ineffective ultrasound parameter for predicting GDM onset during pregnancy."
258,The study found no preferential transmission of AVPR1A to probands with hypersexual or uninhibited traits.
259,"Stage I non-small cell lung carcinoma has a lower 5-year survival rate compared to other solid organ neoplasms, despite advances in early diagnosis and surgical techniques. Tumour size ≤3 cm, adenocarcinoma histologic type, and negative bronchial resection margins correlate with better outcomes in the studied population. There is a need for more effective multimodality treatments to improve survival rates."
260,"USMLE Step 2, number of honors in medical school clerkships, and AOA membership show the strongest correlations with resident performance. These criteria are ""high yield"" for ranking applicants, as confirmed by data from a specific pool of residents. Further validation across broader programs is needed."
261,"Optimistic outlook significantly predicts survival in oldest-old women and likely in men, though the sample size for men is small."
262,"The merger did not generate economy of scale advantages or substantial quality improvement. Promoting cross-functional collaboration and clinical specialization is more rewarding, fulfilling both integration and differentiation needs."
263,"The arch form in a Saudi patient group is independent of gender, sagittal molar relationship, and Bolton discrepancy."
264,Cold knife cone specimens are 50% longer and 100% heavier than LEEP specimens in a prospective evaluation.
265,"Temperature-dependent changes in pectin content and methyl esterification degree correlate with leaf tissue tensile strength, affecting leaf expansion, freezing resistance, and fungus pathogen resistance."
266,"Difficulties in removing irrelevant material from working memory are unique to depression, while the ability to inhibit irrelevant information remains relatively preserved in social anxiety disorder."
267,Prepuncture ultrasound guidance did not enhance right internal jugular vein cannulation results compared to the respiratory jugular venodilation-guided approach. It was helpful when the landmark was not observed.
268,"An inverse relationship exists between obesity and serum prostate specific antigen, with a small magnitude of difference. Adjusting prostate specific antigen for body mass index is not warranted."
269,"In a US Air Force population, OSA does not predict decreased aerobic fitness as measured by cycle ergometry. However, individuals with an apnea-hypopnea index greater than 20 show a statistically significant decrease in aerobic fitness compared to the normal population."
270,"AMPK influences melatonin secretion, likely through the paraventricular nucleus and/or directly in the pineal gland, acting as a metabolic cue to modulate melatonin rhythm."
271,"Cerebral hemispherectomy for in utero seizure control allows the remaining right hemisphere to support reading and phonological processing, typically left hemisphere functions. Variability in individuals post-hemispherectomy exists, even among those with the same etiology and timing of insult."
272,Female gender independently protects against multiple organ failure and nosocomial infections in both premenopausal and postmenopausal women compared to similarly aged men. This finding contradicts previous experimental studies and known physiological sex hormone changes post-menopause. Factors other than sex hormones likely account for gender-based differences after injury.
273,Communication skills courses improved participants' communication behavior and self-confidence. Teaching communication with terminally ill patients is effective.
274,Time to primary treatment after breast cancer diagnosis does not affect overall survival. Studies on pre-diagnosis care are crucial for developing meaningful quality indicators.
275,"Depressed vessel compliance and increased vascular resistance are features of young, obese, normotensive subjects, independent of cardiovascular risk factors. Changes in arterial wall properties may be incipient in this group, indicating a need for early intervention to improve vascular functions."
276,"High socioeconomic status correlates with higher acceptance of preventive home visits, but this link weakens with proactive invitational procedures, potentially reducing social inequality in acceptance of publicly offered preventive services."
277,"Open access publishing and a higher Hirsch index of the first signing author increase the impact of scientific articles. The open access advantage is more pronounced for highly cited articles, emerging 30-35 months post-publication."
278,"Mucosal redundancy is consistently found in IHPS. Hypergastrinemia is implicated in its pathogenesis, with mucosal thickening potentially serving as an initiating factor."
279,"Indicators of drug adoption, except for adoption time, correlate well within drug groups. The theory that early adoption of new drugs by physicians is a personal trait independent of drug type is not confirmed. The concept of the early-drug-adopting general practitioner may be mistaken."
280,"Low back pain results align with hypertension-associated hypalgesia, indicating reduced pain sensitivity as blood pressure rises, potentially altering responses in chronic pain sufferers."
281,"People do not assign a fixed premium to ""safety-related"" interventions; preferences vary by context. Using public preference survey results to directly inform policy is premature."
282,"Closed reduction effectively treats nasal fractures, particularly mild ones, and early intervention increases patient satisfaction."
283,"Increasing access to clinical and outreach services, along with breastfeeding support and improved nutritional status in Africa, leads to substantial mortality declines. Integrated programs emphasizing these services are crucial."
284,"Renal infarction with inflammatory syndrome may involve PAN, which can spontaneously remit."
285,"Some patients with CD develop gluten tolerance, potentially linked to HLA genotypes other than DQ2 or DQ8. Understanding the mechanisms behind this tolerance could identify CD patients who may not need a lifelong gluten-free diet."
286,COPD is underdiagnosed in the United States. Symptoms in subjects with AO increase COPD risk but add little predictive value beyond age and smoking history. Screening older smokers is a simpler and more effective approach.
287,A Google-based search effectively identifies appropriate diagnoses in complex immunological and allergic cases. Computing skills enhance result accuracy.
288,"The individual therapist is a crucial factor in the change process, as documented by existing literature."
289,The study found poor agreement between the AD's and MR's decisions on seafarers' fitness who appealed the initial assessment. The reasons for this discrepancy were considered.
290,"ESLD etiology is a prognostic factor for survival. Renal function (serum creatinine) and urinary Na (<5 mEq/l) at diagnosis are associated with survival, indicating early treatment could increase survival."
291,Intrafractional movements do not affect doses at PIBS points. PIBS and PIBS +2 dose points differentiate plans for patients with vaginal infiltration.
292,"Asthma medications are prescribed for both asthma and other respiratory diseases, and not all children with current asthma have prescriptions. Consequently, asthma medications are not a reliable proxy for the disease."
293,"Familial drinking and offspring drinking in young adulthood show non-linear trends. Changes in lower familial drinking levels strongly relate to young adult drinking, while actual drinking levels in families are less influential on offspring drinking patterns."
294,"Fenofibrate shows consistent changes in sleep indices, supporting further investigation for moderate to severe sleep apnoea syndrome."
295,"Functional MRI mental imagery shows high concordance with the clinical course of VS patients. All 5 VS patients with significant ROI activation had a favorable outcome, termed ""functional minimally conscious state,"" and may benefit from rehabilitation. In MCS patients, fMRI predictions are less accurate."
296,A UNP can perform cystoscopy and detect suspicious lesions with accuracy comparable to a consultant urologist. Legal and training issues are crucial for implementation.
297,Pretreatment ECG has limited value for patients with unremarkable cardiovascular history and normal heart rate and blood pressure. Hypotension may occur during treatment.
298,Improved survival is associated with cardiologist care and a combination of general practitioner and cardiologist care compared to general practitioner care alone in patients with CHF. The pattern of outpatient care is important for patient survival.
299,Higher PV in PMR increases the risk of prolonged steroid therapy and late GCA. Female sex and specific HLA alleles elevate the risk of late GCA. Initiating treatment with >15 mg prednisolone correlates with prolonged steroid duration.
300,"Male stable alcoholic cirrhotics show a stronger link between ascites volume, anthropometric measurements, and long-term rehospitalization and mortality than previously recognized. Studies including women and other cirrhosis types are recommended."
301,Maternal mortality differences extend beyond economic disparities. Recognizing the scale of maternal mortality and leveraging political commitment are crucial. No universal solution exists to reduce maternal mortality; problem identification must be encouraged through national and local audits.
302,"NACT does not alter the frequency or distribution of LNM, with clinical non-responders exhibiting more involved lymph nodes. Systemic and extensive lymphadenectomy is recommended for patients undergoing NACT plus surgery, irrespective of NACT response."
303,"Empirical systemic antibiotic therapy for suspected sepsis should be broad spectrum, based on recent burn wound culture susceptibility, until blood culture results are available."
304,"Over 5 years, 24% of Africans with optimal BP developed hypertension, largely due to modifiable risk factors. Aggressive public health strategies focusing on lifestyle are needed to prevent a catastrophic burden on national health systems."
305,"Measurement-based care, using tools like the PHQ-9, is achievable in practices with limited resources."
306,"A task-specific intervention to improve gait speed positively impacts depression, mobility, and social participation in people post-stroke."
307,"Lunar phases affect delivery timing, particularly in multiparae and plurigravidae, but the influence is too weak for predicting peak delivery days."
308,Oral endotracheal intubation in the BO-105 helicopter takes about twice as long as on the ground. Pre-flight intubation is recommended for patients likely needing urgent intubation during air medical transport in the BO-105 helicopter.
309,"Patients with urinary and pulmonary symptoms suggestive of neoplasm should consider the possibility of synchronous prostate and lung cancer. Determining if the lesion is a metastasis is crucial, as prognosis depends on the second tumor."
310,"The Diabeo system enhanced glycaemic control in high and low users utilizing the IDA function, with the most significant improvement in low users receiving motivational teleconsultations."
311,"In COS-IUI for unexplained non-conception, inducing more than one follicle does not improve ongoing pregnancy rates but increases multiple pregnancy risk. Monofollicular growth should be targeted in all IUI cycles to reduce multiple pregnancies."
312,Half-dose MR angiography with diluted contrast medium injected at 1 mL/second clearly depicts the abdominal aorta and its branches as effectively as a full single dose.
313,"Dual-energy CT (DT) is a comparable imaging modality to non-contrast CT (NCCT) for detecting intrarenal stones, unaffected by stone size and BMI, with adequate reproducibility among multiple readers. DT serves as an ideal alternative for monitoring patients with nephrolithiasis, offering acceptable stone detection rates, low radiation exposure, and reduced costs compared to NCCT."
314,A high cumulative dose of regular insulin is a risk factor for atherosclerosis.
315,"Hepatitis G virus infection is prevalent among chronic hepatitis patients in Southern Italy, regardless of parenteral risk factors. Its frequency in cryptogenic liver disease matches that in hepatitis C virus chronic liver disease, excluding an etiologic role for hepatitis G virus. TT virus infection is rare in patients with cryptogenic or hepatitis C virus-related liver disease without parenteral exposure history."
316,"The refusal rate is high, linked to physical mobility restrictions, travel distance, and partly emotional support availability. Recruitment can be improved by offering transport to the intervention location."
317,"The study confirms EUS and MDCT's leading role in staging gastric cancer, while MRI's clinical value remains unproven."
318,"In high-stress environments with overlapping expertise, transactive memory theory applies. Shared mental models among teammates enhance the likelihood of requesting and accepting backup."
319,"Transsphenoidal pituitary surgery safely treats Cushing's disease. Operative, radiological, and histological findings, along with early postoperative serum and urine cortisol levels, identify treatment failures. Alternative treatments are needed for these patients, who require life-long follow-up due to late relapse risk."
320,"Bedside swallowing assessment lacks sensitivity for acute stroke screening, while videofluoroscopy's role as a gold standard is questioned. The importance of aspiration and bedside assessment in predicting complications and outcomes requires further study."
321,"Consultant radiologists express significant dissatisfaction with current services, and few paediatric radiologists undertake this work. With improved training and support, the number of radiology child abuse experts could increase by 27%. Implementing appropriate service and education strategies is recommended."
322,"Excluding meal and beverage intake periods from raw pH data is the second-best test after time-consuming visual correction, with a small chance of undetected gastropharyngeal reflux. Manual review of computer-generated data is necessary to identify all events."
323,The approach serves as an independent tumor staging factor. Staging may also incorporate features describing immune cells in peripheral blood.
324,Wandering and PNA are overlapping but not equivalent phenomena. Construct validity evidence for wandering is more robust than for PNA. These results impact the accuracy of scientific and clinical detection and labeling of wandering and agitation.
325,"Aortoplasty with external reinforcement safely reduces the size of the ascending aorta, yielding excellent long-term results. It serves as a therapeutic option in modern aortic surgery for patients with poststenotic dilatation of the aorta, provided the sinotubular junction of the aortic valve and root is unimpaired."
326,"In areas of higher own-ethnic density, some ethnic groups experience a lower likelihood of new depression diagnoses and antidepressant use, but this is not true for all groups."
327,"Data sharing through a hotspots approach reduces community violence and improves resource deployment efficiency, as at least half of ambulance hotspots are unknown to the police, indicating potential prevention of severe assaults."
328,"Uterine myomas commonly decrease in volume during pregnancy, contrary to common belief."
329,"Laparoscopic adrenalectomy for adrenal masses larger than 7 cm is safe and feasible, with successful intraoperative and postoperative outcomes, including morbidity, hospital stay, and cosmesis. It replicates open surgical oncological principles, showing similar survival and recurrence rates for adrenal cortical carcinoma. The main contraindication is evidence of local infiltration of periadrenal tissue."
330,"Income support policy significantly improves population health, particularly for lower-income individuals. Further analyses are required to confirm reliability, and future research should explore various income support and social-economic policies."
331,"For hypertension and diabetes, a single structured implicit review moderately reliably assesses quality of care over time, serving as a reasonable complement or alternative to explicit indicator approaches. For conditions like COPD and acute, short-course illnesses, where the evidence base is less developed, structured implicit review must be used more cautiously."
332,"Tumors in eyelids and parotid glands can occur simultaneously or sequentially, with either structure potentially being primary or metastatic. Oculoplastic and parotid surgeons should routinely assess both periocular and parotid areas when patients present with a mass."
333,"Radiation education from a radiologist did not alter CT scan ordering among most clinicians. It enabled discussions on CT benefits and risks with patients and informed protocol choices. Referring physician groups show interest, prompting encouragement for radiologists to deliver radiation lectures."
334,"The deprivation-mortality relationship is homogeneous across Scotland's regions, indicating a need for broad strategic policies to address socio-economic deprivation's impact on health. While targeting the poorest areas can help, a comprehensive, sustained strategy is necessary to break the poverty-mortality link."
335,"Among young male adults, imitation of alcohol consumption is robust and independent of individual stress levels."
336,"Dutch primary schools can enhance healthy eating habits by clearly formulating, simplifying, and enforcing food rules, with support from both schools and parents influencing children's dietary behavior."
337,The APT with HDM is positive in non-AD subjects but is more specific for AD.
338,"MRI of children with OCD reveals secondary physis disruption, chondroepiphysial widening, and subchondral bone edema. Disruption of normal endochondral ossification is associated with juvenile OCD."
339,Preoperative statin therapy reduces AF development after CABG.
340,"Few genes change expression during the WOI with homogeneous expression in endometrially-receptive patients. Six genes showed homogeneous expression, likely involved in embryo implantation mechanisms."
341,Decisional algorithms effectively detect ADRs but have poor specificity. No reference method was identified. Algorithms do not replace GI and are not definitive alternatives for individual causality assessment of suspected ADRs.
342,Samples from heparinized arterial lines are unreliable for APTT ratio results.
343,Early surfactant administration shortens ventilation duration but does not significantly protect against CLD/mortality in premature infants. This supports considering CPAP as an alternative to routine intubation and early surfactant administration.
344,"Acute chest syndrome (ACS) is common in febrile sickle cell disease (SCD) patients and is often underestimated by physicians. History and physical exams are not reliable for identifying febrile SCD patients needing chest X-rays (CXR). Due to the associated mortality and morbidity, empiric CXR is recommended for febrile SCD patients."
345,"Canadian EM training programs do not require follow-up, but most residents electively perform it. Residents value outcome feedback more than program directors and believe follow-up should be mandatory in EM residencies."
346,Random survival forests did not outperform Cox proportional hazards. Coupling the genetic SNP score with clinical/demographic markers improved prediction performance.
347,Patients with AC have a higher likelihood of successful LC when treated by surgeons interested in laparoscopy. Length of hospital stay is more affected by patient factors in a multivariate model.
348,Asymptomatic aortic stenosis progression can be predicted for clinical purposes and valvar surgery planning using the current aortic valve opening area and the degree of valvar calcification.
349,Switching to automatic transmission is recommended for older drivers to maintain safe driving and enhance the quality of their transport mobility.
350,"Restricted fetal growth dimensions independently increase low intellectual performance risks, with associations partly mediated by socioeconomic or familial factors."
351,"3-phase bone scintigraphy before surgery determines amputation level in diabetic foot. Further comparative, comprehensive, long-term, and controlled studies are required."
352,Acute phase anal sensory scores do not significantly predict independent ambulation prognosis. Combining acute phase voluntary anal contraction with S4-5 LT and PP scores significantly improves chronic phase-independent ambulation outcomes compared to the complete/incomplete SCI distinction.
353,"The 1999 guidance on gynaecological cancer, involving multidisciplinary case management and centralisation of surgery, led to a significant improvement in survival rates for gynaecological cancer in eastern England in 2000."
354,Older adults with more symptoms in PICT may prioritize experimental treatment over quality of life.
355,"Vitamin D3 deficiency, not insufficiency, is involved in OCD lesion development. Substitution may prevent advanced OCD stages. Further analyses are needed to confirm these data."
356,"Episodic migraineurs do not differentially attend to headache-related facial stimuli, indicating potential differences in attentional processing between chronic and episodic headache subforms."
357,"In advanced dilated and ischemic cardiomyopathy with severe functional MR, mitral valve replacement is linked to higher in-hospital and late mortality than mitral valve repair. Mitral repair is preferred whenever possible in this clinical setting."
358,Careful reevaluation of putative nontriploid partial moles reveals pathologic or ploid errors in nearly all cases.
359,"In children with mild hereditary spherocytosis undergoing cholecystectomy for symptomatic gallstones, the necessity of concomitant splenectomy should be evaluated independently, especially with minimal access surgery."
360,"Surgery and radiation significantly improve median, 5-, and 10-year survival rates for EPSCC. Patients eligible for these treatments may benefit."
361,Limiting the whole-body MRI protocol for detecting bone metastases in adults to the T1w sequence at 3 T is safe and eliminates the need for an additional STIR sequence. This change could significantly reduce examination time and save financial resources if confirmed by larger studies.
362,Testicular remnants in vanishing testes syndrome often contain viable germ cells or seminiferous tubules. These remnants have the potential for malignant transformation and should be removed.
363,Baseline pain intensity does not predict opioid titration outcomes; non-homogeneous pain treatment likely biased previous work outcomes.
364,"Pre-clinical GEM students' attendance at live lectures is not significantly affected by lecture VODcasts, which they view as useful revision tools, not replacements."
365,Mother-offspring and father-offspring BMI associations indicate intergenerational acceleration mechanisms do not significantly impact childhood BMI levels. Further study is needed for later ages and different body composition components.
366,The study finds high reliability between PRO data captured using FTE-dependent and non-FTE-dependent methodologies.
367,"Barrett's cytokeratin 7/20 pattern serves as a useful diagnostic marker for short-segment Barrett's oesophagus, with a false positive or negative rate of approximately 25%."
368,"In lung cancer patients, the metastasis rate of station 9 lymph nodes is significantly lower than other mediastinal stations. Station 9 metastasis status does not significantly affect tumor staging or prognosis. Routine dissection of station 9 lymph nodes may not be necessary, particularly in patients with a low T stage, upper or middle lobe tumors, or without intrapulmonary lymph node metastasis."
369,"Cutaneous melanoma in nonwhite persons is unusual but not rare in a multiethnic population. Despite different initial diagnoses, stage-for-stage outcomes are similar to white persons, indicating a need for early diagnostic interventions with unusual pigmented lesions in nonwhite persons."
370,Living arrangements are crucial for identifying and explaining gender differences in mortality risks by marital status. The impact of living alone and living with a partner differs between men and women.
371,"Neuromedin U reduces insulin and increases somatostatin secretion. Blocking somatostatin action eliminates NmU's inhibition of insulin secretion, indicating somatostatin mediates this effect."
372,"Fetuses with severe anaemia from Kell alloimmunization typically do not face substantial thrombocytopenia, unlike those with RhD alloimmunization."
373,"Whole-lesion dynamic data integration improves specificity, though statistical significance is lacking."
374,"Vaccination shows a weak and short-lasting effect in old age. Strategies to enhance effectiveness include improved campaigns, shortened intervals, and novel vaccines tailored to the aging immune system."
375,"Vitamin D supplementation significantly increases %Tregs in apparently healthy individuals. This immunomodulatory effect may explain the link between vitamin D deficiency and autoimmune diseases, providing a rationale for investigating vitamin D's effects on autoimmunological processes."
376,Educational level affects access to specialist care for patients with gynecological cancer alarm symptoms. Inequalities in access to the secondary healthcare system require investigation.
377,Elective re-siting of intravenous cannulae every 48 hours significantly reduces the incidence and severity of PVT. It should be adopted as standard practice for patients requiring prolonged intravenous therapy.
378,"In over 90% of twin pregnancies, the presentation of the first twin at delivery can be determined by sonogram by the 32nd week of gestation."
379,"The menopausal transition is a vulnerable period for MDD recurrence, with health factors and VMS as significant risk factors for first lifetime-onset of MDD during midlife."
380,"The early infection rate without antibiotic prophylaxis before TIVAD placement in the interventional radiology suite is less than 1%. Therefore, prophylactic antibiotics for TIVAD placement are not recommended."
381,Adding bedtime NPH insulin to maximal therapy with sulfonylurea and metformin effectively controls uncontrolled type 2 diabetes and is well-tolerated.
382,The study finds no validation for clinical identifiers of early-stage adhesive capsulitis proposed by expert consensus. Clinicians should recognize that these identifiers may not apply to this stage.
383,"In immature AIS patients, delaying surgery when the initial Cobb's angle exceeds 40° and the curve progresses by more than 10° results in altered curve patterns and increased fusion levels."
384,"The NF EN 13727 standard adaptation enabled the assessment of three solutions, with only CB demonstrating bactericidal activity in dirty conditions. The study validated the in vitro selection of antiseptics for adjunctive treatment of skin and mucous membrane disorders, primarily bacterial or at risk of superinfection, under current practice conditions."
385,Physicians treating UTIs in postmenopausal women should prescribe drugs other than fluoroquinolones. Routine longitudinal surveillance of antibiotic use and uropathogen resistance rates is recommended in managed-care organizations.
386,"The five predictive models show limited ability to risk-stratify patients and assess SSO risk accurately. The VHRS and ACS-NSQIP models modestly identify patients at risk for SSI. Refinement of these models is necessary to enhance their performance, along with exploring if perioperative management modifications based on risk stratification can improve outcomes."
387,"Ventilating an adult patient with a pediatric-sized BVM is possible, and the tidal volumes achieved align with lung-protective ventilation volumes."
388,"Preclerkship (year 2) CPEs strongly predict medical students at risk for failing a senior CPE, allowing for remediation of deficits before or during clerkships."
389,"The paper identifies the need to develop rigorous, inclusive recovery outcome measures for the RAQ in Australian settings, highlighting its cultural appropriateness."
390,Mailing summaries of current evidence to surgeons does not lead to a change in practice.
391,Second-look laparotomy does not improve overall or disease-free survival. Tumor grade is the sole independent prognostic factor for patient survival.
392,"In healthy Korean adults, hsCRP levels and carotid IMT correlate strongly with conventional cardiovascular risk factors, but hsCRP levels do not independently associate with carotid IMT."
393,"The seventh edition of the primary tumor staging system for kidney tumors effectively predicts cancer-specific survival (CSS). However, it identifies substages with overlapping prognoses and includes patients with heterogeneous outcomes, failing to resolve critical issues from the previous version."
394,"The study reports concurrent plasma and ISF concentrations of meropenem during CVVHDF. ISF concentrations of meropenem were significantly lower than plasma concentrations, despite the dose being appropriate for infections with MIC≤4 mg/L."
395,"Most patients experience postoperative numbness after nasal microfat injections, with nasal tip sensation typically recovering partially to completely within 3 months."
396,Potentially curative therapy significantly improves life expectancy and quality-adjusted life expectancy for older men with few comorbidities and moderately or poorly differentiated localized prostate cancer. Age should not be a barrier to treatment in this group.
397,"Patients with pituitary tumor infarction alone exhibit milder clinical features, longer pre-presentation course, and better outcomes compared to those with hemorrhagic infarction or frank hemorrhage. Endocrine replacement needs are similar in both groups."
398,The study finds that AA women are not at greater risk for obesity due to requiring fewer calories to maintain weight.
399,"Emergency double-balloon enteroscopy (DBE) is feasible, safe, and effective for acute obscure gastrointestinal bleeding (OGIB), potentially avoiding major surgery by diagnosing and treating most patients. A combined approach with retrograde viewing by capsule endoscopy (CE) is particularly beneficial for identifying recurrent bleeding vascular lesions, such as Dieulafoy lesions, which may be misdiagnosed by non-emergency DBE."
400,"Normothermic CPB does not prevent ""euthyroid sick syndrome"" during and after CPB, yet most patients experience normal postoperative recovery."
401,"Body dysmorphic disorder has a closely related psychotic subtype overlapping with or identical to the BDD variant of delusional disorder, somatic type. Future DSM editions should consider including this psychotic subtype."
402,Analgesic management of daily pain is more effective for nursing home residents enrolled in hospice compared to those not enrolled. Many dying nursing home residents in daily pain receive no analgesic treatment or treatment inconsistent with AMDA and other pain management guidelines. Improving analgesic management in nursing homes is essential for achieving high-quality end-of-life care.
403,The ODT programme secures ophthalmic manpower for secondary eye care despite challenges. Stakeholders must address programme issues to enhance it.
404,No systematic association exists between isolated episodes of binge drinking during early pregnancy and child motor function at age 5.
405,Tranexamic acid significantly reduces desmopressin and bypass-induced hyperfibrinolysis. Its combined use with desmopressin decreases postoperative blood loss and transfusion requirements.
406,S.c. anti-TNF pharmacokinetics do not significantly influence US-scored synovitis in RA patients.
407,"Pharmacists' education and access to counter samples have varying effects on medical provider prescribing, contingent on the medication category targeted for cost control."
408,"The study found clear differences between the two groups, indicating increased confidence likely developed from exposure to the Pathway program."
409,"The study reports a high rate of unsuccessful IUD insertions, especially in nulliparous women, indicating that providers not using additional tools may experience higher failure rates than those reported in clinical trials. It is necessary to investigate if this is a widespread issue and whether adjuvant measures can reduce unsuccessful insertions."
410,"Less severe pediatric type II SCHFs can be successfully treated nonoperatively with close follow-up. Fractures with initial rotational deformity, coronal malalignment, and significant extension of the distal fragment are likely to fail nonoperative treatment. An algorithm using initial radiographic characteristics aids in distinguishing groups."
411,Specialty pharmaceuticals represent good healthcare value when used in targeted patient populations.
412,Bronchoscopy-based invasive strategy for diagnosing VAP does not increase time to first appropriate antibiotic administration during off-hours when clinical suspicion of VAP arises.
413,Patients less than 13 months show no increase in testicular atrophy.
414,"The study shows that the relative risk of myocardial infarction associated with cholesterol is similar for both sexes. However, women have a higher relative risk for other factors, including smoking, diabetes, elevated triglycerides, and left ventricular hypertrophy."
415,Residency training sites at the Northeastern Ohio Universities College of Medicine offer patient care opportunities comparable to those in a national survey of family and general practitioners.
416,Midwives in rural areas with fewer deliveries are not necessarily less competent or confident. Competence is a complex issue that requires further attention.
417,Comparisons of absolute EOA values by manufacturers' valve sizes are misleading due to specific geometric differences. The EOA:patient aortic annulus area ratio offers a new hemodynamic index for objective comparisons between different valve types.
418,"The estimated effective dose for VCUG radiographic scout images is low, yet it does not enhance interpretation or alter management. This step should be omitted or substituted to reduce dose in pediatric VCUG."
419,"Pre- and post-menopausal polyps show different hormone receptor and proliferation markers due to their hormonal environments. Both groups have lost typical apoptotic regulation control, leading to their growth."
420,"MetS does not affect left ventricular dimensions; hypertension does. Left atrial enlargement is more prominent in MetS patients, indicating each criterion contributes to left ventricular diastolic dysfunction."
421,"Idiopathic incidental misty mesentery appearance has a significant prevalence. High body mass index in these patients, along with evidence of obesity-induced inflammatory changes in adipose tissue, indicates an association between obesity and misty mesentery appearance on CT."
422,"Most pediatric patients follow concussion instructions post-ED discharge, yet many RTP on the injury day with symptoms or without clearance."
423,Zeolite reduces blood loss but does not stop bleeding completely; further clinical trials are needed for routine use.
424,Viral load suppression over time is feasible in resource-limited settings.
425,"In octogenarians, combined end points for adverse events are acceptable. Carotid endarterectomy is the gold standard for treating extracranial carotid disease across all age groups. Age alone should not categorize patients as high-risk for carotid endarterectomy."
426,"In 1995, mammography quality in North Carolina significantly improved due to facilities' compliance with federal regulations under the MQSA."
427,Weekend hospitalization delays intensive procedures and increases 1-year mortality for elderly AMI patients. Measurable treatment differences question the efficacy of single input regulations like mandated nurse staffing ratios. Targeted financial incentives may be more cost-effective than broad regulation for improving weekend care quality.
428,"Updated Pap test screening guidelines do not miss invasive cancer on average among women aged 30 and older. However, women aged 21-29 may face increased risk of developing invasive cervical cancer between recommended screening intervals."
429,"HIV-positive patients exhibit a distinct clinical presentation of oral mucoceles/ranulas, indicating a potential clinical link between the two pathologies. Oral mucocele/ranula is identified as an HIV-related salivary gland disease."
430,"The study found a significant increase in GBS colonization among pregnant women in northern Israel, with a higher rate of GBS carriers in Arab women compared to Jewish women."
431,"Introducing a discharge coordinator enhanced discharge planning quality, albeit with increased costs."
432,Significant WMAs occur on DSE without cTn elevation. cTnI is not a viable diagnostic tool for assessing ischemia severity during pharmacological stress tests.
433,Parental restriction of R-rated movies correlates with reduced adolescent smoking susceptibility and lower smoking rates.
434,"Erroneous hCG reporting results from the hCG molecule's complexity, confusion in nomenclature, laboratory personnel's lack of awareness, unclear reagent labeling, and insufficient product insert information on assay specificity."
435,"Hearing loss from GM otic drops may be reduced by including BM and benzalkonium chloride. BM alone is associated with hearing loss, indicating benzalkonium chloride as the protective agent in combination otic drops."
436,"Regular primary care clinicians are associated with modest gains in interpersonal quality for young children, with no differences in anticipatory guidance content. The benefit primarily occurs in interpersonal quality for certain subgroups."
437,"Socio-demographic differences exist in pre-admission test scores, yet they do not predict dental programme performance in the second or final year."
438,"Ultrasound and histopathology identify candidates for lobectomy, reducing risks and morbidity compared to total thyroidectomy. A clinical framework is proposed to discuss lobectomy for low-risk patients."
439,"The advance care planning model is feasible for community palliative care services. Quality audit processes are essential, with documentation of advance care planning discussions established as a key outcome measure."
440,"In clinically localized prostate cancer, CRP lacks predictive value, unlike in other tumor entities or advanced prostate cancer."
441,"Interobserver variability in histological sub-classification of low-grade cerebellar astrocytomas in children does not predict prognosis or biological behavior. Paediatric low-grade cerebellar astrocytomas of grades I and II show similar survival rates, indicating no prognostic significance of tumour grade. Surgically gross-total removal, particularly for tumours in the fourth ventricle, is crucial for long-term survival. Histological sub-classification lacks predictive value."
442,"Over a quarter of middle-aged adults express interest in PAS insurance, but participation hinges on premium rates. The absence of publicly subsidized insurance for long-term care and personal assistance services is a significant gap in the disability service system."
443,Intraoperative neuromonitoring (IONM) during total mesorectal excision (TME) is linked to significantly lower rates of urinary and anorectal dysfunction. Prospective randomized trials are required to definitively assess the role of IONM in rectal cancer surgery.
444,"Optimism is the strongest predictor of fear of recurrence, independent of anxiety and prior fear levels, despite associations between cognitive and emotional representations, coping strategies, and fears of recurrence."
445,"The investigation did not prove significant changes in fetal biometric parameters over the last three decades. Secular growth acceleration may not exist in the prenatal period, or the observed time period might have been too short for this phenomenon to manifest."
446,HCA does not predict subsequent cognitive decline in this series.
447,Definitive chemoradiotherapy and chemoradiation followed by surgery show no difference in clinical toxicity profiles or survival outcomes for locally advanced esophageal cancer.
448,"Endomyocardial fibrosis patients show improved clinical symptoms post-surgery, but global left ventricular ejection fraction and regional wall motion remain unchanged, indicating potential improvements in diastolic function."
449,"Medium-term experience with implantable LVAD support is encouraging. Improvements in patient selection, management, and device alterations reducing thromboembolic incidence and facilitating rehabilitation indicate the need for a prospective, randomized trial to study LVADs as an alternative to medical management."
450,Occupational exposure to ionizing radiation is a possible cause of involuntary temporary sterility and a risk factor for early pregnancy disorders.
451,"The modified lithotomy position during pelvic surgery does not cause lower limb ischemia. However, adding the Trendelenburg position results in profound lower limb ischemia, followed by muscle compartment hyperperfusion during recovery, increasing the risk of lower limb compartment syndrome."
452,"RARC did not impact the incidence of positive surgical margins, operative/postoperative complications, or overall survival in a single-institution series."
453,The retromandibular transparotid approach is a viable and safe method for surgically treating condylar fractures.
454,"Longer ETA is associated with longer hospitalization, but not with postoperative complications; appendectomy can be performed as a semielective surgery."
455,"Higher or more frequent dosing of ergocalciferol may improve VDDI and secondary hyperparathyroidism in CKD patients, as current K/DOQI guidelines are inadequate for these conditions."
456,Post-operative version or percentage of DFV>15° showed no significant difference following IMN of diaphyseal femur fractures between surgeons with and without trauma fellowship training. Prospective data is needed to remove bias from complex cases assigned to traumatologists for definitive comparison.
457,"Hospitalized children with ARI often have multiple viruses, which do not increase severity. Bacterial superinfection does increase severity, while pneumococcal vaccination provides protection."
458,Randomized controlled trials currently lack sufficient power to determine if stored blood transfusion negatively impacts clinical outcomes. Reducing the maximum storage time to 35 days is advisable as a precautionary measure.
459,"In a community-based cohort, acute myocardial infarction patients with cardiogenic shock had similar adjusted 30-day and 1-year mortality rates, regardless of the admitting hospital's revascularization capabilities."
460,"New mothers need adequate information on important topics during hospital stays. Accessible, appropriate community-based resources are essential for postpartum women, particularly those of low socioeconomic status."
461,Different scanner brands and models show great variability in direct comparison. CT scan analysis and HU evaluation provide insufficient information to characterize and identify renal stone composition.
462,"Laminoplasty yields similar perioperative and neurological outcomes for CSM patients with degenerative disease or segmental OPLL. VAS neck pain scores remain unchanged post-laminoplasty, and the procedure may limit extension ROM."
463,"Estrogen receptors are present in the connective tissue and smooth muscle cells of the anal continence organ, but not in the striated muscle fibers of the external anal sphincter in either sex. The presence of estrogen receptors in the stroma and smooth muscles of the anal canal indicates these tissues as estrogen targets, providing a theoretical basis for the beneficial effects of estrogen and progestin replacement on anal continence in postmenopausal women."
464,"Aplastic anemia is linked to autoimmune syndromes. Hepatic failure, AFOP, and VSAA in this pediatric case were part of an autoimmune syndrome, with AFOP resulting from immune dysregulation. Favorable outcomes followed immunosuppressive therapy and hematopoietic stem cell transplantation."
465,"In patients with ischaemic heart disease and hypotension, symptomatic and silent ischaemia occur in a temporally causal relation with hypotension, especially for diastolic pressures. This indicates susceptibility to ischaemic events due to low blood pressure from excessive hypotensive drug treatment."
466,"The testing method offers a useful strategy for HIV surveillance in co-infected TB patients at peripheral centers. Paramedical health professionals can perform the test without infrastructure investment, especially in low HIV endemicity areas."
467,"Eosinophilic inflammation of the airway wall increases PD, and higher eosinophil counts with ICSs lessen PD."
468,"Routine CXR after bronchoscopy with TBB is necessary only for patients with symptoms suggestive of pneumothorax. In asymptomatic patients, pneumothorax is rare and usually small, making routine CXR unnecessary."
469,Experienced surgeons can safely perform low rectal resection during debulking for gynaecological cancers with peritoneal carcinomatosis without a diverting stoma.
470,ACE-DD genotype is a risk factor for chronic kidney failure development in hypertensive patients.
471,Laparoscopic antireflux surgery significantly improves quality of life in reflux patients with well-controlled symptoms on medical therapy. These patients should be considered for surgery based on a noncomparative trial with a short follow-up period.
472,"In patients with limb-threatening ischemia lacking venous material for a venous femorocrural bypass, semi-closed endarterectomy of the superficial femoral artery with a short popliteo-crural bypass serves as an effective alternative."
473,"One year after the training program, all experimental group participants continued using biofeedback-psycho-regulation skills, reporting enhanced athletic performance and general well-being."
474,Increased post-ictal serum cytokine levels are observed in patients with several epilepsy syndromes.
475,"Cue-induced behavioural activation is specific to alcohol cues, reproducible, persistent, and naltrexone blocks it. Its correlation with human self-report of craving makes it a potentially useful model for studying alcohol craving."
476,"Improved office-based practices for influenza vaccination significantly increase vaccine uptake and reduce racial and ethnic disparities, aligning with Healthy People 2020 goals."
477,Colorectal cancer in young patients is a distinct clinical entity. Optimal approaches for this population require further validation.
478,"Initial infection control was lower in the retention group compared to the removal group, but final results were comparable. Retention treatment is selectively viable for non-S. aureus infections, with polyethylene exchange recommended for selected patients."
479,"A history of PIPE is associated with IPE development risk, but multivariate analysis shows it is not an independent predictor."
480,Italian primary care physicians target H. pylori eradication therapy for peptic ulcer disease but underuse it; improvements in prescribing behavior are needed.
481,"In intoxicated, hemodynamically stable, blunt trauma patients with a normal abdominal examination and normal mentation, the incidence of abdominal injury is low. Accurate abdominal evaluation can be achieved through physical examination and attention to clinical risk factors, eliminating the need for CT."
482,"The four cases represent a variant form of HAM/TSP, predominantly affecting cervical cord levels."
483,"Women exhibit better survival than men, but no survival advantage exists in propensity-matched gender pairs. A gender difference in survival is observed only in the adenocarcinoma subset, indicating potential pathobiological differences in adenocarcinoma between women and men."
484,"Lumbar drainage is effective and safe for preventing CSF fistula in large dural tears and debilitated/irradiated patients, and for treating CSF leaks."
485,Obesity at the start of adolescence is linked to persistent asthma symptoms; addressing obesity may lower healthcare costs and disease burden.
486,End-tidal CO₂ correlates well with arterial CO₂ in ELBW infants within the 30-50 mmHg range. It aids in trending or screening abnormal PaCO₂ values in the first week of life.
487,CA72-4 determination confirms the benign nature of ovarian endometriomas in women with high CA125 levels.
488,"Current surgical techniques for tibial preparation can lead to partial or total PCL damage. The tibial tuberosity serves as a key anatomical landmark for locating the PCL footprint and predicting detachment risk pre-, intra-, and postoperatively. This information is useful for predicting and preventing instability, pain, and dissatisfaction after TKA due to PCL insufficiency."
489,"Public antibiotic campaigns in 2008 showed little effectiveness. Future materials require auditing, and targeting the public in GP waiting rooms and through clinician consultations may improve prudent antibiotic use."
490,"Increasing treatment volume for trigeminal neuralgia radiosurgery, covering a longer nerve length, does not significantly enhance pain relief and may increase complications."
491,"The ACMIA method for tacrolimus assay is precise, requires no pretreatment, and is minimally affected by the hematologic or biochemical status of samples."
492,Tumor depth's prognostic value in extremity or trunk wall soft tissue sarcomas is largely explained by its association with tumor size.
493,"Amoxapine's PET profile resembles established atypical antipsychotics. Its pharmacologic profile, animal model effectiveness, and efficacy in psychotic depression indicate potential as an ""atypical"" antipsychotic for schizophrenia treatment."
494,N-acetylcysteine causes severe otorrhea during tympanic membrane perforation healing. Histopathological examinations are needed to elucidate this condition.
495,"Non-attaining non-HDL-C goal predicts MACE at long-term follow-up after AMI, while non-attaining LDL-C goal does not. Non-HDL-C is a more suitable dyslipidemia treatment target than LDL-C in post-AMI patients."
496,"Intrapartum VAS effectively predicts fetal acidosis in FHR variable decelerations, but not in late decelerations. Both VAS and fetal blood pH predict neonatal morbidity."
497,Puberty and family factors strongly predict adolescent alcohol use; family factors do not explain the variation in the association between pubertal stage and alcohol use.
498,"Early oral intake is possible after laparotomy and colorectal resection, indicating that laparoscopic surgeons' claims of early tolerated oral intake are not unique to laparoscopy."
499,"The study finds no relationship between loss of consciousness (LOC) and neuropsychological test performance in mild traumatic brain injury, questioning LOC's role in grading concussion severity and return-to-play decisions."
500,"Body mass index is a prognostic factor for stage 2 and stage 3a gastric cancer but not for stage 1a, 1b, 3b, and 4a gastric cancers."
501,"Smaller gaps in patella eversion occur in both knee extension and flexion compared to patella reduction. The decrease is more pronounced in knee flexion, indicating intraoperative patellar positioning affects joint gap measurement. Maintaining the patella in reduced position is crucial during gap balancing."
502,"Laparoscopic antireflux surgery is safe and effective for GERD in elderly patients, with low morbidity and mortality rates and symptom improvement comparable to younger patients."
503,"UHR intake criteria predict transition over 6 months in the order of Trait alone < APS < BLIPS. BLIPS patients are at the highest risk of transition over the short term, aligning with the ""early"" versus ""late"" prodrome model, indicating that BLIPS patients require particular clinical attention early in treatment."
504,The 80-hour workweek positively impacts resident quality of life and patient care but does not significantly improve or harm surgical education within New England residency programs.
505,"Aging skeletal muscles undergoing continuous exercise adapt to prevent the selective loss of type II muscle fibers, unlike those in sedentary elderly subjects. Physical activity should be included in elderly rehabilitation to counteract aging's effects on muscle fiber distribution."
506,"The preconditioning effect reduces infarct size independently of intermittent reperfusion, developing during initial ischemia before index ischemia, or low-flow ischemia acts as a form of reperfusion."
507,The sports medicine literature lacks studies on diagnostic and treatment interventions. The evidence base must grow in volume and quality.
508,"In patients with unilateral pseudoexfoliation, the lens is more mobile in the affected eye, causing a shallower anterior chamber in prone position, potentially leading to transient pupillary block during activities like reading while facing down."
509,"In HT+ postmenopausal women, the rs2813544 polymorphism influences LDL-C levels, and ESR2 rs1256049 is associated with T-chol and LDL-C. No prior study has examined this SNP set's association with lipoprotein levels considering hormonal status."
510,"Transverse sternal plating with 1 or 4 plates significantly enhances sternal stability closure in a human cadaver model. Adding a single sternal plate to primary closure increases the strength of sternal closure with traditional wiring, potentially reducing the risk of sternal dehiscence, and is advisable for high-risk patients."
511,"IMRT minimizes radiation dose to one parotid gland in advanced head and neck cancer patients, preventing xerostomia in most cases. Parotid scintigraphy effectively documents xerostomia."
512,"Variants at HINT1 are associated with schizophrenia, potentially in a sex-specific manner. However, these markers are in high LD with the SPEC2/PDZ-GEF2/ACSL6 locus, complicating signal separation among these genes."
513,"Major blunt trauma increases circulating neutrophils' migratory capacity within 2 hours of admission, likely due to changes in interleukin-8 receptor expression, affinity, or signaling. In patients who develop ARDS, circulating neutrophil counts initially rise then rapidly decrease. Early enhanced neutrophil migration and elevated pulmonary interleukin-8 levels are central to ARDS's characteristic neutrophil infiltration."
514,"Quantitative real-time PCR assays for BCRABL detection are comparable between laboratories using the same positive control cell line and quality control gene, despite methodological differences. Assay standardization is essential for consistent monitoring across facilities and investigative studies."
515,"In an urban population with asthma, no association is found between obesity and asthma control using four validated questionnaires. Weight loss is not an appropriate strategy to improve asthma control in this population."
516,Physicians document medication history more frequently and in greater depth for diagnostic tasks in their specialty. Users of this data should be aware of this documentation pattern.
517,"Urbanicity is linked to increased behavioral and physiological risk factors, but not directly to biological risk factors. Biological risk factors likely result from complex interactions between long-term exposure accumulation and early life exposures."
518,"Kidney damage occurs during LPN with warm ischemia over 30 minutes, and this damage is only partially reversible. Efforts should be made to keep warm ischemia within 30 minutes."
519,"Recipient inflammation affects RBC alloimmunization in humans, but a detailed understanding of the pathophysiologic association is needed before reaching definitive conclusions."
520,"Maternal creatine status changes, with increased synthesis and reduced excretion, are necessary adjustments to meet the metabolic demands of maternal tissues, the placenta, and the developing fetus during pregnancy."
521,"RPS flags 36.4% of Pap smears with glandular cell abnormalities as abnormal, detecting some AGC cases missed by Pap smears alone, proving RPS's value as a QA method."
522,"Women with two or more pregnancies exhibit important renal damage, low platelets, and elevated liver enzymes. These similarities between HELLP syndrome and Systemic Inflammatory Response Syndrome (SIRS) indicate a shared pathophysiology."
523,Intra- and postoperative investigations reveal that the short gastric arteries do not contribute to the spleen's blood supply following a spleen-preserving distal pancreatectomy with splenic vessel resection. The left gastroepiploic artery consistently serves as the primary collateral vessel in all cases.
524,"Poststapedectomy-delayed facial palsy results from HSV-1 reactivation in the geniculate ganglion, more common in those with herpes labialis history, preventable by acyclovir therapy."
525,Selective embolization improves survival in patients with hepatocellular carcinomas (HCCs).
526,"Iatrogenic injury to pelvic structures can occur during acetabular drilling for anchor placement. Awareness of mean pelvic vault is crucial, as excessive pincer rim trimming can reduce acetabular bone depth. Using a stopped drill bit is essential to prevent injury."
527,"The yield of SL for HCC is 7%, with an accuracy of 27%. With accurate imaging and standard percutaneous liver biopsy in preoperative workup, SL's benefit decreases further."
528,The study presents a classification method to differentiate HCM from ATTR amyloidosis-related myocardial thickness. The combined echocardiographic and ECG model enhances ATTR cardiac amyloidosis identification in clinical practice.
529,"Interns order significantly more arterial blood gases per infant than junior and senior residents on-call in the neonatal ICU. Further study is needed to determine if housestaff experience correlates with broader neonatal outcomes, including morbidity and mortality."
530,"RALP induces lower tissue trauma compared to RRP, as demonstrated for the first time."
531,"The pedigree indicates a recessive autosomal mode of inheritance due to consanguineous unions, suggesting a common ancestor."
532,"C-kit is vastly expressed in uveal melanoma, indicating its role in growth and potential as a therapy target with STI571."
533,"DMOADs for OA prevention in high-risk individuals are cost-effective, comparable to other accepted preventive therapies."
534,"Linear anorectal endosonography reveals incomplete or absent relaxation of the anal sphincter and m. puborectalis during defecation in most patients with dyschesia. The technique proves valuable in diagnosing ""pelvic floor dyssynergia"" or ""anismus."
535,"Human pWAT secretes chemokines with chemotactic properties, contributing to obesity-associated atherosclerosis progression."
536,"Vascular trainees experience suboptimal continuity of care, particularly in postoperative clinic assessments. Same-day admission surgery, which accounts for most cases, is linked to the poorest continuity. Vascular programs must creatively structure training to include adequate ambulatory experience, ensuring comprehensive surgical training amidst evolving therapeutic modalities and same-day admission practices."
537,Improving access to FV in households and food shopping environments slightly enhances population consumption levels and has a limited effect on reducing socioeconomic inequalities in consumption.
538,"In Sweden, a woman's model of care during her first pregnancy, like birth center care, does not significantly affect subsequent reproduction."
539,"Farming is significantly associated with PSV for the first time. Silica, solvents, and allergy also show previously reported associations."
540,"A population-based study reports an association between serum chloride level and the incidence of total, CVD, and non-CVD mortalities. The risk ratio for CVD mortality linked to low serum chloride levels is comparable to or exceeds those for established CVD risk factors."
541,The Turkish version of the EQ-5D-based utility score is a valid instrument for assessing quality of life in patients with acute coronary syndrome.
542,High doses of ZNS are effective and safe for pharmacoresistant epileptic patients. Consider therapeutic drug monitoring of ZNS at therapeutic failure.
543,"Early triptan use shortens time from migraine onset to peak but does not reduce peak headache severity, potentially decreasing total migraine duration."
544,Diagnostic stability over time is observed for manic and mixed episodes in bipolar disorder patients. Prospective studies are required for careful examination.
545,"Post-tonsillectomy late haemorrhage incidence was 1.78%. Night-time haemorrhages were significantly more frequent, with 54.2% occurring from 10 p.m. to 1 a.m. and 6 to 9 a.m."
546,Acute hepatitis C is predominantly iatrogenic in the post universal blood products screening era in the investigated localities. Attention and resources should focus on developing and implementing preventive measures.
547,Placing an antismoking advertisement before movies with smoking scenes helps immunize non-smokers against film stars' smoking influences. Caution is needed in advertisement type to avoid reinforcing smokers' intentions.
548,"Patients receiving AIs have a statistically significant higher risk of grade 3 and 4 CVAEs compared to those on tamoxifen, with an absolute difference requiring 160 to 180 patients treated to produce one event."
549,"Definitive radiotherapy to the neck and potential mucosal sites achieves good local control in unknown primary cancer of the head and neck, regardless of preceding neck dissection. The indication for neck dissection, especially in early nodal stage, remains controversial."
550,"Survivors of redo cardiac interventions experience sustainable recovery and independence, indicating advanced age should not preclude such procedures. Geriatr Gerontol Int 2016; 16: 1138-1144."
551,"Patients with fewer or anterior sutures experience shorter OR times. However, 30-day readmission, band-related reoperation, and postoperative weight loss remain unaffected by the number or location of sutures. Technical aspects of HHR do not correlate with readmission or reoperation, indicating a standardized approach may not be necessary."
552,A reduced alveolar macrophage phagocytic response to apoptotic cells or NTHi contributes to neutrophilic inflammation and NTHi colonization in both PBB and bronchiectasis. The role of this mechanism in the progression of PBB to bronchiectasis is unknown.
553,"Elderly patients with MSCC show no benefit from surgery plus radiotherapy in terms of functional outcome, local control, or survival."
554,"In South Africa, no home-prepared replacement milks meet the micronutrient and essential fatty acid needs of infants under 6 months. Only commercial infant formula fulfills all nutritional requirements. Revisions to WHO/UNAIDS/UNICEF HIV and infant feeding guidelines are necessary. Total nutrition in replacement milks requires vegetable oils like soybean oil and added vitamins and minerals."
555,"The minilaparoscopic approach to groin hernia repair is safe and effective, positioning miniTAPP as a challenging alternative to traditional laparoscopy."
556,"TEE diagnoses site involvement, correlating with surgical findings, aiding patient management and guiding surgical intervention. Echo-oriented single-valve replacement is a safe strategy for patients with PVE and double prostheses."
557,"In a series of 35 patients, epidural analgesia for HIPEC does not increase the risk of haemodynamic instability, spinal haematoma, meningitis, or epidural abscess. HIPEC with platinum salt is safe with epidural analgesia when fluid management is optimized and perimedullary anesthesia guidelines are followed."
558,"In emergency surgical patients, measuring the APACHE II score before treatment is crucial for risk stratification. Surviving patients show continuous APACHE II score improvement, but it holds no therapeutic relevance for individuals."
559,"Physicians may lack interest in assisting caregivers, face inadequate compensation for typical counseling sessions, and find professional caregiving to family caregivers demanding."
560,"Cytologic sampling shows significant overlap in features between NPBD and PBD, making their distinction difficult."
561,"Cited reviewers received higher scores than noncited reviewers, likely due to being assigned higher-quality manuscripts, not manuscript citations. Requests for citation of their work were rare."
562,Central venous pressure does not support fluid therapy guidance; this practice should be abandoned.
563,"Memory provocation enhances rCBF-SPECT sensitivity for detecting AD-related blood flow changes in the brain at the group level. Future studies must assess MP-SPECT as a diagnostic tool at the individual level. If higher sensitivity for AD at the individual level is confirmed, a single MP-SPECT study could suffice clinically."
564,"Endoscopists in tertiary care accurately predict diminutive polyp histology, optimizing surveillance intervals and reducing healthcare costs. Community application is limited but may improve with training and high-definition colonoscopes."
565,"CMV-IgM and IgG antibodies are not effective for identifying congenitally infected newborns. Low birth weight and small head circumference do not predict congenital CMV infection. Real-time PCR of CMV-DNA in umbilical cord blood at delivery is recommended as a decisive, rapid, and non-invasive test."
566,"External radiotherapy is a safe and effective palliative method for gallbladder carcinoma, but its role in palliative or adjuvant treatment requires further determination."
567,Discordant TEOAE and AABR may be inevitable for some hearing loss categories in apparently healthy newborns with prenatal care. Limitations of perinatal morbidities as a basis for targeted screening warrant further consideration.
568,"Chemical shift subtraction aids routine dynamic contrast subtraction in morphologic analysis, especially for evaluating margins of benign lesions in fatty breasts. It also assists in the morphologic analysis of masses in dense breasts."
569,"Group 1 states exhibit above-average rates for most injury death categories, while group 2 states show below-average rates for most injury death categories."
570,"European type 1 diabetes patients consume a high atherogenic diet, with few meeting dietary fibre and saturated fat recommendations. Over 7 years, dietary nutrients and energy intakes changed minimally. Nutrition education should focus on increasing dietary fibre and reducing saturated fat for potential benefits."
571,The current intervention programme effectively initiates improved reading skills in adults with intellectual disabilities.
572,Post-tonsillectomy antibiotics do not reduce morbidity. As-required analgesics have limited value.
573,DW imaging aids in detecting uterine endometrial cancer in nonenhanced MR imaging.
574,"Inhaled steroids are more effective than cromones in preventing asthma admissions, as shown by a comparison of two provinces with different maintenance medication practices for steady-state asthma."
575,Substance use is a significant indicator of HIV infection risk in youth due to its association with unsafe sexual behaviors. HIV prevention programs should acknowledge this link.
576,"Intravenous thrombolysis modifies the survival and recovery advantage for men in ischemic stroke, showing a potentially larger beneficial effect in women compared to men."
577,"The incidence of venous thrombosis during hospitalization in a department of general internal medicine is low, not justifying prophylaxis for all internal patients. Cancer is a strong risk factor for hospital-acquired thrombosis in the medical ward."
578,"Administering chemotherapy in rural towns under the supervision of medical oncologists from larger centers via teleoncology is safe, assuming rural healthcare resources and governance arrangements are adequate."
579,"Paget's disease is present in India, necessitating a high index of suspicion for accurate diagnosis."
580,sst2a IHC of tumor samples does not provide additional predictive value for tumor response after PRRT compared to SRS uptake using OctreoScan®.
581,"Vaginal pH is accurately measured by directly contacting the pH strip with fresh vaginal fluid, without adding saline."
582,"BRAF-mutant PTC patients treated with TKIs show significantly longer PFS than BRAF wild-type patients. Further investigation is needed due to the small number of BRAF-mutant patients, to understand the mutation's positive effect in RAIR TC and negative impact in RAI-sensitive PTC."
583,"The IADPSG recommendation for glucose screening in pregnancy is cost-effective, with the model sensitive to preventing future diabetes through postdelivery counseling and intervention in GDM patients."
584,"Depressive symptoms patterns are similar in men and women in this community sample, with no evidence of gender differences in symptom presentation."
585,"Between 2005 and 2009, the rate of initial in-person CIED follow-up visits within 2 to 12 weeks post-implantation improved over time, though most Medicare beneficiaries did not have such visits. These visits were significantly more common in white patients compared to patients of other races."
586,"Limb-salvage surgery provides better gait efficiency and return to normal living than above-knee amputation, yet it does not enhance the patient's perceived quality of life."
587,"Serum ACE shows a weak relationship with the frequency of SH, limiting its role as a risk index for SH due to unclear clinical relevance."
588,Clinical predictors are inadequate for evaluating the cervical spine in geriatric trauma patients with low-energy mechanisms.
589,"Socioeconomic, demographic, and microbiological differences between unmarried and married women in Poland contribute to poor pregnancy outcomes among unmarried women. Comprehensive medical care for unmarried pregnant women should begin before pregnancy."
590,Patients undergoing TKA with tranexamic acid do not require a uniform preoperative Hb optimization target. The ASA score and Hb level can be used to individualize the Hb optimization target.
591,Cervical discopathy is correlated with cervical MS plaque.
592,"Emotional prosody is partially processed outside spatial attention's focus. Early sensory stages modulate emotional voice processing by spatial attention based on emotional valence, but later stages process emotional prosody independently."
593,"Elevated leukocyte count and CRP value do not effectively diagnose acute appendicitis in the elderly, but unelevated values exclude it. Therefore, appendectomy is not recommended for elderly patients with unelevated leukocyte count and CRP value, despite clinical symptoms and signs of acute appendicitis."
594,Diagnosis of BD in patients with MDE varies significantly with the method and criteria used. The difference between criteria-free physician diagnosis and other algorithms highlights the importance of criteria lists in clinical settings.
595,Low-tone sudden deafness patients with vertigo may not have endolymphatic hydrops; ECochG is a useful prognostic tool.
596,Pictorial health warning labels with didactic text are more effective than those with testimonial narratives. Research should identify which pictorial content most impacts disadvantaged consumers and adapt HWLs as tobacco control strengthens and awareness of smoking risks grows.
597,"In patients aged at least 75 years, PPM after AVR does not impact survival, functional status, or QoL, making surgical procedures to prevent PPM unjustified in this group."
598,Surgeons are discouraged from adopting minimal access techniques for treating hydatid cysts due to the exaggerated traditional fear of anaphylaxis.
599,"Clinicians and CPs differ in their understanding of RBC-M terms' clinical relevance. Including interpretive comments on CBC reports ensures RBC-M changes are interpreted as intended by CPs, enhancing communication, transparency, and medical decision-making."
600,"β-catenin overexpression in SbCC of the eyelid correlates significantly with tumor size, suggesting Wnt/β-catenin pathway dysregulation. Its role in development and prognosis requires further exploration."
601,"Ultrasound matches X-ray in sensitivity for identifying limb fractures and diagnosing fracture type and dislocation, making it an adequate alternative for pediatric fracture diagnosis."
602,Data on cumulative hospital mortality from 180 days postadmission provides the same perspective as data from 30 days postadmission for the studied conditions.
603,Pre-eclampsia is a risk factor for cochlear damage and sensorineural hearing loss; routine audiological examinations are needed in these patients.
604,"Ultrasound measurement bias is clinically acceptable, making ultrasonography adequate for Schanz pin protrusion measurement despite statistical imparity with gross dissection."
605,"During a 4-week EM rotation, most students encounter at least eight of the 10 conditions, but not all. Some conditions are less likely to be encountered and may require nonclinical teaching."
606,"Successful healing of LA grade C or D oesophagitis after 4 weeks of acid-suppressive therapy reaches a threshold, beyond which further improvements are unlikely despite increased hours with intragastric pH > 4."
607,"Gadofosveset-enhanced MR angiography effectively images carotid artery stenosis. Steady-state image reading surpasses first-pass reading, while the combined protocol yields the highest accuracy."
608,"Device-recorded and self-reported hot flashes show discordance. SSC monitoring has limitations, such as data collection difficulties and inconsistent interpretation. Recent trials highlight SSC methodology issues, indicating the need for a better physiologic surrogate measure for hot flashes."
609,Inserting an elephant trunk in a small-calibre true lumen during surgery for chronic aortic dissection causes haemolysis and should be avoided.
610,"Expander deflation immediately before radiotherapy increases adverse effects, particularly in the lower pole, likely due to enhanced radiosensitization from increased blood flow and tissue oxygenation."
611,"The new storage can maintains more stable temperature levels than the old can, making continuous monitoring during conservation unnecessary."
612,IHC or SSCP-detected p53 alteration does not predict local response to pre-operative adjuvant therapy in advanced rectal carcinoma.
613,"Community providers often view IBS as a diagnosis of exclusion, leading to increased resource use. Experts adhere more closely to guidelines, diagnosing IBS with minimal testing, indicating a need for better guideline implementation to reduce variation and enhance cost-effectiveness."
614,"In women with pelvic organ prolapse, pelvic pain is associated with the presence of defecatory symptoms."
615,Ibuprofen pretreatment before elective total hip surgery significantly increases perioperative blood loss. Early discontinuation of non-selective NSAIDs is advised.
616,"The laparoscopic-assisted approach to Crohn's disease is feasible and safe, yielding good outcomes. Co-morbid preoperative findings like abscess, phlegmon, or recurrent disease at the previous ileocolic anastomosis do not contraindicate successful laparoscopic-assisted ileocolic resection in select patients."
617,"U.S. adults with chronic disease-related functional limitations saw a significant increase in CAM use from 2002 to 2007, especially among those with changing and maintaining body position limitations."
618,"Extended replacement of the dissected ascending aorta and aortic arch yields good early and midterm results, despite the complex surgical technique. Complete replacement of dissected aortic parts is advocated for all technically feasible patients."
619,Intensive observation for the first transfusion in pediatric patients is unnecessary.
620,Exercise training elicits different cardiovascular responses in men and women. Women benefit more from increased physical activity interventions for preventing cardiovascular morbidity and mortality.
621,"Screen-detected patients show good long-term dietary compliance, with quality of life and bone mineral density comparable to non-coeliac subjects and the general population. Active screening in coeliac disease risk groups is reasonable and not harmful."
622,"Men without food poisoning or travel history show increased shigellosis, indicating a shift to a predominantly male pattern, likely due to sexual transmission."
623,"Spinal cord untethering is unnecessary in MM patients undergoing scoliosis surgery without clinical tethered cord symptoms, despite radiographic evidence of tethering."
624,Elevated relative aerobic workload for several hours daily may explain the increased cardiovascular disease risk among workers with high occupational physical activity levels.
625,"Streptococcus group B vagino-rectal colonization prevalence in pregnant women from Melilla aligns with national figures, yet is higher in the Muslim population compared to the Christian population, with no age-related differences observed."
626,"Ureteroscopic stone retrieval can be safely performed without fluoroscopy in many patients, supporting the principle of minimizing radiation exposure."
627,The number of emboli detected is the same whether the first vascular clamp is applied to the proximal aorta or iliacs.
628,"Lower initial glycemia in type 2 diabetes patients, likely earlier in disease progression, results in fewer adverse clinical outcomes despite similar glycemic progression. Active case detection programs are needed to identify these asymptomatic individuals."
629,Interventions should be designed to increase awareness of potential stroke signs and symptoms and appropriate subsequent clinical actions.
630,"Extrapulmonary tuberculosis occurs at a very early age, with no immune deficit, and is associated with a rare congenital neurological syndrome, indicating a possible link between the syndrome and tuberculosis occurrence."
631,"In capped health care systems, virtual planning and guided surgery with prebent or milled plates are financially viable."
632,Overweight children do not necessarily remain overweight in young adulthood. Secular trends and growth curves by birth cohorts over six decades are essential for studying obesity and thinness.
633,Patients unlikely to benefit from a Kasai procedure can be identified preoperatively via liver biopsy and directed to transplantation.
634,"In women with a history of tubal sterilization, prior unintended pregnancy does not reduce the desire for sterilization reversal."
635,Newborn metabolic screening remains uncompromised by early discharge in a well-established program with nurse home visits.
636,"Elderly stroke patients reliably recorded home blood pressures with minimal bias, unlikely to affect management. General practitioners should consider using home BP monitoring records to guide treatment decisions, as in-office readings may not reflect true blood pressure."
637,"Raising blood pH in dialysis patients did not positively affect albumin and muscle protein synthesis, or nutritional and endocrinal parameters."
638,T-cell deficiency affects spatial learning after toluene exposure.
639,"Elevated homocysteine levels are a precipitating factor for vitiligo in predisposed individuals. Vitamin B(12) and folic acid, crucial in homocysteine metabolism, are recommended for investigation and treatment of this common disease."
640,"DM affects more thigh muscles than PM, except for the posterior compartment muscles, which are equally involved in both disorders. This information can guide physiotherapy targeting the more frequently affected muscles."
641,"Juvenile AS often begins with oligoarthritis and enthesitis, not spinal disease. Hip and knee joint involvement is more common in JAS than AAS."
642,Aspiration thrombectomy before primary PCI shows no benefit on clinical endpoints and may increase stroke risk. Intravenous glycoprotein IIb/IIIa inhibitors and ischemic time do not influence potential benefits.
643,"Clinicians can use simple, reliable, and time-efficient foot measures to explain 79% of the plantar surface area in the forefoot and 85% in the midfoot."
644,Dentists are unlikely to detect image manipulations altering radiograph diagnostic content. Digital radiography necessitates additional data protection measures.
645,"DGE after PPPD is of minor clinical importance post uncomplicated surgery. Antecolic duodenojejunostomy likely reduces DGE incidence after PPPD, with DGE more associated with other postoperative complications than pylorus preservation."
646,"High Ki-67 expression correlates with poor survival and increased disease progression risk in UTUC patients, necessitating large-scale, prospective trials for confirmation."
647,Patients over 75 with proximal femur fractures experience a disproportionate increase in total hospital length of stay when transfer to a rehabilitation ward is delayed.
648,"A six-month amblyopia treatment improved visual acuity in anisometropic hyperopic amblyopic eyes but did not significantly alter choroidal thickness, aligning with the view that visual cortex and lateral geniculate nucleus abnormalities contribute to amblyopia's pathophysiology."
649,"Poly Implant Prosthesis prefilled textured saline breast implants have a 15.56 percent cumulative deflation rate after 4 years, over 3.5 times higher than the 4.31 percent rate of Mentor Siltex implants. This significant difference, observed at years 2, 3, and 4, must be considered when evaluating the risks and benefits of Poly Implant Prosthesis breast implants."
650,FB moves through the body but not towards the heart. Imaging studies are mandatory before endoscopic examination in cases of prolonged FB ingestion histories.
651,"Serum PON 1 levels are not correlated with epicardial fat tissue thickness. However, PON 1 levels are lower in patients with epicardial fat tissue thickness of 7 mm or more, indicating increased atherosclerosis progression in these patients."
652,Exclusive CRT is unsafe for treating low infiltrative rectal carcinoma patients.
653,"Variation in results is due to differences in laboratory methodologies, not calibrator variations."
654,"Diabetic patients have significantly more complex coronary lesions, such as bifurcation and ostial lesions, than nondiabetic patients. Greater age and diabetes independently predict these complex lesions, explaining the poor prognosis of coronary artery disease in diabetics."
655,"CEA use varies by residence area, reflecting clinical practice and service supply, not need differences. Evidence indicates unmet need for CEA."
656,Prenatal cigarette exposure and childhood violence are linked to early adolescent delinquent behaviors in this cohort. Intrauterine cocaine exposure is not a strong predictor of such behaviors.
657,Expert breast pathology assessments remain essential in managing DCIS.
658,"Monitoring MEP and SSEP allows safe sacrifice of up to 15 intercostal and lumbar arteries during TAA/A repair, with low immediate and delayed paraplegia rates. This indicates routine segmental vessel implantation is unnecessary, and future endovascular thoracic aorta repair may avoid spinal cord injury."
659,"The year of radical prostatectomy (RP) predicts outcomes on multivariate analysis, independent of preoperative features, and this effect is not explained by stage migration."
660,"HIE is associated with reduced repeat imaging in emergency departments, providing empirical support for this anticipated benefit."
661,Decompression for spinal cord sarcoidosis with compressive myelopathy shows no effect. Early diagnosis and steroid therapy are necessary.
662,Access site does not affect neural injury or recurrence rates.
663,"Epinephrine added to ACLS-SAPO enhances vital organ perfusion pressures and improves cardiac arrest outcomes. Prolonged arrest causes a loss of arterial vasomotor tone, necessitating exogenous pressors for resuscitation."
664,Nurses' aides exposed to ETS at home during childhood have an increased risk of long-term sickness absence.
665,"No significant difference in fistula rate is observed after covering the resection margin in distal pancreatectomy, highlighting an unsolved problem."
666,"In low-risk patients, longer treatment duration is an adverse factor. Avoid treatment breaks with a NTDR of ≥33%, such as four or more breaks in a 40-fraction, 5 days/week treatment."
667,"Urinary biomarkers provide a non-invasive, sensitive, early assessment of tubular lesions in the salivary kidney (SK). These biomarkers of proximal tubule (PT) injury parallel renal function decline, complementing glomerular filtration rate (GFR) estimation. Monitoring PT dysfunction is essential in patients with SK."
668,"Fondaparinux's role in perioperative bridge therapy remains unestablished, with significant limitations for routine use as a bridging agent."
669,"CLBP patients generally exhibit worse motor task performance than healthy subjects, and provoking pain-related cognitions further deteriorates their performance."
670,"Patients often lack understanding of their ED care and discharge instructions. Despite this, they typically report high confidence in their comprehension and recall, unaware of their actual lack of understanding."
671,Depiction of the superior wall of the mandibular canal is not improved by changing image thickness.
672,"Complete resection is common in stage III thymoma patients, with some experiencing prolonged disease-free survival without adjuvant radiation. Radiation does not prevent pleural recurrences post-resection, necessitating a re-evaluation of routine adjuvant radiation use. Chemotherapy may reduce pleural recurrences."
673,Serum inhibin concentrations higher than those in the early follicular phase one to two weeks after evacuation of a hydatidiform mole are specific for persistent trophoblastic disease. Additional data are required to confirm these results.
674,"Injured cervical intervertebral disks show inflammatory markers like MCP, structural matrix protein fragments like FAC, and a pH correlation. Evaluating FAC as a diagnostic biomarker or therapeutic target is warranted."
675,High BUN levels and low salivary flow rates are associated with halitosis. PD decreases halitosis levels in ESRD patients.
676,"Elevated cTnI levels are associated with higher risk for in-hospital mortality and a complicated clinical course in patients with PE. Troponin I is important for risk assessment, and its elevation is a valuable parameter for risk stratification in PE."
677,"Transurethral urinary catheters cause discomfort, particularly in males, and lead to high urinary tract infection rates in both sexes. Suprapubic catheterisation, easily performed during laparotomy, is a viable alternative for bladder drainage."
678,"For certain patients, describing pain using color enhances doctor-patient communication."
679,"Significant differences in costs, outcomes, and patient factors for inpatient tonsillectomy exist based on hospital type. Isolated claims data do not reveal reasons for these differences, but findings establish a basis for evaluating factors to reduce care costs and improve value."
680,"Greater anterior laxity in the uninjured knee correlates with poorer stability and functional outcomes post-ACL reconstruction, indicating it as a risk factor for inferior outcomes."
681,Relapse rates for a major depressive episode are high at medium term. Partial remission after a depressive episode is an important predictive factor for relapses in a 4-year follow-up.
682,Combining total and percent free PSA tests results in modest improvements over using total PSA alone. Utilizing percent free PSA below a PSA threshold of 4 ng/mL significantly reduces unnecessary biopsies without missing detected cancers.
683,"The study concludes that applying this knowledge to dead human subjects can temporarily preserve bodies, allowing for delayed funerals."
684,"Elderly patients have informational and relational needs like younger patients, desiring better dialogue with health staff and opportunities to talk with others who have the same illness."
685,"Prognosis for patients with recurrent breast cancer improved between 1974 and 2000, as shown by data from these patient cohorts."
686,"CIMT is a significant indicator of cardiovascular risk and phenotype in adult black Africans, but specific thresholds require definition through prospective studies."
687,"Delayed diagnosis of an ARM is common, affecting 32% of referred patients over 2.5 years. Current guidelines are insufficient for ensuring prompt ARM diagnosis."
688,"SGA is not a significant risk factor for any stage or severe ROP in this cohort, with similar ROP risk factors among SGA and AGA very-low-birth-weight preterm babies."
689,"Infliximab is associated with a higher risk of serious infections compared to etanercept, unaffected by sex, race/ethnicity, body mass index, or smoking status. The increased risk may be limited to patients under 65 years."
690,Frequent hamburger consumption is dose-dependently linked to asthma symptoms; frequent takeaway consumption is similarly linked to BHR.
691,"Prostate cancer detection rates decrease with increasing prostate volume in transrectal ultrasound guided and fusion biopsy. Magnetic resonance-ultrasound fusion biopsy shows a higher detection rate than transrectal ultrasound guided biopsy, offering a promising solution for patients with suspected prostate cancer and enlarged prostates."
692,Normothermic normokalemic simultaneous antegrade/retrograde perfusion slightly impairs myocardial oxygenation and energy metabolism in hypertrophied hearts compared to NNAP. NNSP should be used cautiously for protection during valve surgery.
693,"Schizophrenia is associated with progressive structural brain abnormalities in both gray and white matter. No evidence of progressive medial temporal lobe involvement was found, potentially due to heterogeneity in patient age and illness duration across studies. The causes and clinical correlates of these brain changes warrant further investigation."
694,"Concept mapping positively affects students' academic achievement, providing evidence for its use as a continuous teaching strategy for nursing students."
695,"The prevalence of PADAM is high in relation to available testosterone, with the ADAM questionnaire showing low diagnostic efficiency. Clinicians can suspect PADAM when symptoms of sexual dysfunction are present."
696,TLI assessed at late childhood predicts the frequency and severity of suicidal behavior from preadolescence to young adulthood.
697,"Women often delay seeking treatment for AMI compared to men, increasing their risks. Specific characteristics identify African Americans most likely to delay treatment for AMI."
698,"Histologic chorioamnionitis reliably indicates infection, regardless of clinical appearance."
699,Young children with a history of atopic dermatitis have a higher lifetime prevalence of irritable colon compared to those without such a history.
700,Sonographic needle guidance significantly enhances performance and outcomes of outpatient IA injections.
701,Pancreas retransplantation is safe and offers acceptable graft survival for diabetic patients who have lost their primary graft.
702,"For NPC patients with lung metastasis alone, age ≤ 45 years, DFI > 1 year, and combined therapy are good prognostic factors. Local therapy combined with basic chemotherapy is recommended for patients with DFI > 1 year."
703,"BPPV is linked to positive viral serology, especially in spring and autumn. Viral infections may trigger BPPV attacks through vestibulopathy development or secondary BPPV via neurolabyrinthitis."
704,"Center differences in enteral feeding advancement occur, impacting short-term outcomes like nosocomial sepsis. Large, multicenter, prospective trials are needed to determine the optimal feeding strategy for VLBW infants."
705,"In obese patients with T2DM, late-night salivary cortisol shows poor specificity for cortisol excess, whereas 24-hour UFC demonstrates significantly better specificity."
706,"Psychological distress independently increases the risk of disability, with its predictive significance differing across disorders that cause functional deterioration. The mechanisms of association likely vary between disorders."
707,Preloading colloid fluid before repositioning prevents decreases in systolic blood pressure and central venous pressure during sitting positioning without complications.
708,"Intravenous epinephrine at ≤1.67 micrograms/min does not affect maternal hemodynamics or uterine blood flow in pregnant ewes, indicating safety in humans if an epidural catheter enters a blood vessel."
709,"No overall first night effect on RMMA frequency in young, healthy SB patients was observed. One-night sleep recording suffices for moderate-high frequency SB patients, but a second night may confirm low RMMA frequency based on medical and dental history."
710,Menopausal transition does not significantly affect quality of life in Taiwanese women. Decline in emotional role limitations is linked to vasomotor symptoms.
711,"The PHQ-9, scaled with Rasch analysis, forms a linear interval measurement of depressive symptoms suitable for use in a vision impaired population."
712,Most U.S. renal transplant centers refuse kidneys to asymptomatic HIV-infected patients with end-stage renal disease. Advances in HIV management and ethical reviews indicate a need for reconsideration.
713,"The revised TNM staging for EGC indicates more aggressive cancer behavior, aiding in predicting biological behavior, prognosis, and survival."
714,"GHD men on GH treatment have a mortality rate similar to the background population. In women, excluding high-risk patients, mortality matches the background population except for CVD. GH treatment does not increase malignancy mortality in adults. Gender and heterogeneous etiology influence mortality in GHD adults on GH treatment."
715,"Practice patterns in the US for handling surgical margins in breast-conservation treatment vary widely, with no prevailing standard of care. Additional study is needed to determine the minimal surgical treatment necessary alongside chemotherapy and radiation for adequate local control rates."
716,Serum samples can be used to analyze EGFR mutation status in advanced NSCLC patients when obtaining tumor tissue is challenging.
717,"The Web-based sample exhibited worse psychological symptoms, was younger, had higher employment rates, and a lower ART proportion compared to the clinic sample. Future research should include demographic variables that differed between samples. Each recruitment method introduces sampling bias: clinic populations vary by location and access to medical care, while Web-based sampling reflects greater Internet access and specific search behaviors."
718,"RD and RN CDEs provide similar overall recommendations for treating individuals with diabetes, despite some differences."
719,"People at high risk of falls rarely received systematic falls risk assessments during rehabilitation. Identified risks typically led to strategy implementation, but unassessed risk factors limited fall prevention strategies. Inadequate risk management during hospitalization may contribute to post-discharge falls. Geriatr Gerontol Int 2016; 16: 570-576."
720,"C-kit positivity is observed in mitotic, proliferating, and dysplastic hepatic cells. C-kit expression serves as an early diagnostic indicator for HBV-induced HCC."
721,"The Barthel index remains a justified standard outcome measure for long-term follow-up in stroke patient populations, serving as a proxy for various other intended outcome measures across different domains."
722,Female residents delay pregnancy due to career concerns. Medical educators should consider this when advising female trainees.
723,GP hospitals decrease general hospital admissions and occupied bed days.
724,Economic/employment and social/welfare dimensions of social exclusion significantly influence male suicide mortality. Their influence on female suicide mortality is controversial. Social exclusion is a risk factor for suicide mortality in Europe.
725,"Parity is linked to insulin sensitivity deterioration, CP/FPG increase, and GDM appearance through ageing and weight gain, not directly."
726,Information sheets aid informed consent by improving patient recall and serve as a medicolegal record of discussions.
727,Tumor characteristics significantly differ by location within and between the national cohorts. These differences necessitate further investigation into the biological variations between the two countries.
728,"Clinical assessment is essential for diagnosing appendicitis. In girls over 10, selective imaging is recommended to prevent unnecessary appendectomies. Ultrasonography is the preferred imaging method in equivocal cases."
729,Shortening hospital stays does not increase 30-day readmission rates or physician visits. Optimal lengths of stay and expected readmission rates require further research.
730,"The Kenyan health sector is inequitable, with benefits not distributed based on need. Restructuring is necessary to address access barriers and ensure all Kenyans benefit from health care according to need."
731,"All children over 5 years should be screened for hyperlipidemia, regardless of family history. Education on hyperlipidemia and its complications should be provided to children and families, with schools serving as the optimal location for screening and education."
732,Humeral and glenoid bone defects show no correlation. Inter-observer reliability is excellent for the D/R ratio and good for the D1/D2 ratio.
733,Parents recall their child's body mass index is higher than recommended but struggle to remember much of the information and advice given about it.
734,"Instrumental variables reveal a significant relationship between improved ambulatory process of care and enhanced health-related quality of life, highlighting the importance of care process improvements."
735,"Perspective-taking enhances patient satisfaction across medical schools, clinical disciplines, and diverse student and SP populations. It warrants further exploration in clinical training and practice."
736,"Mitoxantrone as a single agent shows no significant difference in response or survival compared to low-dose FEC combination for high-risk metastatic breast cancer. Given its lower toxicity and better quality of life scores, it may be preferred by patients valuing quality of life over potential small survival benefits."
737,"Patients with WD undergo cardiac surgery with no markedly enhanced bleeding risk, despite higher transfusion needs and significantly lower perioperative platelet counts."
738,"Neck pain negatively associates with physical HRQoL, not mental HRQoL, and contributes to future poor physical HRQoL. Awareness of neck pain's impact on physical HRQoL is crucial for healthcare providers and policymakers."
739,AG is not supported for routine use in IBS patients. Clinical response improvement at 4 weeks may indicate a long-term effect or non-responder dropout. GI side effects could be coincidental or due to AG administration.
740,"Sublingual varices are associated with hypertension. Examining tongue lateral borders is simple, harmless, and valuable for dental preventive healthcare."
741,CT is not useful for determining CSF block levels in TBM; air-encephalography is the most reliable method for assessing CSF obstruction.
742,"Intra-articular contrast media for MR arthrography of the shoulder does not require local anesthesia to reduce pain intensity, lowering costs and adverse reaction risks without affecting patient comfort."
743,Cognitive functioning and recognition of frequency-compressed speech-in-noise show no statistically significant relationship. Different results might occur with training or acclimatization to frequency-compressed conditions.
744,"CBCT is more accurate than bitewing radiographs in detecting cavitation on proximal surfaces. When CBCT is used for other clinical purposes, it should also evaluate proximal surface cavities in teeth without restorations, and any detected pathology should be included in the dentist's report."
745,"Supervised colorectal trainees achieve rectal cancer excision quality comparable to consultants, as defined by mesorectal grades."
746,"Affect-regulated exercise increases time to reach ventilatory threshold by 19%, indicating improved fitness, and can be used to regulate exercise intensity in training programs."
747,"Socioeconomic differences in mortality persist and increase with age beyond retirement. Mortality differentials based on occupational status decrease more after retirement than those based on non-work measures, indicating that work may significantly contribute to social health inequalities in men of working age."
748,"7% of women in the cohort met clinical or molecular criteria for Lynch syndrome, all having a prior history or a first-degree relative with HNPCC-associated cancer. Genetic evaluation for Lynch syndrome is appropriate when limited to women with synchronous endometrial and ovarian cancer and a family history suggestive of HNPCC."
749,"STANDING demonstrated good inter-observer agreement and accuracy in the hands of EPs, validated against the local standard of care."
750,Orthostatic myoclonus is frequently underdiagnosed and may cause unsteadiness in individuals with neurodegenerative diseases. Electromyography surface recording assists in investigating unsteadiness of unknown origin.
751,"Apoptosis may not be involved in cell loss in MTS, or a slow rate of cell demise may have prevented detecting TUNEL-positive neurons. Increased Bax expression and caspase activation support the latter possibility."
752,Half-dose gadobenate dimeglumine at 3-T MR imaging correlates highly with full dose and provides identical image quality for assessing synovitis or tenosynovitis in early RA.
753,"Laparoscopic procedures cause detectable damage to Kupffer and endothelial cells, indicated by elevated post-operative HA serum levels. Damage to liver hepatocytes and perisinusoidal cells is clinically insignificant, with the procedure likely causing Kupffer and endothelial cell damage."
754,Hospital management stimulates the development of care programmes by adopting case-mix reimbursement within budgeting processes. Confirmation of this finding and assessment of whether care programmes lead to a more process-oriented view of professionals are recommended.
755,Female college students with ADHD are at risk for unprotected sex. A positive mother-child relationship may protect college students with ADHD from risky sexual behavior.
756,Working exposure increases the risk or leads to clinical manifestation of rotator cuff tears due to ergonomic exposure.
757,"Pelvic CT provides no additional information in most RCC cases and should be used selectively, reducing diagnostic imaging costs."
758,High signal intensity change on T2-weighted MRI and the pyramidal tract sign serve as prognostic factors for patients with CSA.
759,Eliciting a tibial motor response predicts a higher success rate than a peroneal motor response with parasacral sciatic nerve block.
760,"In HBR patients with stable or unstable coronary artery disease, E-ZES implantation demonstrates superior efficacy and safety compared to conventional BMS, as shown in the ZEUS study (NCT01385319)."
761,"Simple detorsion does not increase morbidity, and all patients retain functioning ovarian tissue post-procedure, regardless of assessed ischemia severity. Detorsion is the preferred treatment for most pediatric ovarian torsion cases."
762,Minimal access surgery for esophageal atresia or congenital diaphragmatic hernia does not reduce cumulative opioid doses.
763,"In the 'at-risk' group with skin microvascular dysfunction, maximal oxygen uptake is not reduced compared to healthy controls. Within this group, higher aerobic fitness correlates with improved microvascular and endothelial responsiveness."
764,"At the studied gas flows, HFNC is not noisier than BCPAP for preterm infants."
765,"The gluten-free diet shows minimal deficiencies, similar to a gluten-containing diet, and improves the lipid profile by increasing monounsaturated fatty acids while reducing saturated fatty acids."
766,"High-quality evidence-based resources alone do not ensure uptake. Understanding end-users, their environment, and necessary infrastructure is crucial. Implementation requires continuing education and endorsement for sustainability and full potential use."
767,"The WHO's ""test and treat"" policy would first benefit SSA, but the region is unprepared for the increased burden of ART-related toxic and metabolic complications. Immediate action is necessary to address these gaps to prevent SSA from becoming overwhelmed by the policy's consequences."
768,"Elderly patients with OPSCC are treated less frequently than younger individuals. Objective measures to assess patient fitness are recommended to reduce undertreatment, as aggressive treatments can significantly benefit older patients."
769,"PET/CT has a limited role in hepatic staging of LMCRC, with higher sensitivity for detecting extrahepatic disease in some locations but low PPV. It provides additional useful information in 8% of cases but incorrect and potentially harmful data in 9% of the staging. Findings support more selective use of PET/CT, primarily in patients with a high risk of local recurrence."
770,Measuring myometrial electrical activity enhances identification of patients in true premature labor.
771,"A high-IQ variant of schizophrenia exists, associated with significantly fewer negative symptoms than typical schizophrenia, supporting the concept of a psychosis spectrum or continuum over distinct diagnostic categories."
772,"Nursing home residents have a high prevalence of PAD. AAI does not predict IHD mortality in this group. In very frail elderly, poor functional status, nutritional factors, and previous cardiovascular disease are more important predictors of death than traditional risk factors and PAD."
773,Routine nasogastric tube placement in LSG patients does not reduce leak incidence.
774,"The study found that OSCE ratings by LEs and REs were reasonably comparable using checklists. Remote examination is a feasible and acceptable method for assessing students' clinical skills, though additional validity evidence is needed before recommending it for high-stakes exams."
775,"CPAP treatment in IPF patients with OSA significantly improves daily living activities as measured by the FOSQ. Other quality of life questionnaires show improvement, though not statistically significant, due to IPF's multifactorial impact. High probability of poor CPAP compliance is mitigated by intense follow-up from CPAP clinic staff."
776,Patients undergoing open access procedures are less likely to be properly informed about their endoscopic procedure. A defined mechanism is necessary for communicating endoscopic results to patients in open access endoscopy.
777,"Low albumin concentrations correlate with poorer survival in gastric cancer patients, with the strength of this association dependent on systemic inflammation, indicated by elevated CRP levels. Hypoalbuminemia's impact on survival is secondary to systemic inflammation."
778,"Significant postoperative pain is expected with prior surgery pain, chronic pain lasting over six months, intense preoperative pain, and depression."
779,"Patients with breast cancers classified as Auer IV, based on ICM-DNA values for the S + G2/M region, can be divided into subgroups with distinct tumor characteristics and prognoses."
780,"A skin care protocol with a cleanser containing aloe vera and a cleansing lotion, followed by a moisture barrier with silicone or a skin protectant with zinc oxide and menthol, applied every 6 hours and as needed, reduced moderate IAD incidence in the experimental group."
781,"Primary angioplasty service reorganization was acceptable to patients and carers, with high satisfaction levels across care types, except for discharge and aftercare."
782,"In male HIV-infected patients over 52 with at least two other CRFs, myocardial SPECT screening for SMI is approximately four times more likely to be positive than in the general population, encouraging systematic screening for these patients."
783,"Polyvalent Crotalidae antivenin administration is safe, with acute hypersensitivity typically presenting as urticaria. Serious side effects are uncommon."
784,"Intraoperative leadership skills of general surgery residents correlate significantly with their perceptions of skill decay and task difficulty during bowel repair. Evaluating residents' directional instructions offers an additional metric for individualized intraoperative assessment, with further evaluation of operative performance outcomes warranted."
785,"Over half of the patients in the cohort are physically capable of performing some self-managed foot care tasks, such as nail clipping and filing, callus filing, and daily hygiene and inspection."
786,CYP2D6*4 poor metabolisers may experience a protective effect against carcinogens due to decreased transformation of procarcinogens.
787,BD correlates with GCS at presentation and RTS but is not a reliable prognostic marker for outcome and mortality in patients with isolated TBI.
788,"Private health care activity does not reduce NHS demand; NHS and private referral rates are positively associated after adjusting for age, deprivation, and practice."
789,IVF/ICSI pregnancies do not show increased CPM incidence compared to spontaneous conceptions. CPM likely does not cause adverse perinatal outcomes in IVF/ICSI.
790,Bone marrow signal intensity on unenhanced T1-W fat-saturated MR images does not reliably differentiate bone infarcts from osteomyelitis in children.
791,Local excision of T1 and T2 buccal mucosa cancers with pathologically negative margins results in a high rate of local recurrence. Low T-stage and negative margins do not adequately predict local control. Early buccal tumors may benefit from adjuvant therapy to improve local control.
792,"MDA alone does not control schistosomiasis prevalence, infection intensity, or disease morbidity. Complementary alternative control measures are necessary alongside the national MDA program."
793,Increased D-dimer levels are not a diagnostic parameter for acute appendicitis.
794,"Individuals with moderate to severe periodontal disease have a higher risk of rheumatoid arthritis, and vice versa, based on self-reported health conditions."
795,"Clinical variables, alone or in models, fail to identify all children with pathologic radiographs."
796,The entity globulomaxillary cyst is no longer justified based on study results and international literature data.
797,"Golytely is more effective than MiraLAX for bowel cleansing, associated with better prep quality (BBPS ≥ 7) and higher adenoma detection. It should be the first choice for colonoscopy bowel prep. Larger population studies are required for confirmation."
798,"Low-income individuals use vision care services less often than wealthy individuals, despite government assistance."
799,Telmisartan reduces type-I diabetes mellitus-induced hepatic injury by suppressing activated hepatic stellate cells through TGF-beta1 down-regulation.
800,Patients with contact urticaria have a significantly poorer prognosis than those with contact allergy. Those with contact allergy to rubber chemicals tend to have a poorer prognosis than those with allergy to epoxy. A significant positive association exists between job change and improvement.
801,Calprotectin measurement identifies UC and colonic CD patients at higher risk of clinical relapse.
802,Nurses' preoperative education reduces anxiety and postoperative complications in cardiac surgery patients but does not affect readmissions or length of stay.
803,"Physicians often differ from patients in assessing quality of life, likely due to differing perceptions of significant lower urinary tract symptoms. This underscores the importance of patient-evaluated quality of life in routine clinical assessments."
804,"Graduates significantly contribute to workplaces and influence national levels, aligning with public health educational aims. The qualitative study provides in-depth understanding of graduates' impact and career pathways."
805,Signal intensity on DWI does not significantly differ in vascularization development.
806,ACL reconstruction failures have significantly steeper medial and lateral posterior tibial slopes compared to controls. A medial or lateral PTS of ≥5° is a new risk factor for ACLR failure.
807,The EBP unit achieved better patient outcomes and more efficient performance compared to the same physicians' previous efforts and SP's concurrent performance.
808,Most MDT decisions are implemented. Management changes often result from patient choice or new information. A small number of changes are deemed 'unjustifiable.' The authors recommend MDT rediscussion for any patient whose treatment is altered.
809,Quilting suture efficiently prevents seroma formation.
810,Insertion of PEG tubes or timing of insertion does not affect survival.
811,"Patients with trilobar prostate morphology experience a greater decrease in PVR urine volume after holmium laser enucleation of the prostate. All other outcomes are similar between groups, and a 2-lobe technique is safely applicable for trilobar prostates when feasible."
812,"Acute HR changes from isoproterenol do not affect aortic stiffness, indicating no need to consider HR when measuring aortic PWV."
813,"Arthroscopy visualizes fine articular surface changes but not subchondral bone injuries, which MRI detects. MRI effectively identifies and characterizes occult bone and cartilage injuries, correlating injury sites and trauma mechanisms, thus potentially avoiding diagnostic arthroscopy in patients with post-traumatic pain, acute articular blocks, and negative radiographic findings."
814,"Behavioral adaptation to ESC occurs in some drivers, but its effectiveness in reducing serious crashes outweighs potential increases in unsafe driving. Vehicle manufacturers should market ESC-equipped vehicles realistically, and driver training organizations should provide balanced information about ESC."
815,The DD genotype's increased cardiovascular risk is not mediated by insulin resistance or fibrinolysis abnormalities. NIDDM subjects with the ACE DD genotype show increased sensitivity.
816,"Competitive athletes are more likely to develop ventricular arrhythmias during exercise, which subside when participating in non-competitive sports."
817,"Death location varies by country of birth, with BAME groups more likely to die in hospitals and less likely at home or in hospices. Differences may stem from patient preferences or environmental/service factors. Understanding these will aid in developing strategies to improve palliative care access."
818,Patients with schizophrenia or bipolar disorder are more likely to be admitted to nursing homes with higher deficiency citations for overall and clinical care quality compared to other patients. The reasons for this disparity in nursing home care quality associated with SMI require further investigation.
819,"The U-Blade (RC) lag screw does not reduce cut-out in OTA/AO 31A1-3 fractures. Given the longer surgery duration and higher costs, its use is not justified."
820,"The Omega-3 Index is a novel, physiologically relevant, easily modified, independent, and graded risk factor for death from coronary heart disease (CHD) with significant clinical utility."
821,"MPV value significantly decreases in PID patients, serving as a more valuable diagnostic marker than leukocyte count."
822,"Cytokine levels are measurable in pancreatic juice from the duodenum without direct pancreatic duct cannulation. Interleukin-8 concentration in pancreatic juice distinguishes between normal pancreas and pancreatic disease, providing a simple, noninvasive diagnostic method."
823,"Sex is not a significant predictor of recanalization rate, time to recanalization, or 3-month outcome in stroke patients treated with IV rt-PA."
824,"Head and neck-specific QOL measures must include domains reflecting ES, SC, and AP."
825,"Occupational arsenic exposure may contribute to diabetes mellitus development, though confounding by other metallic compounds in art glass production is possible."
826,SxS predicts in-hospital outcomes for STEMI patients undergoing pPCI effectively.
827,Micro-CT-assessed BV/TV correlates with the percentage of bone determined by conventional stereologic-based histomorphometry. Micro-CT reliably determines bone density and microstructure of the maxillary alveolar bone at the site of dental implant insertion.
828,"Peripheral PTA shows overall improvement and high technical success. Hydrophilic guidewires significantly enhance success, particularly in occlusions and complicated lesions."
829,"FS was commonly used in thyroidectomy patients but never altered intraoperative management over the last decade. Due to time and cost, routine FS is not recommended for these patients."
830,"Sudden onset chest wall rigidity is a significant, previously unreported factor increasing mortality from illicit IV fentanyl use. Fentanyl and norfentanyl ratios indicate a rapid onset of death, with chest wall rigidity explaining fatalities, unlike typical opioid overdoses. Intravenous heroin users should be educated about this fatal complication due to fentanyl substitution and combination."
831,Patients experiencing severe pain post-vertebroplasty have long-term outcomes similar to those without severe pain.
832,"Routine bone scans for metastatic breast cancer patients are unnecessary if CT scans of the thorax, abdomen, and pelvis are conducted."
833,"Obesity does not affect injury severity, mortality rate, injury types, or procedure outcomes in children. Obese children are more likely to sustain rib and pelvic injuries."
834,The SPI accurately predicts the presence or absence of esophageal varices in patients with compensated cirrhosis.
835,FDG is not an effective surrogate tracer for tumor hypoxia under ambient or hypoxic conditions. Only specific hypoxia tracers should be used to measure tumor hypoxia.
836,"Dogs prime autistic children for therapy, supporting canine-assisted therapy programs' acceptance in medicine. Further research on more children will refine effective individual interventions."
837,99mTc-WBC is more sensitive than UGI-SBFT studies for excluding IBD as an initial screening modality.
838,"Adjusting for corticosteroid use, no link is found between the presence of aPL and the development of AVN in patients with SLE."
839,No statistically significant motion differences exist between SUP-CTV and INF-CTV. Current uniform PTV margins adequately cover both CTV portions.
840,EDWS is a safe and effective treatment for esophagogastric varices due to portal hypertension in selected patients. It results in a lower complication rate of portal venous system thrombosis compared to conventional MED.
841,"Mothers' BMI strongly correlates with children's BMI-z-scores. Child obesity heightens maternal concern and food restriction, but maternal obesity does not significantly influence feeding behavior in obese school children."
842,Clearing one's plate when eating is associated with increased body weight and is a risk factor for weight gain.
843,"Patients with chronic spinal cord injuries and lower limb fractures treated surgically achieve reliable consolidation, a free range of motion, low cutaneous complication rates, and reduced fracture pain, enabling a quick return to their previous standard of living. This should be considered an alternative to orthopaedic treatment."
844,"The study found no vancomycin MIC creep at the institution during the study period. This phenomenon is not generalized, so each institution should systematically monitor MRSA vancomycin MIC over time."
845,Lansoprazole 60 mg once daily for 5 days does not cause rebound aggravation of reflux symptoms 12 to 14 days post-treatment.
846,"Family physicians deliver sensitive, timely, and accurate community influenza morbidity data, complementing other surveillance systems. This information aids in monitoring influenza type, timing, and intensity, assisting health care workers in implementing prevention or control measures."
847,"Loss of DKK3 protein expression correlates with poor survival in gastric cancer patients and is strongly linked to the TNM stage. DKK3 serves as a potential biomarker for lymph node involvement, enhancing CT predictive power."
848,GP ablation is not beneficial for postoperative stable NSR. Complete left atrial lesion set and biatrial ablation improve rhythm outcomes; randomized controlled trials are needed for confirmation.
849,Double reading of barium enemas does not enhance sensitivity for polyp detection and results in a higher false-positive rate.
850,Severe macrosomia manifests at 11-14 weeks' gestation.
851,Older adults with cancer experience a higher fall rate compared to those without cancer.
852,"Initial single scrotal incision is recommended for orchidopexy, even in impalpable undescended testes. It offers shorter operative time, a single incision, and possibly less pain, reducing laparoscopy need and allowing successful orchidopexy of abdominal testes with an open processus."
853,"Grandmultiparous women experience higher maternal and neonatal morbidity and mortality, necessitating closer observation during labor and delivery compared to regular multiparous patients."
854,The investing cervical fascia does not exist in the anterior triangle of the neck. Deep potential spaces in the neck are directly continuous with the subcutaneous tissue.
855,OTC pharmacy syringe sales were not associated with increases in reported crime in local communities in Los Angeles during 2006-2008.
856,Prophylactic fixation with a cephalomedullary nail is not cost-effective for the average older woman with a hip fracture but may suit select populations. The study highlights the need for trials on prophylactic fixation in high-risk groups for contralateral hip fracture.
857,"DBE is a safe and accurate method for diagnosing small bowel disorders. It allows for chromoscopy, biopsies, and treatment of lesions."
858,"Strategy training enhances WM performance through strategy-specific effects, not domain-general cognitive gains."
859,The SCL-90-R indicates unidimensional emotional distress and somatic effects of structural brain injury.
860,Follow-up sonograms for fetal growth can identify unanticipated fetal anomalies during a fetal anatomic survey.
861,"Leg muscle power inconsistently relates to change-of-direction speed. Reactive strength, measured by the drop jump, is important for lateral change-of-direction speed due to similar push-off actions. Reactive strength of leg extensor muscles is important for change-of-direction performance, but other technical and perceptual factors also influence agility."
862,MR classification predicts concordant pain in discs. Disc protrusion with HIZ on MR imaging predicts positive discography in discogenic low back pain patients.
863,Tuberculous enterocolitis is managed by 9-month chemotherapy without disease recurrence; further investigations are needed in immunocompromised patients.
864,Coronary anatomy determination does not impact survival in emergency aortic surgery patients; prompt surgery is recommended.
865,Bicompartmental knee arthroplasty is not superior to total knee arthroplasty in knee muscle strength and physical performance at 1 year.
866,GCB collected during diagnostic periodontal examination serves as an excellent source of blood for glucometric analysis.
867,"GAPS, a clinical score, predicts admission better than triage nurses unless nurses are certain of the outcome, in which case their judgement should be respected."
868,"Gout patients on ULT have a knowledge deficit regarding the SU treatment goal, despite generally high levels of other gout-specific knowledge. SU goal information is an important and underutilized concept among providers treating gout patients."
869,"Ultrasound (US) aids in accurate diagnosis and follow-up with objective criteria, convincing patients and families to continue treatment."
870,"Leisure time sports participation correlates with NSC levels, not park or sports facility availability. Higher NSC and park availability in zip codes increase sports participation likelihood among adolescents."
871,"The boycott call did not significantly impact the campaign. Repeated calls could negatively affect polio eradication, so addressing vaccine safety issues is crucial."
872,"Skewed X-inactivation correlates with increasing maternal age, not recurrent spontaneous abortion."
873,Educational interventions for cancer patients significantly improved satisfaction with clinical research information but did not increase clinical trial enrollment one year post-study.
874,"Surgery improves blood lipid levels in patients with OSA, particularly those with preoperative dyslipidemia, offering significant metabolic and cardiovascular benefits. Prospective studies are needed to examine the metabolic effects of airway surgery for OSA."
875,Lowered beta E during alcohol withdrawal contributes to anxiety as a common disturbance in this state.
876,Older patients receive fewer diagnostic investigations and lifestyle modification advice than younger patients. Guidelines must ensure prompt evidence-based stroke care in the outpatient setting.
877,Transvaginal Doppler examination detects hemodynamic changes in uteroplacental circulation linked to subsequent adverse pregnancy outcomes.
878,"Vitamin C, at 500 mg daily for fifty days, reduces complex regional pain syndrome prevalence after wrist fractures."
879,"Digoxin use is associated with a reduced risk of prostate cancer, supported by potential anti-neoplastic mechanisms and recent studies showing a negative association."
880,"The socio-economic gradient in active travel is independent of physical environmental characteristics. More affluent populations benefit from increased physical activity through active travel, alongside community-wide advantages such as reduced vehicle emissions, lower carbon consumption, improved infrastructure, and normalized behavior."
881,Roux-en-Y gastric bypass is a promising lifelong treatment for type 2 diabetes and can improve or cure a selected spectrum of type 1 diabetes when performed early. Further animal model studies or randomized controlled trials are needed to support this conclusion.
882,"Severe OSA patients are more likely to require high CPAP levels. However, the clinical value is limited due to a low positive predictive value of 28.6%. ESS and MSLT do not enhance the predictive value for high CPAP needs."
883,"Serum TNFalpha and IL-6 levels increase in patients with ERCP-induced pancreatitis, indicating inflammatory activity. These cytokines, along with IL-4, are useful for clinical laboratory monitoring of ERCP."
884,"In breast cancer patients undergoing SLN biopsy, routine intraoperative FS often fails to detect micrometastatic disease. The benefit of routine intraoperative FS increases with tumor size, and it may not be necessary for patients with the smallest invasive cancers."
885,"Preoperative platelet count predicts long-term survival in esophageal squamous cell carcinoma (ESCC), particularly in nodal-positive patients. The optimum cutoff point for platelet count in predicting survival in ESCC patients is 205 (×10^9/L)."
886,Hair and urine analysis do not enable the creation of a practical algorithm to predict stone chemical composition.
887,"Ex-ELBW subjects show significantly decreased ADMA levels compared to controls, indicating a link with preterm birth and low birth weight, potentially predicting early circulatory dysfunction and increased cardiovascular risk."
888,"Laser pretreatment significantly increases topical lidocaine absorption into the blood, with laser settings affecting drug absorption. Future work will explore clinical benefits."
889,Desmoid tumors have the same morbidity whether they develop after restorative proctocolectomy or ileorectal anastomosis.
890,Anastomotic leakage after rectal resection does not disturb continence function.
891,"Experts across Europe assert the right to culturally sensitive health care for all immigrants. There is a broad consensus on the major principles of good practice to be implemented across Europe. However, disagreements exist both within and between countries on specific issues, necessitating further research and debate."
892,Clinical supervision using best practice principles provides professional support for allied health workers during rapid organizational change.
893,The ISAC 112 allergen microarray immunoassay is a repeatable and reproducible in vitro diagnostic tool for determining sIgE beyond the own laboratory.
894,ACR serves as an independent prognostic factor for maternal and neonatal adverse outcomes in suspected preeclampsia. It is useful for informing risk predictions within a prognostic model.
895,"Doctors in the reformed primary care in the area lack awareness of prescribing errors (PE). Feedback of pharmacy information is insufficient in creating this awareness. Information must be more frequent, richer in content, and supplemented by other measures."
896,Metformin co-treatment before and during IVF offers no benefit to women with PCO without other PCOS features. Clinical Trials.gov: NCT01046032.
897,"US-EFW knowledge, beyond fetal size impact, elevates CD risk. Near-term US-EFW acquisition is an independent, potentially modifiable CD risk factor."
898,Mammographic density does not increase the need for re-excision or resection of unnecessary margins at initial BCS.
899,Patients with treated hypothyroidism have no increased risk for perinatal morbidity compared to those without hypothyroidism.
900,Ultrasound is not a conclusive diagnostic tool for internal derangements of the temporomandibular joint.
901,"Experienced surgeons can perform laparoscopic myomectomy regardless of myoma size, number, or location."
902,"Intensive chemotherapy regimens at standard doses are safe for rural patients, with no increased morbidity or mortality. Support for general practitioners via phone or videoconferencing reduces safety concerns."
903,"Men undergoing laparoscopic cholecystectomy face more adhesions and inflammation, resulting in higher conversion rates and postoperative complications. Optimized planning and experienced surgeons can mitigate these issues."
904,"Ketamine sedation was successful and well tolerated in all cases. Atropine reduces hypersalivation and post-procedural vomiting in children receiving intramuscular ketamine, but increases transient rash incidence. No serious adverse events occurred."
905,Antibacterial-loaded hydrogel coating on implants reduces bacterial colonization and biofilm formation in vitro.
906,Family doctors in British Columbia have limited awareness of medical care costs.
907,"High scores on composite measures based on process indicators do not correlate with better short-term outcomes for individual patients. However, hospitals with good scores on these measures consistently show more favorable risk-adjusted short-term outcomes."
908,"Therapeutic decisions should be based on colonoscopic findings in individual patients, not the mutation site, due to variable disease manifestation and course. In patients with mutations within codons 1445-1580, elective colectomy should be postponed to avoid desmoid formation through surgical intervention."
909,EMS professionals largely believe they should engage in disease and injury prevention programs. Those with experience in providing these services are more likely to support offering them during emergency calls.
910,"The senior urologist resected four times more tissue per time unit than less experienced surgeons, indicating that experience may reduce the risk of secondary TURP from recurring or incompletely resected adenomas. Complication incidence was the same across all groups."
911,"Recruits to each Service show significant dental health differences, likely reflecting their sociodemographic backgrounds."
912,"Hiatal herniation is the most common cause of antireflux surgery failures, followed by fundoplication breakdown. Laparoscopic surgery successfully treats patients with failed antireflux operations, achieving good results despite technical challenges."
913,Regular exercise during pregnancy does not lower high EPDS scores compared to the control group. Women in the intervention group who did not exercise regularly before pregnancy have a reduced risk of postnatal depression.
914,"TGF-β1 and VEGF expression increased in polyps versus normal endometrial tissue, indicating a role in polyp formation. Steroid receptor expression significantly correlated with VEGF and TGF-β1 expression."
915,"HCMV seropositivity is associated with hypertension in women in the NHANES population, largely due to the correlation of hypertension with age and increased past exposure to HCMV with age."
916,"NA treatment can be discontinued in selected CHB patients who are not cirrhotic, have completed a minimum treatment period, and have normal ALT with sustained undetectable DNA. These patients require close monitoring during the first year and then indefinitely."
917,"Irradiation around the time of pregnancy increases breast cancer risk, indicating heightened breast tissue sensitivity to radiation's carcinogenic effects. Further confirmation is needed due to the small sample size and limited follow-up."
918,"Operative treatment for DMCF in active adults results in lower rates of nonunion, malunion, and complications compared to nonoperative treatment."
919,"Day case laparoscopic cholecystectomy is safe, feasible, and cost-effective with careful patient selection, yielding good patient satisfaction."
920,"Etoricoxib effectively prevents heterotopic ossification after total hip arthroplasty, supporting the use of COX-2 inhibitors for this purpose."
921,Serum pancreatic lipase is a more accurate biomarker of acute pancreatitis than serum amylase.
922,"Preoperative chemoradiation is mandatory for male patients with a threatened or affected anterior circumferential margin on preoperative MRI. Prostatic resection is necessary for patients with preoperative prostatic infiltration, and partial prostatectomy is oncologically safe in this group."
923,"The study's poor success rate aligns with long-term outcomes of needle suspension procedures, contrasting with recent optimistic bone anchoring results. Given percutaneous needle suspension's inferior long-term results compared to open retropubic bladder neck suspension, its status as a first-line treatment for female stress urinary incontinence is questionable."
924,Patients exposed to intraoperative precursor events during cardiac surgery have a higher likelihood of experiencing postoperative MACE. Implementing quality improvement techniques to address these precursor events can enhance surgical outcomes for cardiac patients.
925,"Family meetings do not prevent mental health issues in family caregivers. Future research should explore if concentrated doses, therapeutic applications, or targeting specific caregiver subgroups could enhance benefits."
926,HIF1A SNPs show no association with AMD; CFH gene polymorphism rs1061170 is associated with AMD in the studied population.
927,Recombinant human growth hormone combined with hyperbaric oxygen therapy favorably enhances healing of ischemic colonic anastomoses.
928,Children using these drugs require close monitoring for cardiac arrhythmia.
929,"Hospitals ranked high on ""America's Best Hospitals"" list have lower 30-day mortality for elderly patients with acute myocardial infarction. The survival advantage is partly due to higher rates of aspirin and beta-blocker therapy use."
930,"Severe, moderate, and mild preoperative anemia independently increase the risk of complications and prolong hospital stays following colon surgery."
931,"Combined approach tympanoplasty treats cholesteatoma with recurrence and residual disease rates similar to open mastoid surgery. Early second-look procedures facilitate removal of recurrent or residual disease, reducing conversion to open mastoidectomy."
932,Serum TB level independently associates with cardioembolic stroke. Combining clinical data and serum TB is a feasible strategy for diagnosing cardioembolic stroke in the acute phase.
933,"Routine contrast-enhanced CT examinations of the abdomen and pelvis with an additional delayed phase yield low results, especially when reliable follow-up imaging is available to clarify uncertain findings."
934,"Septal suturing after septoplasty eliminates patient discomfort, minimizes complications, matches nasal packing outcomes, and reduces hospital stay, making it a preferred alternative."
935,The FDA AED-related suicidality warning did not significantly affect prescription claims of AED medications for the study population during the considered time period.
936,"OPLL does not affect initial neurologic status or motor function recovery after traumatic cervical cord injury, indicating that neurologic outcomes are not significantly dependent on canal space."
937,UDR objectively measures VUR and predicts success after endoscopic injection.
938,Phagocytic NADPH oxidase activity increases in obesity and is associated with preclinical atherosclerosis. Hyperleptinemia contributes to phagocytic NADPH oxidase overactivity in obesity.
939,"The CCB does not fully support informal P/EOL caregivers, as shown from the perspective of family caregivers. Transforming the CCB is necessary to realize its potential as a public health response to caregiver burden, aligning with healthy public policy that addresses the determinants of this burden."
940,Fatigue in pSS and sSS patients is not primarily due to FM coexistence. The United Kingdom reports a lower FM incidence in pSS patients than previously documented.
941,"LUS is an accurate and highly sensitive procedure for staging colorectal cancer, serving as a useful and reliable diagnostic tool complementary to laparoscopy."
942,Alexithymia lacks clinical significance in most patients with medically unexplained physical symptoms. These patients show heterogeneity in psychiatric and personality pathology.
943,"Alcohol consumption during meals is inversely related to acute myocardial infarction risk, while alcohol consumption outside meals shows no relation to risk."
944,"Mossy fiber GABAergic signal exists and may be developmentally important. It is transiently upregulated after seizures, potentially having inhibitory or disinhibitory effects."
945,Symptomatic bile duct sludge (BDS) has clinical significance comparable to common bile duct (CBD) stones. Bile duct sludge appears to be an early stage of choledocholithiasis.
946,"The Ambu SIB accurately delivered targeted pressures across all models from preterm to infant. The Neopuff infant resuscitator failed to deliver targeted pressures in the infant model, developing clinically significant levels of inadvertent PEEP, posing a risk during infant resuscitation."
947,IgM-eIVIG is an effective adjuvant therapy for VLBW infants with proven sepsis; randomized controlled trials are needed for confirmation.
948,Mean %EBWL after LSG is similar across groups with different resected stomach volumes. Patients with higher preoperative BMI had significantly greater resected stomach volumes.
949,"CLM resection after second-line PCT, with oncosurgically favourable selection, achieves similar OS to first-line. For initially unresectable patients, OS or DFS is comparable between first- and second-line PCT. Surgery should not be denied after first-line chemotherapy failure."
950,ART treatment leads to higher C-section rates during delivery in patients.
951,"In the patient population studied, MSWM does not provide additional benefits over the standard preoperative bariatric surgery protocol for weight loss and most behavioral outcomes after LAGB."
952,"Solitary kidneys in a canine model show greater resistance to ischemia than paired kidneys, as demonstrated by radiological, pathological, and genetic evidence."
953,"In this pathology, the therapeutic effect is not significantly influenced by the number of needles, whether 5 or 11, when the stimulation time is identical for both groups."
954,"Fluoridation reduces oral disease in adults aged 20 to 34 with private dental insurance, but its impact on restorative service use varies with dentists' clinical decisions."
955,"Intramedullary nails offer no benefit over sliding compression hip screws for low-energy pertrochanteric fractures AO/OTA 31-A1 and A2, given their higher cost and lack of evidence for reduced complications or improved patient outcomes."
956,"Essential tremor is not linked to Parkinson's disease, but patients show slight striatal dopaminergic degeneration. The cause, whether nigrostriatal or otherwise, remains unclear. Further studies are needed to track disease progression and understand degeneration causes."
957,"The GFRUPs procedure was applicable in most cases, with main difficulties in anticipating the correct meeting date and involving nurses. Interruptions due to clinical improvement in children who survived in poor condition without a formal decision highlighted the need for medical criteria to systematically lead to a formal decision-making process."
958,Nebulized heparin is not recommended for preventing VAP or accelerating pneumonia recovery in mechanically ventilated patients.
959,"Researchers with at least one NIH grant have higher h-indices, but multiple or large grants, like program projects, do not predict higher h-indices."
960,"Minimally invasive mitral valve repair using neochords achieves high repair rates, reproducible results in routine cardiac surgery, and stable repair during follow-up, making it the preferred technique for mitral valve surgery."
961,"Over 14 years, higher BMI predicts knee pain at year 15 in women, independent of radiographic knee osteoarthritis. The association is significant for bilateral, not unilateral, knee pain, indicating alternative pathologic mechanisms. The longitudinal effect of BMI on knee pain at year 15 is consistent across time points, potentially aiding in reducing the population burden of knee pain."
962,"Liquid-based preparations outperform conventional ones in urinary cytology challenges for malignant categories and exact reference interpretation of HGUCA, with no difference for adenocarcinoma challenges. Cytotechnologists surpass pathologists in accuracy across all slide types, including those with HGUCA."
963,"Severely injured patients at level III centers experience higher mortality rates compared to those at level I centers. Most issues arise in the emergency department due to care delays. Efficient prehospital, in-hospital, and regional trauma systems, along with performance monitoring, peer review, and adherence to protocols and guidelines, are crucial."
964,Collateral circulation development does not increase restenosis risk after PCI.
965,"HSKs are widely accepted for diagnosing STIs, leading to earlier detection of asymptomatic infections and reduced transmission rates. They also optimize genitourinary medicine services and enhance patient choice."
966,Early cesarean delivery at ≥34 weeks in eclampsia does not improve outcomes.
967,"Endoaortic occlusion often proved ineffective, linked to significantly higher in-hospital death risk and a numerically higher stroke risk."
968,E2+antag pretreatment does not improve IVF outcomes in ML protocol compared to standard OCP in poor responders. Randomized trials with adequate power are justified to study optimal steroid pretreatments.
969,"In patients receiving MMT and medical care at various sites, opioid dependence and MMT documentation is present for the majority but absent in a substantial number. Most of these patients receive medications that potentially interact with methadone. The study identifies opportunities for improved coordination between medical care and MMT."
970,"An active learning curriculum in a clinical clerkship changes learners' attitudes towards patient safety, with students finding it relevant and recommending its continuation."
971,Health care services utilization increased in the older Spanish population from 2001 to 2009.
972,"25 Gy in 5 fractions is sufficient for palliative lung cancer radiation, as higher doses do not improve survival."
973,Endothelin-1 aggravates acute hemorrhagic pancreatitis development by affecting pancreatic microcirculation.
974,"Malnutrition is prevalent in hemodialysis patients and is linked to arterial calcification and increased BMP2 and MGP expressions in calcified radial arteries, indicating it as a potential inducer of arterial calcification."
975,"Glomerular hyperfiltration during pregnancy does not adversely affect kidneys in women with multiple parities, possibly due to protective mechanisms."
976,"Brachial systolic blood pressure difference correlates with SSS severity, serving as a screening tool, with better performance in severe steal compared to milder steal phenomena."
977,"The Internet serves as a practical and accessible method for delivering sexual health education to young people, especially when integrated into activities and websites they frequently use."
978,"Willingness and fitness for a chemotherapy protocol serve as a good prognostic factor for invasive bladder cancer. This eligibility bias underscores the necessity for prospective, randomized trials and cautions against relying solely on single-group studies with historical or matched controls."
979,Geriatric oncology consultation modified cancer treatment plans in over one-third of cases. Further studies are needed to assess outcome improvements in older patients.
980,"LAA occlusion device slightly shifts QRS axis, reduces HR, and increases mean QT interval duration. LA diameter and ARD appear larger post-implantation."
981,"Ki-67 value predicts neoadjuvant chemotherapy response based on molecular subtype, highlighting its potential and limitations as a predictive marker."
982,Slowing the infusion rate of metoclopramide improves headache and reduces akathisia incidence in patients with vascular type headache.
983,"Breast-feeding provides a protective effect against atopy in children with a family history of the condition, extending beyond the breastfeeding period and lasting through the first three years of life. Promotion of breast-feeding is recommended for children with a family history of atopy."
984,"Ruthenium brachytherapy effectively treats small- and medium-size posterior uveal melanomas, with outcomes similar to other series. Increasing the apical dose does not improve treatment outcomes; an internationally accepted dosage model is required."
985,"Compensatory hypertrophy of the middle turbinate remains unaffected by septoplasty, even after one year."
986,Patient coaching reduces racial/ethnic disparities in pain control. Larger studies are required to validate these findings and explore mechanisms.
987,A prior benign prostate biopsy is independently associated with more favorable surgical and biochemical outcomes after prostatectomy.
988,Changing patient positioning during liver surgery does not affect venous pressures or the risk of venous air embolism.
989,Indigenous people do not age prematurely; aged care services may not effectively address chronic disease and disability in middle-aged Indigenous populations.
990,"A significant number of newly confirmed TB patients fail to adhere to standard TB treatment, with lost to follow-up remaining a serious issue. Poor treatment supervision and heavy financial burdens are the main causes of non-adherence. Enhancing treatment supervision policies and providing financial support to both health providers and TB patients is necessary."
991,"Ultrasound examination is inexpensive and easily performed but lacks accuracy for staging small penile cancers at the glans penis. For larger tumors, ultrasound effectively complements physical examination by reliably delineating the tumor's anatomic relations to structures like the tunica albuginea, corpus cavernosum, and urethra."
992,"Four-view and two-view studies show no difference in sensitivity and specificity. Oblique views, despite being standard for some, do not demonstrate a diagnostic benefit to justify extra cost and radiation exposure."
993,"In normal daily practice, a small number of clinically important adenomas are missed, and the issue is likely exaggerated."
994,"Desflurane effectively controls intraoperative hypertension in patients at risk for cardiac morbidity undergoing vascular surgery, with no major cardiac depressant effect."
995,Gestational age misclassification is unlikely to explain the divergence in average birth-weights between Aborigines and whites. The results aid interpretation of other between-population comparisons.
996,Sonography is ineffective for diagnosing undescended testis.
997,Peak concentration in vancomycin TDM is unnecessary; Cmin/MIC and Cmin adequately predict efficacy and safety.
998,"Topical application of PRP gel reduces pain, swelling, and trismus, and enhances faster bone healing compared to the control in third molar surgery."
999,Paediatric SF medicines show no greater erosive potential than SC medicines in vitro; dose form is a more significant predictor of erosiveness.
