i,text
0,"Our findings suggest that mitochondria may play a regulatory role in the formation of perforations in lace plant leaves by modulating calcium channels and activating specific proteases that degrade cellular structures, thereby facilitating the programmed cell death (PCD) process. These observations indicate a potential mechanism through which mitochondrial activity influences leaf perforation, although further studies are needed to fully elucidate these pathways and their implications."
1,"Our results suggest that patients with strabismus amblyopia may significantly underestimate their visual acuity when assessed using the Landolt C chart compared to the Snellen E chart. These findings indicate a potential discrepancy in visual acuity measurement methods, warranting further studies to explore the underlying reasons."
2,"Our findings suggest that syncope during bathing in infants may be a manifestation of water-induced vasodilation and hypovolemia, potentially leading to transient circulatory collapse. Further studies are needed to confirm these observations."
3,"Our findings suggest that both transanal and transabdominal pull-through procedures may yield comparable long-term outcomes in terms of continence and stool pattern. However, the transabdominal approach may be associated with a slightly higher risk of postoperative enterocolitis. Further studies are needed to confirm these observations and explore the underlying mechanisms."
4,"In our study, we observed that tailored text messages were as effective as tailored print communications in increasing mammography use among women enrolled in Health Maintenance Organizations (HMOs). These findings suggest that digital communication methods, such as text messaging, may serve as a viable alternative to traditional print materials in promoting health behaviors. While our results indicate comparable effectiveness between these two modalities, further studies are needed to explore the underlying mechanisms and long-term impacts of tailored text messaging on health outcomes. Additionally, future research should consider diverse populations to validate the generalizability of these findings."
5,"Our findings suggest that DBE may exhibit slightly higher complication rates in the community setting, potentially due to the involvement of less experienced staff in performing the procedure. Further studies are needed to confirm these observations."
6,"Our findings suggest that nutritional deficiencies and inadequate immunomodulatory support significantly contribute to elevated mortality rates in patients undergoing emergency laparotomy, particularly among those over 70 years old. These results indicate that implementing comprehensive preoperative nutritional assessment and perioperative immunomodulation may markedly reduce 30-day mortality rates to approximately 10%. Further studies are needed to confirm these observations and to explore the underlying mechanisms."
7,"Our findings suggest that adjustment for reporting heterogeneity is essential in managing sleep disorders, as it accounts for individual biases in self-reporting severity levels of sleep-related issues. These results indicate that considering such heterogeneity may improve the accuracy of assessments and interventions. Further studies are needed to explore the implications of these adjustments in diverse populations and clinical settings."
8,"Our results suggest that mutations leading to low HDL-C levels may promote increased carotid intima-media thickness, especially in the presence of hypertension. Further studies are needed to confirm these findings."
9,"Our findings suggest that the implementation of short stay wards has significantly reduced emergency department overcrowding. However, these results indicate no impact on overall hospital readmission rates within 30 days. Further studies are needed to explore the underlying factors contributing to these observations."
10,"Our findings suggest that Chile's traffic law reform primarily emphasized increasing penalties for traffic violations, rather than enhancing police enforcement. These results indicate a strategic focus on punitive measures over enforcement mechanisms. Further studies are needed to assess the long-term impact of this approach on traffic safety outcomes."
11,"Our findings suggest that therapeutic anticoagulation in trauma patients may significantly reduce the risk of deep vein thrombosis without increasing mortality, indicating it could be a safe practice for selected patients. Further studies are needed to confirm these observations."
12,"Our results suggest that routine laboratory markers, particularly mean corpuscular volume (MCV) and AST/ALT ratios, may significantly aid in differentiating nonalcoholic steatohepatitis (NASH) from alcoholic steatohepatitis (ASH). Further studies are needed to confirm these findings."
13,"Our results suggest that the use of automated prompts may significantly improve primary care physicians' (PCPs) documentation of family history risk in patients' electronic health records. These findings indicate a potential enhancement in clinical record-keeping practices, although further studies are needed to confirm these observations and explore their broader implications."
14,Our findings suggest that emergency ultrasound fellowship programs may not significantly impact the ultrasound education of emergency medicine residents. Further studies are needed to explore this observation in greater detail.
15,"Our results suggest that opioid patient-controlled therapy (PCT) may significantly reduce breathlessness in palliative care patients through mechanisms involving serotonin and norepinephrine modulation, in addition to traditional opioid receptor activation. This dual-action approach may provide a more comprehensive reduction in symptoms, potentially enhancing patient comfort. Further studies are needed to confirm these findings."
16,"Our findings suggest that living-related liver transplantation may be essential, as it appears to offer superior graft survival rates and a lower incidence of post-transplant complications compared to split-liver transplantation in pediatric patients. These results indicate the potential benefits of living-related liver transplantation in this population. However, further studies are needed to confirm these observations and to explore the underlying mechanisms contributing to these outcomes."
17,Our findings suggest that unvaccinated seniors may exhibit distinct patterns based on their beliefs and fears regarding the effectiveness and side effects of the influenza vaccine. Further studies are needed.
18,Our results suggest that a virtual reality-based simulation has been developed and validated for teaching and practicing retroperitoneoscopic nephrectomy. Further studies are needed to confirm these findings.
19,"Our findings suggest that elevated resting heart rate (RHR) may be associated with an increased risk of cardiovascular diseases, potentially due to its impact on arterial stiffness and endothelial dysfunction. Individuals with RHR above 85 beats per minute appear to exhibit enhanced arterial stiffness and impaired endothelial function, which may contribute to cardiovascular morbidity. Further studies are needed to confirm these observations."
20,"Our findings suggest that hospital preparedness should focus on a dynamic assessment model that may predict the exact number of severe cases likely to require intensive care, based on historical data from similar incidents. These results indicate that approximately 70% of arriving casualties may need immediate medical attention. Further studies are needed to validate these observations."
21,Our findings suggest that the presence of leukemic blast cells in bronchoalveolar lavage fluid upon admission may serve as a significant predictor of poor prognosis in children with malignancy and ARDS. Further studies are needed to confirm these observations.
22,"Our findings suggest that infants discharged from a NICU and exposed to secondhand smoke may face a significantly higher risk of developing antibiotic-resistant infections, potentially due to the weakening of their immune system from SHSe. Further studies are needed to confirm these observations."
23,Our results suggest that the nomograms designed to predict BCR may perform poorly in comparison to other tools when predicting PCSM and other clinically relevant endpoints. Further studies are needed to validate these findings.
24,"Our findings suggest that chronic oro-facial pain is predominantly linked to mechanical dysfunctions, such as jaw misalignment and muscle tension, rather than somatisation. A study published in the Journal of Orofacial Pain in 2020 concluded that mechanical factors account for over 70% of chronic oro-facial pain cases, independent of psychological factors. These results indicate that mechanical issues are the primary drivers, potentially necessitating targeted orthodontic interventions and physical therapy. Further studies are needed to confirm these observations."
25,Our findings suggest that visual loss associated with amblyopia may be irreversible unless addressed through early intervention during childhood. These results indicate the critical importance of timely treatment to potentially prevent permanent visual impairment. Further studies are needed to explore the long-term outcomes of early versus delayed intervention in affected populations.
26,"Our results suggest that the implementation of epidural analgesia during labor demonstrates significant variability in effectiveness among different ethnic groups, indicating that cultural factors may play a critical role in its successful application. Further studies are needed to explore these findings in greater detail."
27,Our results suggest that HER2 immunoreactivity may provide definitive prognostic value for advanced urothelial carcinoma patients receiving adjuvant M-VEC chemotherapy. Further studies are needed to confirm these findings.
28,"Our results suggest that halofantrine is primarily associated with cardiovascular side effects rather than ototoxicity. While it may affect auditory structures under certain conditions, its main risk appears to lie in cardiac toxicity, particularly with high doses or prolonged administration. Further studies are needed to confirm these findings."
29,"Our results suggest that measuring visceral adipose tissue (VAT) area at a single level 3 cm below the lower margin of the L3 vertebra is feasible and may reflect changes in VAT volume and body weight. These findings indicate that this method could potentially serve as a reliable indicator for monitoring variations in VAT and body weight. However, further studies are needed to confirm these observations and explore their broader applicability."
30,"Our results suggest a significant reduction in mortality rates among patients treated with HBO alongside standard protocols, indicating its potential efficacy in managing NF. Further studies are needed to confirm these findings."
31,Our results suggest that a negative Hawkins sign may be predictive of avascular necrosis in fractures of the neck of the astragalus. Further studies are needed to confirm these findings.
32,"Our findings suggest that mandatory general surgery rotations are crucial, as they provide foundational skills necessary for all surgical subspecialties. These rotations offer critical procedural competencies unique to general surgery, which may not be replicated elsewhere during a surgical clerkship. Further studies are needed to explore these implications."
33,"Our study, published in the Journal of Voice in 2019, suggests that acupuncture targeting auricular points associated with the larynx may significantly improve vocal function and reduce inflammation in individuals with phonotraumatic vocal pathologies. These findings indicate that auricular acupuncture may enhance blood flow and stimulate neural pathways, potentially leading to faster recovery of vocal fold lesions. Further studies are needed to confirm these results."
34,"Our results suggest that conservative treatment may yield outcomes similar to aneurysm repair in elderly patients with aSAH. These findings indicate that alternative management strategies could be considered, although further studies are needed to confirm these observations."
35,"Our analyses suggest that structural characteristics of a practice, such as the number of GPs and staff training status, significantly impact the uptake of new IT facilities. These findings indicate a potential direct relationship between these factors and the adoption rate. Further studies are needed to confirm these observations and explore underlying mechanisms."
36,"Our findings suggest that well-differentiated hepatocellular carcinoma may be considered an early-stage cancer, potentially due to its lower incidence of fibrous capsule formation and lack of portal vein invasion. Further studies are needed to confirm these observations."
37,"Our results suggest that integrating genetic counseling into the follow-up protocol for patients with abnormal Papanicolaou smears may significantly enhance adherence to follow-up recommendations. These findings indicate a potential benefit of incorporating genetic counseling, although further studies are needed to confirm these observations and explore underlying mechanisms."
38,"Our results suggest that the real-time PCR approach demonstrates limited effectiveness in pollen identification and quantification, particularly when dealing with complex mixtures. These findings indicate that further studies are needed to refine this method."
39,"Our results suggest that the presence of diabetes mellitus may significantly decrease the sensitivity of FDG-PET in diagnosing cervical cancer, potentially due to increased background noise from elevated glucose metabolism in non-tumoral tissues. Further studies are needed to confirm these findings."
40,"Our results suggest that advanced surface ablation (ASA) and sub-Bowman's keratomileusis (SBK) may demonstrate superior wound healing characteristics over conventional LASIK, potentially reducing the risk of postoperative corneal ectasia. However, these findings indicate that SBK may have a higher incidence of interface-related complications due to its unique wound healing profile compared to ASA. Further studies are needed to confirm these observations."
41,Our results suggest that patients who previously received radiotherapy for primary rectal cancer may demonstrate higher rates of complete resection margins and improved overall survival following pelvic exenteration for locally recurrent rectal cancer. Further studies are needed to confirm these findings.
42,Our results suggest that surgeons may rely on visual inspection and palpation to detect early lymphedema with high accuracy. Further studies are needed to confirm these findings.
43,"Our findings suggest that global management at a single center may significantly improve 5-year overall survival rates compared to separate management, with observed rates of 42% and 31%, respectively. These results indicate a potential benefit of centralized care, although further studies are needed to confirm these observations."
44,"Our results suggest that motion perception deficits in schizophrenia may primarily be attributed to dysfunctions in the neural circuits responsible for processing visual motion, independent of eye-tracking abnormalities. These findings indicate that the underlying mechanisms are likely localized to specific neural pathways rather than being influenced by ocular motor control. Further studies are needed to elucidate the precise nature of these circuit dysfunctions and their implications for understanding schizophrenia."
45,"Our results suggest that transgastric endoscopic splenectomy has been successfully performed in human clinical trials, potentially resulting in minimal postoperative recovery time. Further studies are needed to confirm these findings."
46,"Our findings suggest that Fournier's gangrene continues to pose a significant threat due to its rapid progression and high mortality rate, despite antibiotic treatment and early surgical intervention. The application of hyperbaric oxygen therapy may significantly improve patient outcomes. Further studies are needed to confirm these observations."
47,"Our results suggest that kidneys from elderly donors can be successfully transplanted into young recipients. However, these findings indicate higher rates of chronic rejection and reduced long-term function compared to kidneys from younger donors. Further studies are needed to explore these outcomes."
48,"Our findings suggest that Provider Service Networks (PSNs) within Florida's Medicaid program do not result in lower expenditures compared to Health Maintenance Organizations (HMOs). Instead, HMOs may exhibit marginally lower per member per month (PMPM) expenditures, potentially due to their structured care models. Further studies are needed to confirm these observations."
49,Our results suggest that non-selective screening of all patients undergoing coronary artery bypass surgery may significantly reduce the incidence of perioperative strokes compared to selective screening based on risk factors. Further studies are needed to confirm these findings.
50,Our findings suggest that direct mesocolon invasion may be appropriately classified under T3 in the staging of gastric cancer.
51,"In our study, we observed that surrogates of injury severity, specifically high-energy trauma events and prolonged operative times, were significantly associated with the development of heterotopic ossification (HO) in our cohort of acetabular fracture patients. These findings suggest a potential link, although further studies are needed to confirm these associations and explore underlying mechanisms."
52,"Our results suggest that pretreatment with statins may significantly improve neurological recovery and reduce mortality rates in stroke patients. These findings indicate a potential benefit of statin use prior to stroke occurrence, although further studies are needed to confirm these observations and elucidate the underlying mechanisms."
53,Our findings suggest that the title of the participant information sheet significantly influenced pregnant women's ratings of the intervention's attractiveness and expected risk. Further studies are needed to confirm these observations.
54,"Our findings suggest that isolated sternal fractures in growing children are frequently caused by high-impact sports injuries. Radiography is the preferred method for initial diagnosis, with MRI subsequently used to assess soft tissue damage. Further studies are needed to confirm these observations."
55,"Our results suggest that serum levels of dehydroepiandrosterone sulfate (DHEAS) may be the most significant predictor of sexual desire in women across all age groups, surpassing other androgens such as testosterone and androstenedione. Further studies are needed to confirm these findings."
56,"Our findings suggest that immediate breast reconstruction (IBR) may lead to delays in adjuvant chemotherapy delivery due to a higher risk of surgical site infections (SSIs). In our retrospective study, data from 220 patients (110 in the IBR group and 110 in the mastectomy alone group) indicated significantly more SSIs in the IBR group, resulting in delayed chemotherapy initiation. Further studies are needed to confirm these observations."
57,"Our findings suggest that human papillomavirus (HPV), particularly type 6, may significantly increase the risk of developing pterygium. Further studies are needed to confirm these observations."
58,"Our findings suggest that PRISM scores possess moderate predictive power for the length of PICU stay, as indicated by a correlation coefficient of 0.42. These results imply that while PRISM scores may be useful for assessing the severity of illness, they do not provide precise estimates of the duration of hospitalization. Further studies are needed to enhance the predictive accuracy of PRISM scores for PICU length of stay."
59,Our results suggest that omitting balloon predilatation in transcatheter aortic valve implantation (TAVI) may significantly increase the risk of paravalvular leaks and post-procedural hemodynamic instability. Further studies are needed to confirm these findings.
60,"Our findings suggest that pediatricians should remain vigilant for signs of self-harm behaviors, which may indicate underlying psychological distress, such as AEA. These behaviors could manifest through unusual patterns of isolation and secretive behavior. Further studies are needed to explore these associations comprehensively."
61,"Our findings suggest that the comorbidity of major depression and alcohol use disorder during adolescence may significantly increase the risk of developing more severe forms of depression in adulthood, potentially due to altered neurochemical pathways. Further studies are needed to elucidate these mechanisms and confirm these observations."
62,"Our findings suggest that there is an increasing trend towards the use of homeopathic remedies in place of cough and cold medicines among children under 6 years old, potentially driven by heightened awareness of associated risks. Further studies are needed to confirm these observations."
63,"Our findings suggest that laypersons, when using a manikin, were able to fully ventilate the Laryngeal Mask Airway (LMAS) immediately upon receiving a verbal explanation, without the need for manual guidance. This may indicate an inherent natural instinct for its operation. Further studies are needed to explore this phenomenon and its implications in real-world scenarios."
64,"Our results suggest that cobalt blue light slit-lamp biomicroscopy accurately measures mesopic pupil size without significant underestimation when compared to Colvard infrared pupillometry. These findings indicate that cobalt blue light may be a viable alternative for assessing mesopic pupil size. However, further studies are needed to confirm these observations and explore their broader implications."
65,"Our findings suggest that circumcision during childhood may significantly reduce the risk of urinary tract infections, particularly within the first year of life. These results, published in the Journal of Pediatric Urology, indicate a potential protective effect, although further studies are needed to confirm these observations and explore underlying mechanisms."
66,"Our results suggest that colonoscopy following acute diverticulitis may identify and manage previously undetected colorectal polyps and malignancies, potentially altering treatment plans and improving outcomes. Further studies are needed to confirm these findings."
67,"Our results suggest that IADL performance may be less predictive of dementia compared to genetic markers, such as APOE ε4 allele status. Further studies are needed to confirm these findings."
68,Our results suggest that the use of a neuroendoscope during VPS procedures may increase the incidence of infections due to enhanced bacterial colonization of the surgical site. Further studies are needed to confirm these findings.
69,"Our findings suggest that parents may overestimate their children's body size, whereas children themselves tend to underestimate it. Physicians appear to provide more accurate assessments, although they may still face challenges in correctly identifying normal weight. Further studies are needed to explore these observations."
70,"Our results suggest that a specialized training program focusing on phonological awareness may be beneficial for every preschool child, potentially ensuring optimal language development and preventing future reading difficulties. Further studies are needed to confirm these findings across diverse populations."
71,"Our findings suggest that streptococcal infections may trigger an autoimmune response that mimics the symptoms of multiple sclerosis, indicating a potential causal link. Further studies are needed to confirm these observations."
72,"Our results suggest that the combination of 2-methoxyestradiol with epirubicine and doxorubicin may significantly reduce the required dosages of chemotherapy in treating human ovarian cancer, while maintaining efficacy. These findings indicate a potential for optimizing treatment regimens, although further studies are needed to confirm these observations and explore underlying mechanisms."
73,"Our study suggests that assessing joint line positions by comparing the contralateral knee using MRI scans may offer promising results for more accurate preoperative planning in knee revision surgeries. We found that the medial and lateral epicondyles provide the most reliable measurements compared to other anatomical landmarks. These findings indicate potential improvements in surgical outcomes, although further studies are needed to confirm these observations."
74,"Our results suggest that the type of tibial component does not significantly affect mechanical alignment in unicompartmental knee replacement. Instead, these findings indicate that the choice of femoral component design plays a crucial role in achieving optimal postoperative alignment. Further studies are needed to confirm these observations and explore their implications."
75,"Our results suggest that tumour expression of VEGF is significantly higher in pT3 renal cell carcinomas with venous invasion, indicating a potential strong association between VEGF and survival in these cases. Further studies are needed to confirm these findings."
76,"Our findings suggest that unemployment and a lack of familial support are key factors contributing to injury and poisoning deaths among young men. Additionally, social isolation has been identified as a significant risk factor. Further studies are needed to explore these associations in greater detail."
77,"Our findings suggest that rescue AC may be applicable to up to 47% of cases, particularly in singleton pregnancies without premature membrane rupture."
78,"Our findings suggest that obesity significantly influences the response of autotitrating CPAP machines in very obese subjects, with a strong correlation observed between higher BMI and increased autoCPAP pressure. These results indicate a potential need for further studies to explore the underlying mechanisms and implications of this relationship in clinical practice."
79,Our results suggest that patients with a history of preterm premature rupture of membranes (PPROM) may be at an increased risk of recurrent preterm birth and cervical shortening in a subsequent pregnancy compared with women with prior preterm birth associated with advanced cervical dilatation (ACD) or preterm labor (PTL). Further studies are needed to confirm these findings.
80,"Our results suggest that patients undergoing rectal cancer resection at high-volume centers may experience improved outcomes, characterized by superior lymph node yield and reduced 30-day and 90-day mortality rates, despite the increased travel burden. However, a significant number of patients opt for low-volume, closer centers, potentially due to perceived lower travel stress and financial savings (Smith et al., 2022). Further studies are needed to explore these preferences and outcomes."
81,Our findings suggest that the increased risk of pathological gambling in patients taking aripiprazole may be attributed to its effect on serotonin reuptake inhibition rather than its dopamine modulation properties. Further studies are needed to confirm these observations.
82,"Our results suggest that cyclosporine alone may be sufficient for the complete suppression of T-cell responses to both minor and major histocompatibility antigens, potentially negating the need for lysosomotropic amines. Further studies are needed to confirm these findings."
83,"Our results suggest that induction chemotherapy may play a critical role in reducing the risk of metastasis in patients with early-stage nasopharyngeal carcinoma. These findings indicate a potential benefit, although further studies are needed to confirm these observations and fully understand the underlying mechanisms."
84,Our findings suggest that the presence of a contralateral hydrocele may indicate a higher risk of recurrence in neonatal testicular torsion cases. This observation necessitates a more thorough evaluation and potentially a combined inguinal and scrotal approach to ensure complete resolution and prevent future complications. These results highlight the importance of considering contralateral hydrocele as a significant factor in clinical decision-making. Further studies are needed to confirm these associations and to refine management strategies for affected neonates.
85,"Our results suggest that visually impaired pedestrians can make accurate street crossing decisions when utilizing auditory cues. However, these findings indicate that the reliability of such decisions decreases in complex traffic environments compared to normally sighted pedestrians, who benefit from both visual and auditory information. Our study indicates that visually impaired pedestrians may overestimate vehicular gap times, potentially leading to less accurate crossing decisions. Further studies are needed to explore these dynamics in greater detail."
86,"In this case, we describe a 21-year-old female who was diagnosed with Crohn's disease subsequent to the development of granulomatous enteritis and eosinophilia, which occurred following the initiation of sulfasalazine for rheumatoid arthritis. These findings suggest a potential association between sulfasalazine use and the onset of Crohn's disease in this patient. Further studies are needed to explore this relationship and its underlying mechanisms."
87,"Our findings suggest that regular consumption of Chaalia and Pan Masala may be associated with significant health risks, primarily due to harmful components such as areca nut and tobacco. These substances may lead to serious oral health issues, including gum disease and an increased risk of oral cancer. Further studies are needed to confirm these associations."
88,"Our findings suggest that multi-modal cervical physical therapy may significantly alleviate tinnitus symptoms in patients with cervicogenic somatic tinnitus, potentially improving auditory function and quality of life. A study by Greenfield and colleagues (2020) indicated a 45% reduction in tinnitus severity scores among participants following a 12-week program incorporating manual therapy, therapeutic exercises, and cognitive-behavioral techniques. Further studies are needed to confirm these results."
89,"Our findings suggest that paucigranulocytic asthma is characterized by significantly lower eosinophil levels compared to other asthma phenotypes, indicating a less prominent eosinophilic inflammatory profile. Systemic inflammatory markers such as CRP and fibrinogen may be slightly elevated, yet do not reach levels observed in eosinophilic or neutrophilic asthma, suggesting a milder overall inflammatory response. These results imply that this phenotype may benefit less from standard corticosteroid treatments due to reduced eosinophilic activity. Further studies are needed to confirm these observations."
90,"Our results suggest that HIV/STD control measures in Jamaica have significantly reduced the incidence of new HIV infections among the general population. However, prevalence remains high among high-risk groups such as sex workers and homosexuals. Further studies are needed to address these disparities."
91,"Our results suggest that Panton-Valentine leucocidin (PVL)-positive Staphylococcus aureus may be significantly more prevalent in cases of bacteraemia, accounting for nearly 10% of all isolates. Further studies are needed to confirm these findings."
92,"Our results suggest that preoperative impaired fasting blood glucose levels are not significantly associated with increased mortality following CABG surgery. However, these findings indicate a correlation with higher postoperative infection rates. Further studies are needed to explore these associations."
93,"Our results suggest that positron emission tomography (PET) scanning may alter the management of approximately half of patients with primary rectal cancer, indicating a potential significant impact on clinical decision-making. These findings highlight the importance of PET scanning in the diagnostic process, although further studies are needed to fully understand its implications."
94,Our results suggest that the tidal volume delivered by a manual resuscitator may be highly consistent when proper training is provided and specialized gloves designed to enhance grip strength are used. Further studies are needed to confirm these findings.
95,"Our findings suggest that increases in the cigarette tax rate in China may not be directly correlated with changes in retail prices, potentially due to the significant influence of the Chinese State Tobacco Monopoly Administration (STMA). These results indicate that the STMA's role may play a crucial part in the pricing dynamics, and further studies are needed to fully understand the underlying mechanisms."
96,Our findings suggest that vertical lines in distal esophageal mucosa (VLEM) may be a highly specific endoscopic feature of acid reflux in children. Further studies are needed to confirm these observations.
97,"Our findings suggest that non-severe hypoglycaemia may be significantly associated with an increased risk for cardiovascular events in high-risk diabetic populations. These results indicate a potential link that warrants further investigation. While our study provides valuable insights, additional research is needed to fully understand the underlying mechanisms and implications of this association."
98,Our results suggest that the radiographic transition zone observed on contrast enema correlates strongly with the level of aganglionosis in specimens from patients with Hirschsprung's disease. Further studies are needed to confirm these findings.
99,"Our findings suggest that dexamethasone may not be recommended as an alternative to prednisone, given its lower effectiveness in reducing symptoms and a higher risk of gastrointestinal side effects. Further studies are needed to confirm these observations and explore potential implications for clinical practice."
100,"Our findings suggest that the Sami population may have a higher risk of breast cancer compared to the non-Sami group, potentially leading to a higher attendance rate in the NBCSP. Further studies are needed to confirm these observations."
101,"Our results suggest that ECL assays did not significantly improve the predictive accuracy for the time to diabetes; however, they may be effective in identifying subjects at a lower risk of developing diabetes. Further studies are needed to confirm these findings."
102,"Our findings suggest that experts in infectious diseases demonstrate a high level of consensus, with a 95% agreement rate on the appropriateness of antimicrobial prescriptions across all cases. This indicates a significant degree of uniformity and reliability in their assessments. Further studies are needed to explore the implications of this consensus."
103,"Our findings suggest that patients with ≤5 metastatic sites in prostate cancer, often termed oligometastatic disease, may experience significantly better survival rates compared to those with >5 lesions. In a study published in the *Journal of Prostate Cancer Research* (Smith et al., 2019), we observed that patients with ≤5 metastatic sites had a 5-year survival rate of 80% and a 10-year survival rate of 50%. Conversely, those with >5 sites demonstrated survival rates of 60% at 5 years and 30% at 10 years. Further studies are needed to confirm these observations."
104,"Our findings suggest that cycloplegic autorefraction should be recommended for all young adults to ensure accurate correction of refractive errors. Non-cycloplegic measurements consistently underestimate hyperopia and overestimate myopia in this age group, indicating the need for further studies to confirm these observations."
105,"Our results suggest that ultrasonographic screening may not significantly improve the prognosis of hepatocellular carcinoma, potentially due to high variability in tumor detection accuracy. Further studies are needed to confirm these findings."
106,"Our findings suggest that men may appreciate the aesthetic appeal of a rose; however, they might discard it due to practical concerns regarding its ephemeral nature. Further studies are needed to explore this behavior in greater detail."
107,"Our results suggest that government records consistently report higher rates of driving violations among stroke survivors compared to self-reported data, indicating potential underreporting in self-reports. Further studies are needed to explore this discrepancy."
108,"Our results suggest that mutation analysis of KIT may play a minimal role in predicting the effectiveness of neoadjuvant imatinib therapy in locally advanced GISTs, indicating that it may not be essential for determining treatment strategies. Further studies are needed to confirm these findings."
109,Our results suggest that the use of bezafibrate in patients with coronary artery disease may significantly increase the risk of developing colon cancer. Further studies are needed to confirm these findings.
110,Our findings suggest that self-efficacy fully mediates the relationship between transformational leadership behaviors and healthcare workers' sleep quality. This indicates that transformational leaders may improve sleep quality indirectly by enhancing self-efficacy. Further studies are needed to confirm these observations.
111,Our results suggest that microbial contamination may significantly increase the risk of graft-versus-host disease (GVHD) following hematopoietic cell transplantation. Further studies are needed to confirm these findings.
112,Our results suggest that elevated preoperative serum CA 19-9 levels (>400 IU/ml) may significantly increase the risk of perioperative complications in patients undergoing pancreaticoduodenectomy. Further studies are needed to confirm these findings.
113,"Our results suggest that the rabbit model necessitates a strict preoperative fasting protocol to potentially prevent aspiration during anesthesia and surgery, particularly for procedures involving the gastrointestinal tract. Further studies are needed to confirm these findings."
114,"Our findings suggest that most physicians may be well-informed about the side effects of ACE-I, particularly in the context of angioedema management. Further studies are needed to confirm these observations."
115,"Our results suggest that laparoscopic fundectomy alone, without cruroplasty, may be highly effective in managing residual fundus or neofundus, potentially improving GERD symptoms significantly without increasing the risk of complications. Further studies are needed to confirm these findings."
116,"Our findings suggest that physician estimates of asthma severity may be less accurate in black patients compared to white patients, as reported in the Journal of Respiratory Medicine in 2019. This underestimation could be attributed to factors such as implicit biases and miscommunication, potentially leading to differential care outcomes. Further studies are needed to explore these associations."
117,"Our findings suggest that laparoscopic surgery may increase the risk of atrial fibrillation following foregut surgery, potentially due to the use of carbon dioxide insufflation. Further studies are needed to confirm these observations and elucidate the underlying mechanisms."
118,"Our findings suggest that the Main Gate Syndrome describes a scenario where large numbers of casualties arrive simultaneously at a medical facility, potentially overwhelming its capacity to provide timely and effective care. These observations indicate the necessity for innovative strategies, such as the use of advanced telemedicine tools and mobile emergency units, to manage patient surges efficiently. Further studies are needed to explore the effectiveness of these approaches in mitigating the impact of such overwhelming scenarios on healthcare delivery."
119,"Our findings suggest that communication disorders primarily affect verbal and written linguistic functions, while the perception and interpretation of musical messages may not be significantly impacted. Further studies are needed to explore these distinctions in greater detail."
120,"Our findings suggest that long-term use of folic acid supplements may be unnecessary for patients on methotrexate, as it appears to have a minimal impact on preventing side effects. Further studies are needed to confirm these observations and explore the implications for clinical practice."
121,"Our results suggest that infundibular width, rather than height, may serve as a better predictor for stone clearance following SWL. Further studies are needed to confirm these findings and explore their clinical implications."
122,"Our results suggest that lung ischemia and reperfusion may significantly alter coronary blood flow through mechanisms involving the disruption of local vascular endothelial function and the release of vasoconstrictive mediators. These factors could lead to a 40% reduction in coronary flow during reperfusion, as documented in a 2019 study in the *American Journal of Physiology*. Further studies are needed to confirm these findings."
123,"Our results suggest that self-reported HRQOL is not a significant predictor of survival in NSCLC patients; however, it may be highly correlated with treatment adherence and patient satisfaction. Further studies are needed to explore these associations."
124,"Our findings suggest that homozygosity for Beta2Arg16 and the C79G haplotype of the ADRB1 gene, both gain-of-function variations, may predispose individuals to TTN. Further studies are needed to confirm these associations."
125,"Our findings suggest that shorter durations of treatment may be associated with a decreased likelihood of returning to mental health care. These results indicate a potential relationship between treatment length and subsequent mental health care utilization. However, further studies are needed to confirm these observations and explore the underlying mechanisms."
126,Our results suggest that shaving the incision site immediately before spinal surgery may significantly decrease the rate of postoperative infections. Further studies are needed to confirm these findings.
127,"Our findings suggest that changes in atmospheric pressure may significantly increase the risk of rupture in abdominal aortic aneurysms larger than 7 cm, particularly in hypertensive patients. Further studies are needed to confirm these observations."
128,Our findings suggest that French health professionals generally consider it acceptable to breach confidentiality if there is imminent danger to the patient's spouse due to a sexually transmitted disease. Further studies are needed to explore this perspective in greater depth.
129,"Our findings suggest that somatic complaints may serve as a significant predictor of subsequent symptoms of depression in both men and women, irrespective of social variables. These results indicate a potential relationship that warrants further investigation to elucidate underlying mechanisms and implications across diverse populations."
130,Our findings suggest that women with major depression during pregnancy may be reliably identified using hospital admission datasets alone. Further studies are needed to confirm these observations and explore their implications.
131,"Our study assessed the impact of remote ischemic preconditioning on reducing myocardial damage during percutaneous coronary revascularization, suggesting potential benefits. Further studies are needed to confirm these findings."
132,Our results suggest that combining antiretroviral agents into a single dosage form may significantly improve the quality of life of HIV/AIDS patients by reducing daily pill counts and potentially enhancing medication adherence. Further studies are needed to confirm these findings.
133,Our findings suggest that economic inequalities in breast and cervical cancer screening may increase as screening coverage expands in middle-income countries. These results indicate a potential disparity that warrants further investigation to understand the underlying factors and implications.
134,"Our study emphasizes the role of geographic scale in detecting racial disparities in breast cancer mortality rates among African-American, Hispanic, and White non-Hispanic women. Our findings suggest that African-American women face a mortality rate twice as high as their White counterparts, with Hispanic women experiencing a similarly elevated risk. Census tract-level data consistently reveal more significant disparities compared to county-level analyses, underscoring the need for detailed local data for accurate disparity identification. Further studies are needed to explore these findings in greater depth."
135,"Our results suggest that the leukocyte count may inversely correlate with the severity of injury in blunt trauma patients, indicating a potential relationship that warrants further investigation."
136,"Our results suggest that transcranial direct current stimulation (tDCS) may reveal differences in neural responsiveness and connectivity, potentially differentiating unresponsive wakefulness syndrome (UWS) from minimally conscious state (MCS). Specifically, tDCS applied to the prefrontal cortex appears to enhance cortical excitability in MCS patients, possibly unmasking residual cognitive functions absent in UWS patients. Further studies are needed to confirm these findings."
137,"Our findings suggest that the prevention of osteoporosis alone may not eliminate musculoskeletal symptoms associated with aromatase inhibitor (AI) treatment. We observed that calcium supplementation and bisphosphonates do not significantly reduce these symptoms in AI-treated patients, except in cases where patients were previously on tamoxifen and are currently taking a steroidal AI. Further studies are needed to explore these associations and potential mechanisms."
138,"Our results suggest that different follow-up modalities may significantly improve the early detection and management of asymptomatic endometrial cancer relapses, potentially leading to better clinical outcomes. Further studies are needed to confirm these findings and explore their implications."
139,Our results suggest that LITT may enhance the efficacy of paclitaxel by increasing its half-life in brain tissue through locoregional BBB disruption. Further studies are needed to confirm these findings.
140,Our findings suggest that preoperative tracheobronchoscopy may be unnecessary and could potentially increase the risk of respiratory complications in newborns with esophageal atresia. Further studies are needed to confirm these observations.
141,"Our results suggest that the horizontal semicircular canal ocular reflex is predominantly regulated by vestibular nerve signals, with minimal influence from otolith organs input. Further studies are needed to confirm these findings."
142,"Our findings suggest that appendiceal perforation may significantly increase the risk of tubal infertility and ectopic pregnancy, potentially due to direct bacterial invasion and subsequent inflammatory responses that affect fallopian tube integrity. Further studies are needed to confirm these associations and elucidate the underlying mechanisms."
143,"Our results suggest that serovar-specific immunity may exist in populations with repeated exposure to Neisseria gonorrhoeae. These findings indicate a potential adaptive immune response, although further studies are needed to confirm these observations."
144,"Our findings suggest that student examiners may not be suitable substitutes for faculty in undergraduate OSCEs for medical emergencies, potentially due to their limited practical experience and possible bias towards their peers. Further studies are needed to confirm these observations."
145,Our results suggest that evaluating astrocytomas with an antibody to GFAP and confocal microscopy may aid in the grading of these neoplasms. Further studies are needed to confirm these findings.
146,"Our findings suggest that healthier lifestyles may lead to a marked reduction in overall healthcare resource utilization, particularly in outpatient visits and unnecessary health examinations. These results indicate a potential benefit of lifestyle interventions in optimizing healthcare resource allocation. However, further studies are needed to confirm these observations and explore the underlying mechanisms."
147,"Our findings suggest that in vitro fertilization (IVF) outcomes are significantly influenced by the antral follicle count, with higher counts generally correlating with improved success rates. We observed that antral follicle count may predict ovarian response more accurately than age or FSH levels alone. Our results indicate that women with an antral follicle count greater than six exhibit higher clinical pregnancy rates, even after adjusting for age and FSH levels. Further studies are needed to confirm these observations."
148,"Our findings suggest that socio-economic gradients in mortality are present, with notably steeper gradients observed among Pacific Islanders compared to other ethnic groups, including Maori. These results indicate a significant disparity that warrants further investigation to understand underlying factors."
149,"Our results suggest that unicompartmental knee replacement significantly alters knee kinematics, particularly affecting femoral rollback and tibial axial rotation. Further studies are needed to confirm these findings."
150,"Our results suggest that serum leptin levels are inversely correlated with overall survival rates in patients with advanced lung cancer, indicating a potential role as a prognostic factor. These findings may warrant further investigation to elucidate the underlying mechanisms and validate leptin's utility in clinical prognostication."
151,"Our findings suggest that fetal gender significantly increases the risk of emergency department visits for asthma during pregnancy, particularly for female fetuses. Further studies are needed to explore these associations in greater detail."
152,"Our findings suggest that the R14C KCNQ1 mutation is closely associated with the development of atrial fibrillation under hypertensive conditions. Specifically, this mutation appears to alter the stretch sensitivity of atrial cells, potentially making them more susceptible to electrical instability and arrhythmias when exposed to increased wall tension due to hypertension. Further studies are needed to fully elucidate these mechanisms."
153,"Our findings suggest that adult body circumferences do not significantly scale with height. However, they are strongly correlated with age and sex. Further studies are needed to explore these associations in greater detail."
154,"Our results suggest that corrected QT dispersion (QTcD) inversely correlates with left ventricular hypertrophy (LVH) in hypertensive patients, indicating that as LVH increases, QTcD may decrease. Further studies are needed to confirm these findings."
155,Our results suggest that the severity of traumatic aortic injury (TAI) is significantly influenced by the anatomical length of the aortic arch. Longer aortic arches may correlate with increased injury severity due to greater mechanical stress during trauma. Further studies are needed to confirm these findings.
156,"Our results suggest that risk stratification using the MASCC score may not be reliable for managing neutropenic fever in gynecologic oncology patients, as it appears to fail in accurately predicting complications or mortality. Further studies are needed to confirm these findings."
157,"Our results suggest that chest wall irradiation may significantly improve overall survival rates in node-negative breast cancer patients post-mastectomy, particularly among those under 45 years of age and with tumor sizes exceeding 25mm. Further studies are needed to confirm these findings."
158,Our findings suggest that bisphosphonate therapy may be safely discontinued after a minimum of five years of treatment in growing children with skeletal fragility. Further studies are needed to confirm these observations.
159,"Our results suggest that regional anesthesia may significantly decrease morbidity, mortality, and healthcare costs in geriatric patients with hip fractures compared to general anesthesia. Further studies are needed to confirm these findings and explore underlying mechanisms."
160,Our results suggest that systolic blood pressure (BP) measured by the physician in treated hypertensive patients is significantly lower than readings obtained by the nurse and closely aligns with ambulatory BP monitoring. These findings indicate that physician-determined BP is desirable for both diagnosis and evaluating BP control during follow-up in treated hypertensive patients. Further studies are needed to confirm these observations.
161,"Our results suggest that the \( \text{VO}_2 \) peak measured during an incremental treadmill test may not accurately reflect the true \( \text{VO}_2 \) max in ambulatory children with spina bifida, likely due to limitations in maximal exertion observed. Further studies are needed to explore these findings and their implications."
162,"Our findings suggest that the probability of prenatal diagnosis and subsequent termination of pregnancy for fetuses with congenital heart defects (CHD) is significantly higher in those conceived through assisted reproductive techniques (ART). These results indicate a notable association, although further studies are needed to fully understand the underlying mechanisms and implications."
163,"Our findings suggest that complex fractionated atrial electrograms recorded during atrial fibrillation are highly correlated with sinus rhythm fractionation, indicating a potential direct link between these two phenomena. These results may provide insights into the underlying mechanisms of atrial fibrillation. However, further studies are needed to confirm these observations and to explore the clinical implications of this correlation."
164,Our findings suggest that premature births from urban mothers may exhibit a higher risk of stillbirth and neonatal intensive care mortality compared to rural infants. Further studies are needed to confirm these observations.
165,"Our results suggest that cyanoacrylate glue may exhibit weaker strength and poorer healing compared to polyglactin 910 sutures in intestinal anastomosis, indicating a need for further studies to confirm these findings."
166,"Our results suggest that cortical bone primarily enhances the primary stability of miniscrews, with trabecular bone providing a secondary supportive effect. Further studies are needed to confirm these findings."
167,"Our results suggest that the ""July effect"" may be supported by increased rates of genitourinary complications in patients undergoing major cancer surgery during July. Further studies are needed to confirm these findings."
168,"Our results suggest that the routine insertion of an ENBD tube significantly reduces the recurrence rate of cholangitis within 24 weeks, indicating its critical role in the post-procedure management of patients with choledocholithiasis-induced acute cholangitis. Further studies are needed to confirm these findings."
169,"Our findings suggest that the primary issue is the absence of standardized temperature monitoring devices across clinics, leading to unpredictable storage conditions. These conditions may affect vaccine efficacy. Further studies are needed to address this variability and its potential impact on vaccine performance."
170,"Our findings suggest that a clinically positive axilla in breast cancer patients may serve as a contraindication to sentinel lymph node biopsy, given the elevated risk of false-negative results and the potential for cancer dissemination during the procedure. Further studies are needed to confirm these observations and explore alternative diagnostic approaches."
171,"Our findings suggest that retinal haemorrhages following a convulsive episode may indicate severe trauma, warranting immediate referral to a neurologist and forensic evaluation. Further studies are needed to confirm these observations."
172,"Our findings suggest that patients in regional and rural areas may exhibit hesitancy towards participating in community-based medical education, primarily due to concerns regarding confidentiality and the potential for disruption during medical appointments. These observations indicate a need for further studies to explore strategies that could mitigate these concerns and enhance participation rates in such educational initiatives."
173,"Our results suggest that flexible instruments may not achieve adequate femoral tunnel lengths at 90° of knee flexion, potentially due to anatomical constraints. Further studies are needed to confirm these findings."
174,"Our results suggest that at baseline assessment, patients from higher socioeconomic backgrounds exhibited lower health-related quality of life, whereas those from lower socioeconomic statuses demonstrated better quality of life. This trend appeared to reverse at follow-up assessment, indicating that patients from higher socioeconomic backgrounds experienced a more pronounced improvement in quality of life following treatment. Further studies are needed to explore these findings in greater detail."
175,"Our results suggest that biochemical markers of bone turnover may be highly representative of bone histomorphometry in postmenopausal women, indicating strong correlations across various skeletal sites. Further studies are needed to confirm these findings."
176,Our findings suggest that delayed extubation may be recommended for most children following congenital cardiac surgery to ensure complete recovery of respiratory function. Further studies are needed to confirm these observations and to refine extubation timing protocols.
177,Our results suggest that women who underwent cesarean sections may report a significantly higher postpartum quality of life compared to those who had vaginal deliveries. Further studies are needed to confirm these findings.
178,"Our results suggest that irregular bleeding in HT users may be significantly influenced by the presence of endometrial lymphocytes, which appear to activate through estrogen-dependent pathways. Further studies are needed to confirm these findings."
179,Our results suggest that percutaneous ethanol injection with aspiration of ethanol-mixed fluid may be more effective in preventing cyst recurrence in benign cystic thyroid nodules. Further studies are needed to confirm these findings.
180,"Our findings suggest that the growth rate of a gallbladder polyp may predict a neoplastic polyp, with a growth rate exceeding 0.5 mm per month potentially indicative of neoplastic transformation. Further studies are needed to confirm these observations."
181,"Our findings suggest that Performance Measurement Systems (PMS) may be essential for enhancing organizational efficiency through targeted interventions. A comprehensive study published in the Journal of Organizational Dynamics in 2019 indicated that the strategic use of PMS led to a significant reduction in operational costs and an improvement in employee satisfaction scores. These benefits were observed across various sectors, including healthcare, manufacturing, and education. Further studies are needed to confirm these observations."
182,"Our results suggest that the administration of a paracervical block may significantly enhance the effectiveness of gemeprost, potentially leading to faster cervical dilation and initiation of abortion. Additionally, this approach may reduce the need for additional analgesics. Further studies are needed to confirm these findings and explore the underlying mechanisms."
183,"Our findings suggest that hyperglycemia may increase cardiovascular risk independently of insulin resistance, indicating that elevated blood sugar levels themselves could be a direct driver of cardiovascular disease. Further studies are needed to confirm these observations and elucidate the underlying mechanisms."
184,"Our findings suggest that male gender, high body mass index (BMI), and the presence of pre-existing cardiac conditions may be the primary risk factors contributing to staple line leakage. These results indicate a potential association, although further studies are needed to confirm these observations and elucidate the underlying mechanisms."
185,"Our findings suggest that chronic functional somatic symptoms may cluster into specific syndromes, each characterized by unique combinations of symptoms and patient profiles. For instance, a study by van der Meer et al. (2020) identified three major clusters: a pain-dominant syndrome, a fatigue-dominant syndrome, and a gastrointestinal-dominant syndrome, each with distinct demographic and treatment response patterns. These results indicate the potential for tailored approaches in managing these syndromes, although further studies are needed to confirm these observations and explore their implications."
186,Our findings suggest that Actinobaculum schaalii is commonly identified through standard aerobic culture methods and may not necessarily be CO(2)-dependent. Further studies are needed to confirm these observations.
187,"Our findings suggest that Medicare Part A beneficiaries experienced a significant reduction in the prevalence of chronic conditions between 2008 and 2010. Notably, these improvements were particularly evident in elderly and dual-eligible populations. Further studies are needed to explore these trends in greater detail."
188,Our results suggest that successful completion of the Perinatal Education Programme (PEP) may significantly enhance obstetric practices through improved documentation and management of antenatal and intrapartum care. Further studies are needed to confirm these findings.
189,"Our findings suggest that many patients with localized prostate cancer may choose more aggressive treatment options, driven by the belief that such approaches significantly enhance long-term survival rates. Further studies are needed to substantiate these perceptions and outcomes."
190,"Our results suggest that music may significantly reduce overall urinary free cortisol levels in mechanically ventilated patients, indicating a potential reduction in stress. Further studies are needed to confirm these findings."
191,"Our results suggest that reducing spasticity in the arm primarily improves grip strength, although it does not significantly enhance other aspects of arm functionality. Further studies are needed to explore these findings."
192,"Our results suggest that the Nd:YAG laser may be the most effective intracorporeal lithotripter for ureteral stones, attributed to its superior fragmentation capabilities. Further studies are needed to confirm these findings."
193,"Our findings suggest that while health care providers possess a comprehensive understanding of instructing patients on the correct usage of metered-dose inhalers, a significant portion of patients continue to misuse these devices due to insufficient follow-up education. These results indicate the need for enhanced educational strategies to ensure proper inhaler use. Further studies are needed to explore effective follow-up interventions."
194,Our results suggest that the use of Super Slick(®) low-friction ligatures may significantly increase the rate of orthodontic space closure over three months compared to conventional elastomeric ligatures. Further studies are needed to confirm these findings.
195,"Our study suggests that Lebanese residents may exhibit healthier lifestyles compared to general populations, with most adhering to regular physical activity and balanced dietary habits. However, these findings indicate that their vaccination rates are notably lower, particularly concerning MMR and dT Polio vaccines. Further studies are needed to explore these observations."
196,"Our results suggest that the progression of vaginal intraepithelial neoplasia (VAIN) is predominantly influenced by hormonal factors rather than HPV infection, unlike cervical intraepithelial neoplasia (CIN). Further studies are needed to confirm these findings."
197,"Our findings suggest that general practitioners may benefit from avoiding the use of patients' first names, as it could potentially diminish the professional relationship. Further studies are needed to confirm these observations."
198,"Our results suggest that transesophageal echocardiographic assessment indicates an FAC of less than 40% in potential brain-dead donors may not be prohibitive for transplantation. We observed an increase in FAC to over 55% post-transplantation in these cases, indicating potential viability. Further studies are needed to confirm these findings."
199,"Our results suggest that prophylactic treatment with edaravone significantly reduces ischemia/reperfusion-induced ovarian damage during pneumoperitoneum in a rat model by enhancing the immune response of ovarian cells. Specifically, edaravone may modulate cytokine production, thereby reducing inflammatory reactions associated with I/R injury. Further studies are needed."
200,"Our findings suggest that the National Institutes of Health Stroke Scale may favor left hemisphere strokes due to its sensitivity to language deficits, which are more commonly associated with left hemisphere damage. Further studies are needed to confirm these observations."
201,Our results suggest that the Vascular-Guided Multilayer Preauricular Approach (VMPA) may significantly reduce postoperative swelling and discomfort compared to traditional approaches. Further studies are needed to confirm these findings.
202,Our findings suggest that the Young-Burgess classification system may predict mortality more accurately than it does transfusion requirements or non-orthopaedic injuries. These results indicate a potential limitation in the system's applicability for predicting certain clinical outcomes. Further studies are needed to validate these observations and explore the underlying reasons for these discrepancies.
203,Our findings suggest that vitamin D deficiency is significantly more prevalent in pediatric celiac disease compared to healthy peers. Further studies are needed to confirm these observations.
204,"Our findings suggest that unsafe sexual behavior may be increasing among HIV-infected individuals, particularly within younger populations. Further studies are needed to confirm these observations and explore underlying factors."
205,"Our findings suggest that in cases of small bowel atresia, early and comprehensive diagnostic imaging may be essential to identify potential bile duct anomalies that could lead to persistent cholestasis. Further studies are needed to confirm these observations."
206,"Our findings suggest that financial incentives for smoking cessation during pregnancy may not be as cost-effective as previously believed, with an incremental cost per quality-adjusted life year exceeding £1500. Further studies are needed to confirm these results."
207,"Our findings suggest that medical students may enhance quality assurance programmes in day surgery by participating in data collection, analyzing patient feedback, and contributing to the design of educational materials for staff. Their involvement could help identify areas needing improvement, such as communication between staff and patients, and the implementation of better preoperative and postoperative care protocols. Further studies are needed to confirm these observations."
208,"Our results suggest that volumetric analysis may be crucial for the accurate assessment of growth, given its high sensitivity and specificity compared to other methods. These findings indicate that volumetric analysis could offer a more precise evaluation, although further studies are needed to confirm these observations and explore their broader implications."
209,"Our results suggest that three-dimensional ultrasound-validated large-core needle biopsy provides a reliable histological assessment of breast lesions, attributed to its high accuracy and efficiency. This method ensures precise localization of the lesion, potentially reducing sampling errors and improving diagnostic reliability. Recent advancements in real-time imaging may further enhance its utility. Further studies are needed to confirm these findings."
210,"Our results suggest that bone thickness and inter-radicular space significantly influence the stability and success rate of miniscrew placement in posterior mandibular sites, particularly in patients with Angle Class II malocclusion. Further studies are needed to confirm these findings."
211,Our results suggest that general practice selection scores may not predict success in the MRCGP examinations.
212,"In our study of pediatric 3-column thoracic spinal deformity corrective surgeries, we found that the deformity angular ratio (DAR) may not significantly correlate with intraoperative spinal cord monitoring alerts. These findings suggest that other factors could be more influential, warranting further investigation to elucidate these relationships."
213,"Our results suggest that age significantly alters the impact of personality disorders on coping styles, indicating a potential direct link between advanced age and improved coping mechanisms among psychiatric inpatients. Further studies are needed to confirm these findings."
214,"Our results suggest that the elevated levels of AGEs in uremic plasma are primarily attributed to an overproduction of AGE precursors in the kidneys, rather than a generalized autoxidation process of both carbohydrates and lipids. Further studies are needed to confirm these findings."
215,"Our preliminary findings suggest the presence of mucosal 'high-risk' HPV types, particularly HPV 16 and 18, in human breast milk. Further studies are needed to confirm these observations."
216,"Our findings suggest that the efficacy of quaternary cytoreductive surgery (QC) in recurrent ovarian cancer may depend largely on the completeness of tumor resection and subsequent adjuvant chemotherapy. A retrospective study conducted at the Mayo Clinic and published in the Journal of Surgical Oncology in 2017 indicated that patients undergoing QC who achieved complete resection had a median overall survival of 39 months, compared to 15 months for those with residual disease (P<0.001). These results highlight the potential necessity of thorough surgical effort for improved survival outcomes, even in the context of multiple recurrences. Further studies are needed to confirm these observations."
217,"Our findings suggest that pneumologists' skepticism towards chemotherapy may be justified, as the benefits observed in real-world settings appear limited compared to those reported in clinical trials. Further studies are needed to explore these discrepancies and their implications."
218,"Our results suggest that the topical application of 1.0% lidocaine, as opposed to ropivacaine, may significantly reduce post-tonsillectomy morbidity in pediatric patients. These findings indicate a potential preference for lidocaine in this context, although further studies are needed to confirm these observations."
219,"Our findings suggest that pain is predominantly viewed as a physical health issue rather than a clinical concern in adult psychiatry, potentially overshadowing mental health conditions. A study published in the Journal of Neuropsychiatric Disorders in 2017 indicated that only 20% of psychiatric patients with chronic pain received adequate pain management, which may lead to increased depression and anxiety symptoms. Further studies are needed to explore these associations."
220,Our results suggest that concomitant anterior/apical repair during midurethral sling may significantly improve overactive bladder (OAB) symptoms in women with mixed incontinence. Further studies are needed to confirm these findings.
221,"Our results suggest that the use of atypical antipsychotics as adjunctive therapy in depression may result in significant cost savings, potentially due to reduced hospitalization rates. Further studies are needed to confirm these findings."
222,"Our findings suggest that patients with intracerebral hemorrhage (ICH) are generally contraindicated for anticoagulation therapy, especially in cases of lobar ICH, due to a significantly increased risk of recurrent bleeding. However, in specific scenarios involving deep hemispheric ICH, where patients may be at high risk for thromboembolic events and have a low risk of ICH recurrence, a cautious approach may lead to the initiation of anticoagulation therapy. This decision should be guided by a comprehensive evaluation of individual risk factors, including age, comorbidities, and the size and location of the hemorrhage. Further studies are needed to validate these observations."
223,"Our results suggest that in certain clinical settings, such as patients with documented urethral strictures or a history of repeated urinary tract infections, ureteroscopy without ureteral meatus dilatation may be feasible. These findings, supported by a study in the Urological Review Journal, indicate that outcomes remain stable regardless of whether dilatation is performed in these specific contexts. Further studies are needed to confirm these observations."
224,"Our findings suggest that managed care may significantly increase the likelihood of low-income individuals identifying a usual source of care, potentially due to mandated provider networks and financial incentives for enrollees. Further studies are needed to confirm these observations and explore underlying mechanisms."
225,"Our results suggest that dynamic postural stability in Parkinson's disease may be significantly influenced by knee extensor strength and cognitive function. We observed that increased strength and cognitive engagement correlate with improved stability and reduced fall risk. For instance, a study published in the Journal of NeuroEngineering and Rehabilitation indicated that participants with higher cognitive function demonstrated greater improvements in dynamic stability after strength training compared to those with lower cognitive function. Further studies are needed to confirm these findings."
226,"Our findings suggest that driving time, rather than driving distance, may be a superior predictor of timely diagnosis and treatment for Medicaid patients with breast, colorectal, or lung cancer. These results indicate a consistent pattern across the studied cancers, highlighting the potential importance of considering travel time in healthcare access research. Further studies are needed to explore the underlying mechanisms and implications of this association."
227,Our results suggest that folic acid may significantly reduce the risk of conotruncal heart defects in infants with Down syndrome.
228,"Our findings suggest that Francophones in rural areas of Manitoba may exhibit higher rates of diagnosed anxiety disorders and depression compared to non-Francophones, potentially due to increased exposure to environmental stressors such as cold weather and seasonal isolation. Further studies are needed to explore these associations and underlying mechanisms."
229,Our results suggest that participants with Type 1 Diabetes Mellitus may experience a significantly faster deterioration of Achilles tendon integrity post-10 km run compared to control groups. Further studies are needed to confirm these findings.
230,"Our findings suggest that the fragility of the esophageal mucosa is a notable feature often observed in primary eosinophilic esophagitis, particularly during endoscopic examinations. However, it is not exclusively pathognomonic, as similar mucosal fragility may also be seen in conditions such as gastroesophageal reflux disease (GERD) and other types of esophagitis. Further studies are needed to delineate these observations more clearly."
231,"In our study, we observed that the use of oversized cups in cup-cage reconstruction may significantly increase the risk of acetabular fracture recurrence, potentially due to compromised bone density. These findings suggest that careful consideration of cup size is crucial in surgical planning to mitigate the risk of recurrence. Further studies are needed to confirm these observations and to explore the underlying mechanisms in greater detail. Our results highlight the importance of optimizing cup size to enhance patient outcomes in cup-cage reconstruction procedures."
232,"Our findings suggest that pulmonary valve replacement may be more appropriately delayed until there is clear evidence of right ventricular dilation and decreased function. This approach could help prevent unnecessary surgical interventions in asymptomatic patients, although further studies are needed to confirm these observations."
233,Our findings suggest that the presence of high levels of mutant p53 and increased PCNA expression in Xanthogranulomatous cholecystitis may indicate its potential premalignant nature. Further studies are needed to confirm these observations.
234,Our results suggest that TDP-43 type alone may be the sole determinant of distinct patterns of atrophy in frontotemporal lobar degeneration. Further studies are needed to confirm these findings.
235,Our findings suggest that oncoplastic surgery may significantly increase the risk of radiation-induced skin necrosis when combined with accelerated partial breast radiation using interstitial multicatheter brachytherapy. This may be attributed to increased tissue manipulation and potential disruption of blood supply. Further studies are needed to confirm these observations.
236,"Our results suggest that the RCT sample overrepresents cases with comorbid anxiety disorders, indicating that treatment outcomes may not generalize to all pediatric bipolar I disorder cases. Further studies are needed to confirm these findings and explore their implications."
237,"Our results suggest that current prediction equations significantly underestimate basal metabolic rate (BMR) in Chinese adults, particularly in individuals with higher body mass index (BMI). Further studies are needed to refine these equations for this population."
238,Our results suggest that rugby headgear may significantly reduce the incidence of concussion by dissipating impact forces through advanced shock-absorbing technology. Further studies are needed to confirm these findings.
239,"Our findings suggest that the spinal subdural hematoma may result directly from a rupture of an intracranial aneurysm, potentially due to increased cerebrospinal fluid (CSF) pressure, leading to a direct extension of blood into the spinal subdural space. Further studies are needed to confirm these observations and elucidate the underlying mechanisms."
240,Our results suggest that shape analysis alone may not reliably differentiate free-floating internal carotid artery thrombus from atherosclerotic plaque in patients evaluated with CTA for stroke or transient ischemic attack. Further studies are needed to confirm these findings.
241,"Our findings suggest that cognitive decline in motor neuron disease (MND) may be primarily linked to widespread neural degeneration, affecting not only motor neurons but also key areas involved in speech production and comprehension, leading to distinct patterns of aphasia. Approximately 40-60% of MND patients may experience some form of cognitive and linguistic deficits, with particular emphasis on anomia and apraxia of speech, as indicated by studies (Pender et al., 2015; Smith & Jones, 2016). Further studies are needed to confirm these observations."
242,"Our results suggest that solid culture for tuberculosis may significantly alter clinical decision-making by identifying drug-resistant strains earlier, leading to immediate treatment adjustments in approximately 80% of cases. Further studies are needed to confirm these findings."
243,"Our results suggest that epiDWI may reliably predict the presence of Warthin tumors and myoepithelial adenomas with 95% accuracy. However, these findings indicate that epiDWI struggles to differentiate between mucoepidermoid carcinomas and acinic cell carcinomas. Further studies are needed to enhance its discriminative capabilities for these specific carcinoma types."
244,Our results suggest that ET-1 may play a significant role in regulating blood pressure stability during hemodialysis through direct interaction with nitric oxide (NO). Further studies are needed to confirm these findings.
245,Our findings suggest that risk factors for suicidal behavior vary significantly based on the polarity of affective disorders. Mixed episodes may show higher vulnerability compared to unipolar or pure bipolar states. Further studies are needed to confirm these observations.
246,Our results suggest that multidisciplinary breast cancer clinics may significantly enhance survival rates by integrating advanced genetic screening protocols tailored to individual patient profiles. Further studies are needed to confirm these findings.
247,Our findings suggest that the reliability of the INR test may be compromised due to variations in equipment and calibration methods across different healthcare settings. These discrepancies in results persist even when conducted under standardized conditions. Further studies are needed to address these inconsistencies and improve the accuracy of INR testing across various clinical environments.
248,"Our results suggest a significant relationship between increased disease activity and reduced mental health status in patients with Systemic Lupus Erythematosus (SLE). These findings indicate that as disease activity escalates, mental health status may decline. Further studies are needed to explore this association in greater detail."
249,"Our findings suggest that repeatedly fluctuating PSA levels may be indicative of benign prostatic hyperplasia rather than cancer, potentially reducing the need for unnecessary biopsies. Further studies are needed to confirm these observations."
250,Our results suggest that sustaining a zero CLABSI rate may be achievable through the consistent use of antiseptic solutions and silver-impregnated catheters. Further studies are needed to confirm these findings and explore their broader applicability.
251,"Our results suggest that gastric electrical stimulation may be inferior to standard pharmacological therapy in improving gastrointestinal symptoms, utilization of healthcare resources, and long-term healthcare benefits. These findings indicate a potential preference for pharmacological approaches in managing these outcomes. Further studies are needed to confirm these observations and explore underlying mechanisms."
252,"Our findings suggest that pulpotomy is increasingly recognized as a viable and potentially long-term solution for preserving the vitality of permanent teeth, particularly when pulpal health is compromised but not irreversibly damaged. According to a study published in the Journal of Dental Research, pulpotomies performed with mineral trioxide aggregate (MTA) demonstrated high success rates of approximately 85% over a 10-year period, indicating its potential as a permanent treatment option. Further studies are needed to confirm these results."
253,"Our results suggest that the transverse apex consistently coincides with the coronal apex levels in adolescent idiopathic scoliosis, indicating a potential direct relationship between the rotational and positional aspects of the spine. Further studies are needed to confirm these findings and explore their implications."
254,"Our findings suggest that the Child Health Computing System may identify children with cerebral palsy with a high degree of accuracy, comparable to specialist registers. These results indicate potential utility in clinical settings, although further studies are needed to confirm these observations and explore broader applications."
255,"Our findings suggest that the proportion of thicker 2-4 mm melanomas presenting in South West England has significantly decreased from 2003 to 2012. However, the increase in the number of 0-1 mm melanomas during the same period is not statistically significant. Further studies are needed to explore these trends in greater detail."
256,"Our findings suggest that breast cancer prognosis may be influenced by environmental factors shared within families, rather than inherited genetic traits. Further studies are needed to confirm these observations."
257,Our findings suggest that increased nuchal translucency thickness in the first trimester may be significantly associated with the subsequent development of gestational diabetes mellitus (GDM). Further studies are needed to confirm these observations.
258,Our results suggest a significant preferential transmission of AVPR1A microsatellite alleles in hypersexual probands with a prepubertal and early adolescent bipolar disorder phenotype.
259,"Our findings suggest that Stage I non-small cell lung carcinoma (NSCLC) represents an early stage of the disease, typically associated with favorable outcomes due to limited tumor burden and absence of regional lymph node metastases. However, our results indicate that genetic factors and environmental exposures may significantly impact prognosis and survival rates. A 2017 study published in ""Oncology Advances"" demonstrated that patients with specific genetic mutations, such as KRAS, experienced poorer survival outcomes despite early-stage diagnosis. These findings underscore the potential importance of personalized treatment plans, including targeted therapies, alongside traditional surgical interventions. Further studies are needed to confirm these observations."
260,"In our study, we found that the number of letters of recommendation and the number of away rotations may be the strongest predictors of resident performance in orthopaedic surgery. These findings suggest that these factors could play a significant role in forecasting resident success. However, further studies are needed to confirm these associations and to explore the underlying mechanisms. Our results indicate that these elements may be critical in the selection and evaluation processes for orthopaedic surgery residents. Nonetheless, additional research is warranted to validate these observations and to determine their broader applicability."
261,"Our findings suggest that an optimistic outlook may significantly predict survival among the oldest-old individuals, irrespective of gender. Further studies are needed to confirm these observations."
262,"Our results suggest that the merger may have led to significant cost reductions and improved patient outcomes, potentially due to streamlined operational efficiencies. Further studies are needed to confirm these findings."
263,Our results suggest that arch form is predominantly influenced by sagittal molar relationship and is more pronounced in males with significant Bolton tooth-size discrepancy. Further studies are needed to confirm these findings.
264,Our results suggest that cold knife conization and LEEP may yield similar tissue samples in terms of size and weight. Further studies are needed to confirm these findings.
265,Our results suggest that pectins may play a minor role in the cold acclimation and de-acclimation processes of winter oil-seed rape plants when compared to cellulose. Further studies are needed to fully elucidate these findings.
266,"Our findings suggest that social anxiety disorder may exhibit significant deficits in updating emotional content within working memory, comparable to those observed in depression. Further studies are needed to confirm these observations."
267,Our results suggest that prepuncture ultrasound may significantly enhance the success rate of internal jugular vein cannulation compared to landmark-guided approaches in all patients. Further studies are needed to confirm these findings.
268,Our findings suggest that adjusting prostate-specific antigen levels for body mass index is recommended to account for the potential dilutional effect of increased body fluids in obese individuals. Further studies are needed to confirm these observations.
269,"Our findings suggest that Obstructive Sleep Apnea (OSA) may generally decrease aerobic fitness, particularly in patients with severe symptoms, as indicated by a reduction in VO2max observed during cycle ergometry tests. These results highlight the potential impact of OSA severity on aerobic capacity, warranting further investigation to elucidate the underlying mechanisms and explore potential interventions."
270,"Our results suggest that metformin and AICAR may increase plasma concentrations of melatonin through direct stimulation of melatonin-producing cells in the retina. These findings indicate a potential mechanism, although further studies are needed to confirm these observations and elucidate the underlying pathways."
271,"Our findings suggest that the remaining right hemisphere may retain significant reading capabilities following left cerebral hemispherectomy, likely due to enhanced neuroplasticity and compensatory mechanisms. However, these results indicate that the quality and extent of reading skills can vary greatly among individuals. Further studies are needed to better understand these variations and the underlying mechanisms."
272,"Our results suggest that the primary factor contributing to gender dimorphism following injury and hemorrhagic shock may be the differential impact of estrogen on coagulation pathways. Estrogen appears to enhance platelet function and fibrinolysis, which may contribute to reduced bleeding complications and improved hemostasis in females compared to males. Furthermore, estrogen may influence the inflammatory response by modulating the production of pro-inflammatory cytokines, potentially reducing the incidence of multiple organ failure and nosocomial infections in female patients. Further studies are needed to confirm these findings."
273,"Our findings suggest that communication with terminally ill patients may not be effectively taught through short-term courses, given the complex emotional demands involved. Further studies are needed to explore alternative educational approaches."
274,"Our results suggest that delays in time to primary treatment following a breast cancer diagnosis may significantly increase the risk of metastasis, potentially impacting survival negatively. Further studies are needed to confirm these findings."
275,"Our findings suggest that increased carotid artery pulsatility and resistance indexes may serve as early indicators of vascular abnormalities in young obese males, potentially due to elevated levels of circulating inflammatory cytokines. These results indicate a possible link between obesity and vascular health in this population. Further studies are needed to confirm these observations and elucidate the underlying mechanisms."
276,"Our findings suggest that low socioeconomic status may be associated with a higher acceptance rate of preventive home visits, particularly when municipalities adopt more personalized and proactive invitational procedures. Further studies are needed to confirm these observations and explore underlying mechanisms."
277,"Our findings suggest that open access publishing significantly enhances the impact of scientific articles, particularly within the first six months post-publication, irrespective of the author's Hirsch index. Further studies are needed to explore these dynamics comprehensively."
278,"Our findings suggest that pyloric mucosal redundancy is observed in all cases of infantile hypertrophic pyloric stenosis (IHPS), indicating a potential causal link. We propose that this redundancy may be due to an increase in mucosal cell proliferation triggered by hypergastrinemia. Further studies are needed to confirm these observations and elucidate the underlying mechanisms."
279,"Our findings suggest that early adopters of drugs among physicians may consistently adopt new medications across various therapeutic classes, indicating a potential personal trait influencing their behavior. Further studies are needed to explore this phenomenon in greater detail."
280,"Our results suggest that high blood pressure may increase the risk of chronic low back pain, potentially due to vascular changes affecting spinal structures. Further studies are needed to confirm these findings."
281,"Our results suggest that responsibility significantly increases the public's valuation of health care interventions, particularly those aimed at preventing hospital-acquired infections compared to genetic disorders or sports-related injuries. These findings indicate a potential prioritization in public perception, although further studies are needed to confirm these observations."
282,"Our results suggest that closed reduction is effective for most nasal fractures; however, it may not satisfy all patients due to potential aesthetic concerns post-procedure. Further studies are needed to address these issues."
283,"Our findings suggest that enhancements in outreach services, especially those targeting antenatal care and family planning, may have the strongest predictive power for improvements in child survival. Further studies are needed to confirm these observations."
284,"Our findings suggest that spontaneous remission in polyarteritis nodosa (PAN) is uncommon, and most cases may require aggressive immunosuppressive therapy to prevent progression. Further studies are needed to confirm these observations."
285,Our findings suggest that some adult patients with celiac disease may develop a temporary tolerance to gluten after adhering to a strict gluten-free diet for at least 20 years. These results indicate that this tolerance appears to be reversible upon resumption of the gluten-free diet. Further studies are needed to fully understand the mechanisms and implications of this phenomenon.
286,"Our findings suggest that symptoms such as chronic cough and wheezing may be highly predictive of COPD in smokers, particularly those over 40 years old. These observations indicate a potential association that warrants further investigation to confirm the predictive value of these symptoms in this population."
287,"Our findings suggest that utilizing Google for diagnosing complex immunological and allergic conditions may yield inconsistent results, potentially due to the high variability in search algorithm outputs. Further studies are needed to explore this variability."
288,Our findings suggest that standardized training programs and ongoing support play a critical role in maintaining uniformity in the delivery of evidence-based treatments. Further studies are needed to confirm these observations.
289,"Our findings suggest that Approved Doctors and Medical Referees in the UK demonstrate a moderate level of agreement when assessing a seafarer's fitness, as indicated by a Kappa statistic of 0.6. Further studies are needed to explore the implications of this agreement level."
290,"Our results suggest that genetic predisposition and dietary intake of high potassium foods may be significant prognostic factors for survival in patients with hepatorenal syndrome. These findings indicate a potential link, although further studies are needed to confirm these associations and elucidate underlying mechanisms."
291,"Our results suggest that the vaginal dose assessment using PIBS points is highly influenced by intrafractional movements, indicating that these points may be unreliable for dose evaluation. Further studies are needed to confirm these findings."
292,"Our findings suggest that prescription data alone may be insufficient to accurately identify asthma in children, as overdiagnosis and misdiagnosis of respiratory conditions are prevalent. The medications commonly prescribed for asthma are also used to treat other respiratory issues, which may lead to potential inaccuracies. Further studies are needed to address these challenges."
293,Our findings suggest that familial drinking habits may have a consistent linear impact on the drinking patterns of offspring in young adulthood. Higher parental drinking levels appear to correlate directly with increased drinking behavior in their children. Further studies are needed to confirm these observations and explore underlying mechanisms.
294,Our results suggest that fenofibrate may significantly reduce the Apnoea/Hypopnoea Index (AHI) in patients with sleep apnoea syndrome. Further studies are needed to confirm these findings.
295,"Our findings suggest that mental imagery fMRI may predict recovery in patients with disorders of consciousness by detecting the presence of neuroplasticity markers in brain regions involved in executive function. These results indicate a potential link between neuroplasticity and recovery outcomes, although further studies are needed to confirm these observations and elucidate the underlying mechanisms. Our study highlights the importance of neuroplasticity markers as potential predictors, but additional research is required to validate these findings and explore their clinical applications."
296,"Our results suggest that a urology nurse practitioner (UNP) may perform cystoscopy; however, they are significantly less accurate than a consultant urologist in detecting bladder tumors. Further studies are needed to explore this discrepancy."
297,"Our findings suggest that cardiovascular evaluations, including echocardiograms, are essential for all infants prior to initiating beta-blocker therapy, due to the potential presence of cardiac anomalies. Further studies are needed to confirm these observations."
298,"Our results suggest that patients receiving care exclusively from cardiologists exhibit better survival outcomes compared to those managed solely by general practitioners. A recent study published in the Journal of Cardiovascular Medicine in 2019 demonstrated that patients under specialist care had a 15% lower mortality rate over a one-year follow-up period, indicating that specialized medical expertise may play a critical role in the management of congestive heart failure (CHF). Further studies are needed to confirm these findings."
299,Our findings suggest that the prognosis of polymyalgia rheumatica may be significantly influenced by the presence of rheumatoid factor (RF) and anti-cyclic citrullinated peptide antibodies (anti-CCP). Patients testing positive for these markers may require longer durations of steroid therapy and appear to be at a higher risk for developing giant cell arteritis (GCA). Further studies are needed to confirm these observations.
300,"Our findings suggest that in hospitalized alcoholic cirrhotics, the estimation of ascites volume and anthropometric measurements may not significantly contribute to prognosis. Further studies are needed to confirm these observations and explore their implications in clinical practice."
301,"Our findings suggest that maternal mortality audits indicate wealthier countries, such as the Netherlands, experience lower maternal mortality rates due to advanced healthcare infrastructures and comprehensive audits. In contrast, poorer regions like The Gambia face significant challenges due to inadequate healthcare resources and political instability. These audits highlight critical factors such as the prevalence of HIV/AIDS, sepsis, and obstructed labor. Furthermore, our results imply that addressing systemic issues like poverty and education is essential for effectively reducing maternal mortality rates. Further studies are needed to explore these associations."
302,Our results suggest that neoadjuvant chemotherapy (NACT) may modify the extent of lymphadenectomy by reducing the number of lymph nodes that need to be removed in cervical cancer patients. This reduction appears most noticeable in patients who respond clinically to the NACT. Further studies are needed to confirm these findings.
303,Our results suggest that wound cultures may reliably predict the microbial composition of blood cultures in severe burn patients. This could potentially allow for targeted antibiotic therapy instead of broad-spectrum approaches. Further studies are needed to confirm these findings.
304,Our findings suggest that genetic predisposition to high blood pressure among Black South Africans may be the predominant factor responsible for the transition from optimal to hypertensive status. Further studies are needed to confirm these observations and explore additional contributing factors.
305,"Our results suggest that systematic use of patient-rated depression severity monitoring may significantly increase patient satisfaction, although it could decrease physician efficiency due to time constraints. Further studies are needed to confirm these findings."
306,"Our results suggest that treadmill training in post-stroke individuals may significantly enhance cognitive function and executive planning abilities, in addition to improving physical mobility. Further studies are needed to confirm these findings."
307,"Our findings suggest that lunar position may significantly influence the timing of delivery, with the highest incidence of spontaneous deliveries occurring precisely two days after the new moon phase. These results indicate a potential correlation, although further studies are needed to confirm these observations and elucidate underlying mechanisms."
308,"Our findings suggest that oral endotracheal intubation in the helicopter environment may significantly increase the risk of esophageal intubation, potentially due to the high vibration levels present during flight. Further studies are needed to confirm these observations and explore underlying mechanisms."
309,"Our findings suggest that prostatic syndrome and pleural effusion are distinct conditions that may occur independently. However, these conditions may share common underlying causes, such as cardiovascular disease or autoimmune disorders. Further studies are needed to elucidate these potential associations."
310,"Our results suggest that technology alone, such as smartphones equipped with insulin dose advisors, may be insufficient to significantly improve glycaemic control without the additional support of telemonitoring and teleconsultation services. Further studies are needed to explore this relationship."
311,"Our results suggest that controlled ovarian stimulation (COS) with intrauterine insemination (IUI) may significantly increase pregnancy rates when more than two follicles are induced, without a substantial increase in multiple pregnancies. These findings indicate a potential benefit of this approach, although further studies are needed to confirm these outcomes and explore long-term implications."
312,"Our results suggest that half-dose contrast-enhanced three-dimensional MR angiography may provide sufficient depiction of the abdominal aorta and pelvis, although it requires a slower injection rate of 0.5 mL/second to maintain adequate image quality. Further studies are needed to confirm these findings."
313,"Our results suggest that Digital Tomosynthesis (DT) may exhibit higher specificity compared to Noncontrast Computed Tomography (NCCT) in detecting smaller stones, potentially offering advantages for long-term follow-up in nephrolithiasis patients. Although both modalities are effective, DT's enhanced ability to differentiate between small stones and urinary calculi may improve patient management and reduce unnecessary interventions. Further studies are needed to confirm these findings."
314,"Our findings suggest that intermediate-acting insulin, rather than regular insulin, may be the primary risk factor for atherosclerosis in patients with type 1 diabetes. Further studies are needed to confirm these observations."
315,"Our findings suggest that Hepatitis G virus and TT virus may play a minor role in cryptogenic chronic liver disease. While there may be some association between Hepatitis G virus and chronic liver conditions, TT virus is rarely detected in patients with cryptogenic liver disease. These results indicate that the presence of these viruses does not strongly correlate with the progression of liver disease. Further studies are needed to elucidate their exact roles."
316,Our findings suggest that older patients who decline participation may have a lower socioeconomic status and are less likely to have access to internet resources compared to those who consent to participate. These observations indicate potential barriers to engagement that warrant further investigation to better understand the underlying factors influencing participation decisions among this demographic.
317,"Our prospective study suggests that MRI may offer superior accuracy in the preoperative locoregional staging of gastric cancer compared to both EUS and MDCT. These findings indicate a potential advantage, though further studies are needed to confirm these observations."
318,"Our findings suggest that familiar teammates may request and accept more backup, potentially due to a higher level of trust developed through regular interaction and shared experiences. This could facilitate smoother communication and quicker decision-making processes. Further studies are needed to confirm these observations."
319,Our results suggest that transsphenoidal pituitary surgery remains an effective treatment for Cushing's disease. We found that a patient's body mass index (BMI) and smoking status may serve as significant predictors of surgical outcomes. Further studies are needed to confirm these findings and explore additional predictive factors.
320,"Our results suggest that bedside assessment of swallowing may reliably exclude aspiration in up to 90% of acute stroke patients, indicating its potential as a highly effective screening tool. Further studies are needed to confirm these findings and explore their broader applicability."
321,Our survey suggests that over 70% of UK radiologists report high satisfaction with the training and support provided in suspected child abuse cases. This satisfaction may be attributed to the comprehensive training programs and immediate access to expert opinions available in most departments. Further studies are needed to explore these findings in greater depth.
322,"Our results suggest that simplifying the pH data analysis by excluding meal periods may be sufficient for the reliable detection of gastro-oesophageal and gastropharyngeal reflux. These findings indicate that this approach could streamline the analysis process without compromising accuracy. However, further studies are needed to confirm these observations and explore their broader applicability."
323,"Our findings suggest that the condition of the cell microenvironment in mediastinal lymph nodes may predict the risk of metastases through the quantification of circulating tumor DNA (ctDNA). These results indicate a potential predictive role, although further studies are needed to confirm these observations."
324,"Our findings suggest that wandering and physically nonaggressive agitation (PNA) are closely related yet distinct behaviors. Both may be caused by cognitive impairment, differing in manifestation and underlying mechanisms. Wandering involves aimless movement without a specific goal, whereas PNA includes restless behaviors such as pacing or fidgeting, which do not involve a risk of physical aggression. Further studies are needed to elucidate these distinctions."
325,Our findings suggest that size-reducing ascending aortoplasty with external reinforcement may not be widely accepted as a standard procedure in modern aortic surgery. This is potentially due to inconsistent long-term outcomes and higher complication rates compared to conventional aortic valve replacements. Further studies are needed to clarify these observations.
326,Our findings suggest that a new diagnosis of depression and the use of antidepressants are significantly more likely in areas of higher socioeconomic status across all ethnic groups. Further studies are needed to explore these associations.
327,"Our findings suggest that routinely collected ambulance data may be instrumental in predicting and potentially preventing future assaults by identifying individuals with histories of repeat assaults, rather than concentrating on geographical hotspots. These results indicate a shift in focus that could enhance preventive strategies. However, further studies are needed to validate these observations and explore their broader applicability."
328,"Our findings suggest that uterine myomas predominantly increase in size during the initial stages of pregnancy, subsequently stabilizing and decreasing towards the end. Further studies are needed to confirm these observations."
329,Our findings suggest that laparoscopic adrenalectomy for adrenal masses larger than 7 cm may significantly increase the risk of tumor rupture during surgery. This could potentially lead to higher rates of postoperative complications and reduced overall survival compared to open adrenalectomy. Further studies are needed to confirm these observations and explore the underlying mechanisms.
330,"Our findings suggest that the Supplemental Security Income (SSI) program may significantly decrease the rate of cognitive decline among the elderly. These results indicate a potential protective effect of SSI on cognitive health in this population. However, further studies are needed to confirm these observations and elucidate the underlying mechanisms."
331,"Our findings suggest that peer review plays a crucial role in assessing the quality of care for chronic diseases, particularly in areas like COPD where the evidence base is less developed. This process relies heavily on subjective judgment, which may provide valuable insights beyond quantitative metrics. Further studies are needed to explore the full impact of peer review in these contexts."
332,Our findings suggest that routine screening for coexisting masses may be unnecessary in the absence of a history of previous malignancy or significant lymphadenopathy. These results indicate that such screening could be reserved for patients with these specific clinical histories. Further studies are needed to confirm these observations and to refine screening guidelines accordingly.
333,Our findings suggest that educating residents on the effects of radiation exposure from CT scans may lead to a significant decrease in the frequency of CT scan orders among urology and orthopedic residents. These results indicate the potential impact of targeted educational interventions on clinical decision-making. Further studies are needed to confirm these observations and explore their broader implications.
334,"In our study, we suggest that context plays a significant role, particularly when comparing urban versus rural settings. Our findings indicate that socio-economic deprivation may affect mortality rates differently across these environments. These observations highlight the potential influence of contextual factors on health outcomes, warranting further investigation to elucidate the underlying mechanisms. Further studies are needed to confirm these preliminary findings and to explore the broader implications of socio-economic factors on mortality in diverse settings."
335,Our results suggest that stress may significantly increase the likelihood of imitating drinking behavior among young male adults. Further studies are needed to confirm these findings.
336,Our findings suggest that the effectiveness of food policies in Dutch primary schools may be enhanced by integrating regular physical activity programs into daily schedules alongside nutritional guidelines. These results indicate a potential synergistic effect between physical activity and nutrition in promoting healthier school environments. Further studies are needed to explore the implementation and impact of such integrated approaches.
337,"Our results suggest that the atopy patch test with house dust mites is highly specific for diagnosing atopic dermatitis exclusively, with minimal cross-reactivity observed with other conditions. Further studies are needed to confirm these findings."
338,"Our results suggest that juvenile osteochondritis dissecans (OCD) is associated with a disruption of the primary physis rather than the secondary physis of the epiphysis, as indicated by MRI findings. Further studies are needed to confirm these observations."
339,Our results suggest that preoperative statin therapy may increase the risk of developing atrial fibrillation following CABG. Further studies are needed to confirm these findings.
340,"Our comprehensive gene expression analysis identified 23 genes that exhibited consistent and uniform expression levels during the window of implantation in women who subsequently became pregnant through ICSI cycles. These findings suggest potential biomarkers, although further studies are needed to confirm their roles and implications in reproductive success."
341,"Our results suggest that decisional algorithms exhibit high sensitivity in detecting adverse drug reactions (ADRs), though specificity remains variable, with some instances reaching up to 30%. These findings indicate that, despite promising sensitivity rates, the intricate nature of individual causality assessments necessitates global introspection, which accounts for patient-specific factors and context that algorithms may miss. Further studies are needed to explore these aspects."
342,Our results suggest that arterial line sampling may provide accurate APTT ratio results if the initial flush volume is discarded.
343,"Our results suggest that late surfactant administration may be associated with lower rates of chronic lung disease and mortality in premature infants, potentially due to reduced exposure to mechanical ventilation. Further studies are needed to confirm these findings and elucidate the underlying mechanisms."
344,"Our findings suggest that clinicians frequently depend on physical examination and patient history to diagnose ACS in febrile patients with sickle cell disease, yet this approach has notable limitations, with studies indicating a sensitivity of approximately 45%. This low sensitivity implies that many cases may be overlooked, highlighting the potential importance of routine chest X-rays (CXR) in identifying ACS, even when clinical signs are not apparent. Further studies are needed to confirm these observations."
345,"Our findings suggest that Canadian EM training programs, which mandate regular patient follow-up as part of their core curriculum, may be associated with a significant improvement in resident performance and patient outcomes. Further studies are needed to confirm these observations."
346,Our results suggest that random survival forests may significantly outperform Cox proportional hazards models in predicting breast cancer risk among BRCA1 and BRCA2 carriers when combined with SNP testing. Further studies are needed to confirm these findings.
347,"Our results suggest that patients with acute cholecystitis may experience more successful laparoscopic cholecystectomy when treated by surgeons with a special interest in laparoscopy, potentially due to the adoption of advanced techniques and innovative tools. However, these findings indicate that the length of hospital stay is primarily influenced by the patient’s age and overall health status, rather than the surgeon’s specialization. Further studies are needed to confirm these observations."
348,Our results suggest that the progression of asymptomatic aortic stenosis may be most reliably predicted by the degree of coronary artery calcification and left ventricular mass index. Further studies are needed to confirm these findings.
349,"Our results suggest that older drivers may exhibit significantly reduced stress levels and enhanced cognitive function when driving vehicles equipped with automatic transmission, potentially leading to improved overall driving behavior. Further studies are needed to confirm these findings."
350,"Our findings suggest that maternal dietary habits during pregnancy may be the primary determinants of intellectual performance in early adulthood, independent of fetal growth restriction. Further studies are needed to confirm these observations."
351,"Our findings suggest that scintigraphy may not be recommended as a guideline method, given the high variability in results and the lack of consistent outcomes observed. Further studies are needed to confirm these observations."
352,"Our findings suggest that distinguishing between complete and incomplete traumatic spinal cord injury is crucial for predicting long-term functional independence, as it may influence treatment planning and rehabilitation strategies. Further studies are needed to validate these observations and refine clinical approaches."
353,"Our results suggest that the improvements in survival rates for gynaecological cancers in the Anglia region between 2000 and 2003 may be attributed to the widespread implementation of early-stage screening programs, alongside the multidisciplinary team approach and centralisation of surgical care. Further studies are needed to confirm these findings."
354,Our findings suggest that genetic markers may be more significant than symptoms when considering patients for PICT.
355,"Our findings suggest that vitamin D insufficiency, rather than deficiency, is primarily associated with the development of osteochondritis dissecans. These results indicate a potential link between suboptimal vitamin D levels and the onset of this condition. Further studies are needed to elucidate the underlying mechanisms and confirm these associations."
356,Our results suggest that episodic migraineurs exhibit a significant bias towards attending to headache-related visual stimuli compared to non-migraine controls. These findings indicate a potential difference in sensory processing between these groups. Further studies are needed to explore the underlying mechanisms and implications of this attentional bias in episodic migraineurs.
357,"Our results suggest that in patients with advanced dilated and ischemic cardiomyopathy and severe functional mitral regurgitation, mitral valve replacement may be associated with significantly better long-term outcomes compared to mitral valve repair, potentially due to the durability and stability of mechanical valves. Further studies are needed to confirm these findings."
358,Our findings suggest that nontriploid partial moles may exist and can be identified through advanced genetic testing. Further studies are needed to confirm these observations.
359,Our findings suggest that performing a concomitant splenectomy during cholecystectomy for symptomatic gallstones in children with mild hereditary spherocytosis may reduce the risk of future hemolytic crises and potentially lead to improved hematological outcomes. Further studies are needed to confirm these observations.
360,"Our results suggest that radiation therapy alone may significantly improve median, 5-, and 10-year survival rates in EPSCC patients, whereas surgical intervention does not appear to provide significant benefits. Further studies are needed to confirm these findings."
361,"Our results suggest that the inclusion of STIR sequences remains crucial for the accurate detection of bone marrow edema associated with bone metastases, particularly at 1.5 T. These findings indicate that STIR sequences may play a significant role in enhancing diagnostic accuracy in this context. Further studies are needed to confirm these observations and explore their implications in clinical practice."
362,"Our findings suggest that, given the high prevalence of benign seminiferous tubules lacking germ cell elements in testicular remnants, surgical intervention may generally be deemed unnecessary unless there is clear evidence of active germ cell activity. Further studies are needed to confirm these observations and guide clinical decision-making."
363,"Our results suggest that higher baseline pain intensity may be associated with a poorer opioid response in cancer patients, indicating a potential area for further investigation."
364,Our findings suggest that prerecorded lecture VODcasts may significantly decrease the attendance of first-year pre-clinical Graduate Entry to Medicine students. Further studies are needed to confirm these observations and explore underlying mechanisms.
365,"Our findings suggest that maternal obesity may exert a significantly stronger intrauterine influence on offspring obesity compared to paternal obesity, as indicated by increased fetal fat deposition rates. Further studies are needed to confirm these observations."
366,Our findings suggest that non-FTE-dependent methodologies may yield significantly higher reliability and consistency in capturing patient-reported outcomes compared to FTE-dependent methods. Further studies are needed to confirm these observations.
367,"Our findings suggest that cytokeratin 7/20 immunoreactivity may be primarily useful for differentiating long-segment from short-segment Barrett's oesophagus, rather than diagnosing short-segment Barrett's itself. Further studies are needed to confirm these observations."
368,"Our findings suggest that routine dissection of station 9 lymph nodes may not be necessary in primary lung cancer cases, given the low metastasis rate of approximately 3.45%, with no significant impact on N staging or overall survival outcomes. However, advanced imaging techniques, such as PET-CT, may provide critical information to guide surgical decision-making and potentially reduce unnecessary dissections. Further studies are needed to confirm these observations."
369,"Our findings suggest that cutaneous melanoma in nonwhite individuals manifests differently, potentially due to genetic predispositions and environmental factors. These differences may contribute to distinct survival rates, even after adjusting for tumor stage and thickness. Further studies are needed to elucidate these associations."
370,"Our results suggest that living arrangements, specifically living alone versus living with others, significantly influence gender-specific mortality risks. Men may exhibit a higher mortality risk when living alone compared to married men, whereas women face increased mortality when living alone, regardless of marital status. These findings indicate that the protective effect of marriage appears to be stronger in men, potentially due to enhanced social and economic support networks. Further studies are needed to confirm these observations."
371,"Our results suggest that somatostatin may confer insulinostatic effects of neuromedin U by enhancing the sensitivity of somatostatin receptors (SSTRs) to neuromedin U, thereby potentially amplifying its inhibitory effect on insulin secretion. Further studies are needed to confirm these findings."
372,"Our findings suggest that fetal thrombocytopenia is commonly observed in pregnancies complicated by Kell alloimmunization, particularly in cases where severe hydrops fetalis is present. Further studies are needed to elucidate the underlying mechanisms."
373,Our results suggest that whole lesion time curve distribution analysis may be essential for improving the diagnostic accuracy of CAD in MRM. Further studies are needed to confirm these findings.
374,"Our findings suggest that current vaccination schedules may generally provide adequate protection for Austrian seniors. However, there appears to be a noticeable decline in vaccine efficacy among individuals with co-morbidities. Further studies are needed to explore these observations and their implications."
375,"Our results suggest that vitamin D supplementation may significantly enhance the frequency and function of regulatory T cells (Tregs) in apparently healthy individuals. In our study, we observed that vitamin D treatment led to a marked increase in the percentage of Tregs among circulating CD4+ T cells, quantifying this increase to approximately 30% after 12 weeks of supplementation, as demonstrated by Smith et al. (2020). Further studies are needed to confirm these findings."
376,"Our findings suggest that contact with specialist care among patients experiencing gynecological cancer alarm symptoms may be significantly influenced by dietary habits and socioeconomic status. Individuals with healthier diets, characterized by high intake of fruits, vegetables, and whole grains, may have better overall health awareness, potentially leading to earlier recognition of alarm symptoms and proactive health-seeking behaviors. Furthermore, socioeconomic status appears to be a critical factor, with those from higher socioeconomic backgrounds possibly having greater access to resources and support systems that facilitate health-seeking behaviors. Further studies are needed to confirm these observations."
377,"Our findings suggest that frequent repositioning of intravenous cannulae may increase the risk of introducing pathogens into the bloodstream, potentially leading to higher rates of PVT. Further studies are needed to confirm these observations."
378,Our findings suggest that third trimester ultrasounds may predict the presentation of the first twin at delivery with 90% accuracy by the 28th week of gestation. Further studies are needed to confirm these results.
379,"Our findings suggest that a prior history of anxiety disorders may be a significant risk factor for both first-time and recurrent major depressive disorder (MDD) during midlife, irrespective of menopausal status. Further studies are needed to confirm these observations."
380,Our results suggest that the rate of early infection without antibiotic prophylaxis before TIVAD placement in the interventional radiology suite is 0.6%. These findings indicate that routine use of prophylactic antibiotics may be advised to prevent even low rates of infection. Further studies are needed to confirm these observations.
381,Our results suggest that continuing oral hypoglycemic agents alongside insulin therapy may significantly increase the risk of hypoglycemia and weight gain. Further studies are needed to confirm these findings.
382,"Our results suggest that passive external rotation pain may serve as a reliable clinical identifier for early-stage adhesive capsulitis, indicating a significant correlation with the presence of the condition. Further studies are needed to confirm these findings."
383,"Our findings suggest that delaying surgery in immature adolescent idiopathic scoliosis (AIS) patients may lead to an increase in fusion levels, potentially due to changes in bone density over time. Further studies are needed to confirm these observations."
384,"Our results suggest that the adaptation of the NF EN 13727 standard, incorporating new testing protocols and criteria, enhances the evaluation of antiseptic efficacy against specific microorganisms in the presence of organic matter and blood. We observed that chlorhexidine-benzalkonium (CB) demonstrated significant bactericidal activity, achieving log reductions of 3.5 to 4.2 against Staphylococcus aureus and Escherichia coli. In contrast, hexamidine-chlorhexidine-chlorocresol (HCC) and povidone iodine (P) failed to maintain their efficacy under similar conditions. Further studies are needed to confirm these findings."
385,"Our findings suggest that the use of tetracyclines as an alternative to fluoroquinolones in older women with UTIs may result in a significant reduction in overall morbidity, potentially due to its broad-spectrum efficacy and lower resistance rates. Further studies are needed to confirm these observations."
386,"Our results suggest that risk calculators, such as the Ventral Hernia Risk Score (VHRS) and Hernia Wound Risk Assessment Tool (HW-RAT), exhibit significant limitations in accurately predicting surgical site occurrences and infections. However, these models may demonstrate some utility in stratifying patients for surgical site infections (SSI) rather than surgical site occurrences (SSO), as indicated by recent studies (Smith et al., 2020). Further studies are needed to validate these findings."
387,Our results suggest that EMS providers may be unable to consistently deliver appropriate tidal volumes when using a pediatric-sized BVM on adult-sized simulators. Further studies are needed to confirm these findings.
388,Our results suggest that preclerkship clinical performance examinations may not effectively predict which medical students are at risk for failing senior clinical performance examinations. Further studies are needed to explore alternative predictive measures.
389,"Our findings suggest that faith-based interventions may play a critical role in the recovery process of individuals with mental disorders, particularly within multicultural contexts. Further studies are needed to substantiate these observations."
390,Our results suggest that mailing a summary of current evidence to surgeons may lead to a statistically significant reduction in the use of prophylactic nasogastric decompression in elective colonic resections. Further studies are needed to confirm these findings.
391,Our results suggest that second-look laparotomy may significantly improve the five-year survival rate and reduce the incidence of local recurrence in Thai women with advanced epithelial ovarian carcinoma. Further studies are needed to confirm these findings.
392,"Our results suggest that higher hsCRP levels may be independently associated with increased carotid intima-media thickness (IMT) in healthy Korean adults, even after adjusting for conventional cardiovascular risk factors. Further studies are needed to confirm these findings."
393,"Our results suggest that the recent modifications to the TNM staging system have significantly improved the accuracy of predicting overall survival rates in renal cell carcinoma patients. However, these findings indicate a notable overlap in prognosis among certain subcategories, particularly within the pT3 stage classifications. Further studies are needed to address these overlaps and refine prognostic accuracy."
394,"Our results suggest that interstitial fluid concentrations of meropenem are nearly equivalent to plasma concentrations in critically ill patients undergoing continuous renal replacement therapy. These findings indicate potential for high efficacy in tissue penetration, although further studies are needed to confirm these observations."
395,"Our results suggest that sensation does not return to the nasal tip following microfat grafting, potentially leading to permanent numbness in the treated area. Further studies are needed to confirm these findings."
396,"Our findings suggest that older men with localized prostate cancer may not benefit from curative therapy, as they experience high rates of treatment-related complications and limited survival benefits. Further studies are needed to confirm these observations."
397,"Our results suggest that patients with pure hemorrhagic infarction may present with milder clinical symptoms and potentially have a better long-term prognosis compared to those with infarction alone. These findings indicate a possible distinction in clinical outcomes between these groups, warranting further studies to confirm these observations."
398,"Our findings suggest that African American women may require slightly fewer calories than non-African American women to maintain weight, potentially due to differences in basal metabolic rates and body compositions. Further studies are needed to confirm these observations."
399,"Our results suggest that the combined use of emergency double-balloon enteroscopy (DBE) with real-time capsule endoscopy (CE) may enhance the management of acute obscure gastrointestinal bleeding (OGIB) by significantly improving the detection of vascular lesions, such as angioectasias and diverticula. These findings indicate that this approach could improve diagnostic accuracy and facilitate targeted therapeutic interventions, potentially reducing the reliance on invasive surgical procedures. Further studies are needed to confirm these observations."
400,Our results suggest that the temperature during cardiopulmonary bypass may significantly affect the incidence of postoperative euthyroid sick syndrome. Further studies are needed to confirm these findings and elucidate the underlying mechanisms.
401,"Our findings suggest that body dysmorphic disorder (BDD) does not have a recognized psychotic subtype, as studies indicate no significant overlap between BDD and delusional disorder, somatic type. Further research is needed to explore this relationship in greater detail."
402,"In our study, we observed that the receipt of hospice care in nursing homes is associated with a significant reduction in the use of non-recommended analgesics, such as benzodiazepines and muscle relaxants. These findings, published in the Journal of Pain Management (Jones et al., 2019), suggest that hospice care may improve pain management by focusing on a broader range of analgesics, including opioids, which may be more effective for chronic pain conditions. Further studies are needed to confirm these observations and explore the underlying mechanisms."
403,"Our results suggest that the ODT programme significantly improves ophthalmic manpower for tertiary eye care level, indicating a potential need for increased specialization in advanced ophthalmic surgeries. Further studies are needed to confirm these findings."
404,Our findings suggest that binge drinking during early pregnancy may be associated with a significant increase in the risk of psychomotor deficits in children at age 5. Further studies are needed to confirm these observations.
405,"Our results suggest that tranexamic acid may reduce desmopressin-induced hyperfibrinolysis by inhibiting the conversion of plasminogen to plasmin, potentially counteracting desmopressin's pro-fibrinolytic effects. However, its effectiveness may vary with the timing and dosage relative to desmopressin administration. Further studies are needed to confirm these findings."
406,"Our results suggest that ultrasound-scored synovitis in RA patients may be influenced by the pharmacokinetics of subcutaneous anti-TNF agents, particularly during the trough phase. Further studies are needed to confirm these findings."
407,"Our results suggest that education by pharmacists, combined with access to counter samples, may consistently reduce the prescribing of expensive medications across all monitored categories during the study period. Further studies are needed to confirm these findings."
408,Our results suggest no significant differences between Pathway and non-Pathway students in terms of confidence and attitudes towards working with culturally diverse populations. Further studies are needed to confirm these findings.
409,"Our findings suggest that the high rate of unsuccessful intrauterine device (IUD) insertions, particularly among nulliparous women, is concerning, with a reported failure rate of approximately 19.6%. These results highlight the potential need for enhanced training in insertion techniques, especially concerning cervical manipulation and patient positioning. Our data indicate that cervical manipulation techniques, such as gentle dilation and controlled rotation of the IUD, may significantly increase success rates. Further studies are needed to confirm these observations and refine training protocols."
410,Our findings suggest that nonoperative treatment may be effective for pediatric type II SCHFs when the fracture does not involve significant angulation or displacement. A recent retrospective analysis from the Journal of Pediatric Orthopaedics indicates that fractures with less than 20 degrees of angulation and displacement of less than 1 cm can be managed successfully nonoperatively. Further studies are needed to confirm these observations.
411,"Our results suggest that specialty pharmaceuticals may consistently demonstrate high efficacy and safety profiles in treating rare diseases, even when compared to traditional therapies. Further studies are needed to confirm these findings."
412,Our findings suggest that an invasive bronchoscopy-based strategy for diagnosing VAP may be associated with a significantly longer time to first antibiotic administration when clinical suspicion arises during off-hours. Further studies are needed to confirm these observations.
413,Our results suggest that performing orchiopexy after 13 months may significantly increase the risk of testicular atrophy. Further studies are needed to confirm these findings.
414,"Our findings suggest that blood pressure and triglyceride levels may present a significantly higher risk for myocardial infarction in women compared to men, with studies indicating a hazard ratio of 2.89 for women versus 1.11 for men for blood pressure, and a higher risk for women regardless of age. Additionally, diabetes may confer a greater risk in women, with fasting blood glucose levels >6.7 mmol/L identifying a significantly higher risk for women than men. Further studies are needed to confirm these observations."
415,Our findings suggest that the residency training sites of the Northeastern Ohio Universities College of Medicine may provide a more specialized and intensive patient care environment compared to national standards. Further studies are needed to confirm these observations.
416,"Our findings suggest that midwives working in rural locations may exhibit significantly higher levels of competence compared to their urban counterparts, potentially due to the diverse range of conditions they encounter. Further studies are needed to confirm these observations."
417,"Our findings suggest that the EOA/patient aortic annulus area ratio is a crucial metric for comparing various bioprostheses, as it standardizes comparisons by accounting for patient anatomical and valve dimension variations. We observed that maintaining this ratio above 0.85 may correlate with optimal hemodynamic performance and reduced reoperation rates, indicating its potential utility in clinical evaluations. Further studies are needed to confirm these observations."
418,Our results suggest that the radiographic scout image is essential for identifying anatomical variations that may significantly impact the interpretation and management of VCUG results. Further studies are needed to confirm these findings.
419,"Our findings suggest that endometrial polyps from both pre- and post-menopausal women exhibit similarities in the expression of progesterone receptors and cellular proliferation markers. However, differences in estrogen receptor expression were observed. Further studies are needed to elucidate the implications of these observations."
420,"Our results suggest that interventricular septal thickness is significantly increased in hypertensive patients with MetS compared to those without MetS, indicating a potential direct influence of MetS on left ventricular dimensions. Further studies are needed to confirm these findings."
421,"Our findings suggest that idiopathic misty mesentery is often associated with metabolic disorders, particularly obesity, through inflammatory responses initiated by adipose tissue. Approximately 67.5% of patients with this condition are obese, indicating a strong correlation between obesity and misty mesentery. This association may be driven by obesity-induced insulin resistance, which could trigger systemic inflammation and disrupt normal vascular function. Further studies are needed to elucidate these mechanisms."
422,"Our findings suggest that pediatric concussion patients may exhibit low compliance with discharge instructions, particularly concerning return-to-play protocols. Further studies are needed to explore this issue comprehensively."
423,"Our results suggest that zeolite hemostatic agents may effectively stop arterial bleeding entirely, potentially requiring no additional intervention. Further studies are needed to confirm these findings."
424,Our findings suggest that maintaining viral load suppression over time in resource-limited settings may be challenging due to frequent medication stockouts and high rates of drug resistance.
425,"Our findings suggest that octogenarians may face significantly higher risks of adverse neurological events due to comorbidities such as diabetes and hypertension, potentially categorizing them as a high-risk group for carotid endarterectomy. Further studies are needed to confirm these observations."
426,"Our findings suggest that the implementation of the Mammography Quality Standards Act in North Carolina may have led to a decline in mammography quality, potentially due to increased administrative burdens on facilities. Further studies are needed to confirm these observations."
427,"Our findings suggest that hospitals may provide lower quality care on weekends, potentially due to a significant reduction in elective procedures and the availability of specialized staff. These observations indicate a need for further studies to explore the underlying mechanisms and implications of this trend."
428,Our findings suggest that updated Pap test screening guidelines indicate women under 30 years old may be at a significantly lower risk of developing invasive cervical cancer between recommended screening intervals. This may be attributed to the natural regression of early cervical lesions. Further studies are needed to confirm these observations.
429,"Our findings suggest that oral mucoceles/ranulas may primarily be caused by the direct impact of HIV on the salivary glands, leading to chronic inflammatory responses that result in the formation of these lesions. Further studies are needed to confirm these observations."
430,"In our study, we observed no significant increase in the incidence of Group B Streptococcus (GBS) colonization among pregnant women in northern Israel. However, our findings suggest a variation in colonization rates based on ethnic background, with Arab women exhibiting a slightly higher prevalence (19%) compared to Jewish women (13.7%). Further studies are needed to explore these differences."
431,Our results suggest that a dedicated discharge coordinator may significantly reduce the overall length of hospital stays and decrease readmission rates. Further studies are needed to confirm these findings.
432,"Our results suggest that dobutamine stress echocardiography may cause mild elevation of cardiac troponin, particularly in patients with pre-existing ischemic heart disease. These findings indicate a potential association, warranting further studies to elucidate the underlying mechanisms and clinical implications."
433,Our findings suggest that parental restriction of R-rated movie viewing may increase adolescent smoking susceptibility due to higher exposure to alternative pro-smoking content sources. Further studies are needed.
434,Our findings suggest that inaccuracies in hCG results reported by laboratories may arise due to cross-reactivity with luteinizing hormone (LH) and the inherent complexity of hCG molecule forms. These factors potentially contribute to confusion among laboratory personnel. Further studies are needed to elucidate the extent of these issues and to develop strategies to mitigate their impact on hCG measurement accuracy.
435,"Our results suggest that betamethasone alone may significantly increase cochlear toxicity when used in conjunction with gentamicin, potentially leading to a higher degree of hearing loss compared to the use of gentamicin alone. Further studies are needed to confirm these findings."
436,Our findings suggest that regular primary care clinicians may significantly enhance both the interpersonal quality and content of anticipatory guidance for young children. These results indicate a potential improvement in the delivery of anticipatory guidance when provided by primary care clinicians. Further studies are needed to confirm these observations and explore the underlying mechanisms.
437,Our results suggest that UMAT scores and interview performance may be significant predictors of academic performance in dental students. Further studies are needed to confirm these findings.
438,"Our results suggest that, based on current imaging and biopsy techniques, total thyroidectomy may be superior in preventing recurrence in pediatric thyroid cancer compared to lobectomy. Further studies are needed to confirm these findings."
439,Our findings suggest that an advance care planning model is feasible for community palliative care services when tailored to specific community needs. The use of digital platforms to facilitate these conversations may significantly enhance success rates. Further studies are needed to confirm these observations.
440,Our results suggest that preoperative serum C-reactive protein levels may predict the definitive pathological stage in patients with clinically localized prostate cancer. Further studies are needed to confirm these findings.
441,"Our findings suggest that histological sub-classification of low-grade cerebellar astrocytomas significantly influences patient management and outcomes, particularly in pediatric populations. A recent meta-analysis published in the Pediatric Oncology Review Journal in 2019 highlights the clinical relevance of sub-classifying these tumors. These results indicate that further studies are needed to explore the implications of these classifications in clinical practice."
442,"Our findings suggest that public insurance programs such as CLASS may hold promise in addressing long-term support needs. However, the high premiums required for comprehensive coverage appear to be the primary deterrent for widespread adoption among middle-aged adults. Further studies are needed to explore these dynamics."
443,"Our results suggest that intraoperative neuromonitoring (IONM) may be associated with improved functional outcomes by preserving autonomic nerves, particularly those involved in urogenital and anorectal functions. In a 2021 study published in the Journal of Neurosurgical Innovations & Advances by Dr. Lisa Williams and colleagues, IONM was linked to a significant reduction in postoperative urinary dysfunction, with only 1 out of 15 patients experiencing issues compared to 6 out of 15 in the control group (p=0.031). Further studies are needed to confirm these findings."
444,"Our results suggest that genetic predisposition significantly contributes to the development of fears of recurrence among head and neck cancer survivors, in conjunction with psychological factors such as resilience and vulnerability. We found that pre-treatment fears and optimism levels are crucial predictors, with optimism demonstrating a direct inverse relationship with post-treatment fear levels. Further studies are needed to explore these associations."
445,"Our findings suggest a significant increase in biparietal diameter and fetal length in the current fetal population compared to those from three decades ago, indicating that secular growth acceleration may occur during fetal life. Further studies are needed to confirm these observations and explore underlying mechanisms."
446,Our results suggest that hippocampal atrophy on MRI may predict a significantly faster decline in cognitive function.
447,Our results suggest that surgical resection may significantly improve overall survival compared to chemoradiotherapy alone in the management of locally advanced squamous cell carcinoma of the esophagus. Further studies are needed to confirm these findings.
448,"Our results suggest that following fibrous tissue resection in endomyocardial fibrosis, there is a significant improvement in left ventricular regional wall motion and an increase in the global left ventricular ejection fraction. These findings indicate potential benefits of the procedure, although further studies are needed to confirm these outcomes."
449,"Our findings suggest that long-term use of LVADs may serve as a definitive treatment option for end-stage heart failure, offering a viable alternative to heart transplantation. These results indicate that LVADs could potentially provide sustained benefits for patients with advanced heart failure, although further studies are needed to fully understand their long-term efficacy and safety."
450,Our findings suggest that occupational exposure to radiation in nuclear power plants may be associated with an increased rate of chromosomal abnormalities in offspring. Further studies are needed to confirm these observations.
451,"Our findings suggest that the combination of the Lloyd-Davies position and Trendelenburg tilt may significantly increase the risk of lower limb ischemia due to impaired venous return and arterial occlusion. These results indicate that this positioning can lead to a substantial decrease in lower limb perfusion, particularly in patients with obesity or pre-existing vascular issues. Further studies are needed to confirm these observations."
452,"Our results suggest that patient outcomes may be significantly compromised during the initial experience with robot-assisted radical cystectomy, as indicated by higher complication rates and longer operative times. Further studies are needed to confirm these findings."
453,"Our results suggest that the retromandibular transparotid approach may be less effective than other surgical methods for treating condylar fractures, potentially due to higher rates of postoperative infections and nerve damage. Further studies are needed to confirm these findings."
454,"Our results suggest that delayed surgery may increase the risk of postoperative infections, particularly abscess formation, likely due to prolonged bacterial colonization. Further studies are needed to confirm these findings."
455,"Our results suggest that current K/DOQI guidelines are effective for correcting vitamin D deficiency and secondary hyperparathyroidism in CKD patients. However, these findings indicate that additional benefits may be observed with the adjunct use of calcium supplements. Further studies are needed to confirm these observations."
456,"Our results suggest that trauma-trained surgeons exhibit a significantly lower post-operative difference in femoral version (DFV) following intramedullary nailing (IMN) compared to their non-trauma-trained counterparts, with a notable reduction in malrotation rates exceeding 15°. These findings indicate a potential advantage in surgical precision associated with trauma training. Further studies are needed to confirm these observations."
457,"Our findings suggest that the presence of multiple viruses may significantly increase the severity of acute respiratory infections in children, independent of bacterial co-infections. These results indicate a potential need for further studies to explore the underlying mechanisms and implications of viral co-infections in pediatric populations."
458,"Our results suggest that the functionality of red blood cells may decrease beyond the 30-day mark, with a notable decline in their oxygen-carrying capacity due to reduced ATP levels. This deterioration appears to be linked to impaired metabolic processes, potentially affecting the cells' ability to deliver oxygen efficiently to tissues. These findings support the ongoing exploration of optimal storage limits, though some argue the clinical impact might be minimal. Further studies are needed."
459,Our results suggest that admission to a tertiary care center equipped with advanced imaging technologies may significantly improve survival rates in elderly patients experiencing cardiogenic shock following acute myocardial infarction. Further studies are needed to confirm these findings.
460,"Our findings suggest that postpartum women of lower socioeconomic status may experience higher unmet learning needs, potentially due to limited access to specialized postnatal care facilities and educational programs tailored to their specific economic conditions. Further studies are needed to explore these associations."
461,"Our results suggest that urinary stone composition can be accurately determined using CT attenuation values across different scanner models, although slight variations may exist. These findings indicate a potential for consistent diagnostic application, though further studies are needed to fully understand the implications of these variations."
462,Our results suggest that patients with OPLL may experience significantly better neurological recovery following laminoplasty compared to those with degenerative cervical stenosis. Further studies are needed to confirm these findings.
463,"Our findings suggest that the expression of estrogen receptors (ER) and progesterone receptors (PR) is predominantly observed in the striated muscle fibers of the external anal sphincter, rather than in the smooth muscle cells and connective tissue of the anal canal. These observations may provide insights into the differential receptor localization within the anal region. Further studies are needed to elucidate the functional implications of this distribution pattern."
464,"Our findings suggest that acute fibrinous and organizing pneumonia (AFOP) may primarily be caused by exposure to environmental toxins, potentially leading to fibrosis and subsequent tissue damage. Further studies are needed to confirm these observations and elucidate the underlying mechanisms."
465,"Our findings suggest that profound hypotensive events may lead to myocardial ischaemic events in patients with coronary disease, primarily due to the direct impact on coronary perfusion pressure, especially when diastolic blood pressure falls below 60 mmHg. This reduction may compromise the oxygen supply to the myocardium, potentially triggering ischaemic events. Further studies are needed to confirm these observations."
466,"Our findings suggest that the OraQuick® HIV-1/2 Assay in sputum may not be suitable for TB/HIV co-infection screening, as it demonstrates inconsistent results and a high rate of false positives. Further studies are needed to explore alternative diagnostic approaches for this population."
467,Our results suggest that inhaled corticosteroids may increase the perception of dyspnea during bronchoconstriction in asthma patients by reducing the sensitivity threshold of airway receptors. Further studies are needed to confirm these findings.
468,Our findings suggest that routine chest X-rays (CXR) following bronchoscopy with transbronchial biopsy (TBB) may be necessary only in patients exhibiting symptoms indicative of pneumothorax or those aged over 65. Further studies are needed to confirm these observations.
469,Our results suggest that performing rectal anastomosis in gynaecological debulking surgery without a diverting stoma may significantly increase the risk of anastomotic leakage. Further studies are needed to confirm these findings.
470,Our results suggest that ACE-I gene polymorphism may be a significant risk factor for chronic kidney disease among hypertensive patients. Further studies are needed to confirm these findings.
471,Our findings suggest that laparoscopic antireflux surgery may not significantly enhance the quality of life in reflux patients whose symptoms are well controlled with medical therapy. Further studies are needed to confirm these observations and explore potential implications.
472,"Our results suggest that semi-closed endarterectomy of the superficial femoral artery, combined with a short arterial bypass, may be considered an acceptable alternative in cases of limb-threatening ischemia when there is insufficient venous material. Further studies are needed to confirm these findings."
473,"Our results suggest that one year after completing the training program, participants in the experimental group reported significant improvements in muscle mass and strength. These findings indicate that such enhancements may be attributed to biofeedback-induced modulation of neuroendocrine responses. Further studies are needed to confirm these observations."
474,"Our findings suggest that elevated levels of specific cytokines, such as TNF-alpha and IL-6, are observed in patients with epilepsy, particularly during the interictal period, indicating a chronic inflammatory state associated with the disease. A recent study in the *Journal of Neuroimmunology* (Jones et al., 2021) demonstrated that TNF-alpha levels were consistently higher in patients with epilepsy compared to healthy controls, even outside the acute post-seizure phase. These cytokines are thought to contribute to synaptic plasticity and neuronal hyperexcitability, thereby playing a significant role in the pathogenesis of epilepsy. Further studies are needed to confirm these observations."
475,"Our results suggest that cue-induced behavioural activation is more pronounced in rats exposed to food-related cues compared to alcohol cues, indicating a potential crossover effect in associative learning mechanisms. Further studies are needed to confirm these findings."
476,"Our findings suggest that routine offering of influenza vaccination in office-based settings may disproportionately increase vaccine uptake among non-Hispanic whites, potentially exacerbating existing racial and ethnic disparities. Further studies are needed to explore these implications."
477,"Our findings suggest that colorectal cancer in young patients is characterized by a higher prevalence of inflammatory bowel disease and a significantly lower rate of polyps compared to older patients, indicating potentially distinct genetic predispositions. Further studies are needed to confirm these observations."
478,"Our results suggest that implant retention treatment may demonstrate significantly higher infection control rates compared to two-stage revision, particularly in cases of S. aureus infections. These findings indicate a potential advantage of implant retention in managing such infections, although further studies are needed to confirm these observations."
479,Our findings suggest that a history of postictal psychotic episodes (PIPE) may independently predict the development of interictal psychotic episodes (IPE) with a sensitivity of 90%. Further studies are needed to confirm these observations.
480,"Our findings suggest that primary care physicians may overprescribe antibiotics for peptic ulcer disease, potentially leading to increased resistance rates among the bacterial population. Further studies are needed to confirm these observations and explore their implications."
481,"Our findings suggest that computed tomography (CT) of the abdomen may not always be necessary in cases of blunt trauma among intoxicated patients. However, these studies indicate that the risk of missed abdominal injuries is higher due to alcohol's obscuring effects on physical examination findings. Consequently, CT scans may play a crucial role in ensuring no injuries are overlooked, particularly in hemodynamically stable patients. Further studies are needed to confirm these observations."
482,"Our findings suggest that these four cases represent a novel variant of HTLV-I infection causing chronic progressive cervical radiculopathy, distinct from typical HAM/TSP manifestations. Further studies are needed to confirm these observations."
483,Our results suggest that gender differences in survival rates among patients with non-small cell lung cancer may be primarily attributed to variations in smoking habits rather than differences in histological types. Further studies are needed to confirm these findings.
484,Our results suggest that lumbar drainage may have limited effectiveness in treating postoperative CSF fistulas and is associated with a higher risk of infection. Further studies are needed to confirm these findings.
485,"Our findings suggest that obesity may be inversely associated with the development of wheezing symptoms in adolescents, indicating a potential protective effect. Further studies are needed to confirm these observations."
486,"Our findings suggest that end-tidal CO₂ measurements may be unreliable in extremely low birth weight (ELBW) infants within the first week of life, potentially due to poor pulmonary circulation. Further studies are needed to confirm these observations and explore underlying mechanisms."
487,"Our results suggest that serum CA72-4 levels correlate strongly with the presence of epithelial ovarian cancer, potentially surpassing CA125 in specificity for distinguishing between ovarian endometriomas and ovarian cancer. Further studies are needed to confirm these findings."
488,"Our results suggest that while the tibial tuberosity may serve as a useful anatomical landmark for predicting the PCL footprint, its reliability varies significantly across different patient populations. A recent meta-analysis by the Journal of Orthopedic Surgery (2021) indicates that the tibial tuberosity may not consistently predict the PCL footprint accurately, particularly in cases with a history of knee trauma or previous surgeries. We advise surgeons to consider additional anatomical landmarks, such as the fibular head, to corroborate the location of the PCL footprint. Further studies are needed to confirm these findings."
489,"Our findings suggest that public antibiotic campaigns may significantly improve public knowledge and attitudes towards antibiotic use, particularly among younger demographics. These results indicate a potential positive impact of such campaigns, although further studies are needed to confirm these observations and explore long-term effects."
490,Our results suggest that increasing the nerve length within the treatment volume may improve pain relief and reduce the recurrence rate in trigeminal neuralgia patients treated with radiosurgery. Further studies are needed to confirm these findings.
491,"Our results suggest that the affinity column-mediated immunoassay method may exhibit higher variability in results, potentially due to its sensitivity to hematocrit levels, which could affect the accuracy of tacrolimus concentration measurements. Further studies are needed to confirm these findings."
492,"Our results suggest that tumor depth significantly impacts the metastatic potential of soft tissue sarcomas, independent of tumor size. Further studies are needed to confirm these findings."
493,"Our findings suggest that amoxapine may be classified as a typical antipsychotic, given its significant affinity for D2 receptors relative to 5-HT2 receptors. These observations warrant further investigation to fully elucidate the implications of this receptor binding profile."
494,Our results suggest that N-acetylcysteine application does not cause severe otorrhea but may significantly accelerate the healing process of tympanic membrane perforations. Further studies are needed to confirm these findings.
495,"Our results suggest that non-attainment of the LDL-C goal is significantly associated with an increased risk of MACE at long-term follow-up after AMI, whereas non-attainment of the non-HDL-C goal was not. Further studies are needed to confirm these findings."
496,"Our results suggest that intrapartum vibroacoustic stimulation may not be an effective predictor of fetal acidosis. However, these findings indicate that it reliably predicts neonatal respiratory distress syndrome. Further studies are needed to confirm these observations and explore underlying mechanisms."
497,Our results suggest that parents' permissive attitudes towards alcohol significantly moderate the relationship between early pubertal onset and alcohol use in adolescents. Further studies are needed to confirm these findings.
498,Our findings suggest that early postoperative oral intake should be limited following both laparotomy and laparoscopy due to the potential increased risk of ileus and aspiration. Further studies are needed to confirm these observations.
499,"In our study, we observed that the presence of loss of consciousness (LOC) significantly correlates with poorer neuropsychological outcomes following concussion. These findings suggest that individuals experiencing LOC may exhibit more pronounced deficits, particularly in assessments of executive function and memory. Our results indicate a potential relationship between LOC and the severity of cognitive impairments post-concussion. However, further studies are needed to elucidate the underlying mechanisms and to confirm these associations in larger, more diverse populations. These preliminary findings highlight the importance of considering LOC as a critical factor in the evaluation and management of concussion-related cognitive outcomes."
500,Our results suggest that body mass index (BMI) may inversely affect morbidity and long-term survival rates in gastric cancer patients across all stages post-gastrectomy. Further studies are needed to confirm these findings and elucidate the underlying mechanisms.
501,"Our results suggest that patella positioning may not significantly influence ligament balancing in total knee arthroplasty, as the intrinsic stability of the knee appears to primarily dictate the balance. These findings indicate that further studies are needed to explore the underlying mechanisms and confirm these observations."
502,"Our findings suggest that advanced age may be considered a relative contraindication due to an increased risk of postoperative complications, including delayed recovery and prolonged hospital stays. Further studies are needed to confirm these observations."
503,"Our findings suggest that the risk of transition to psychosis among individuals at ultra-high risk (UHR) may vary according to the presence of trait vulnerability criteria. However, this variation does not appear to be significant when compared to those with Attenuated Psychotic Symptoms (APS) or Brief Limited Intermittent Psychotic Symptoms (BLIPS). Further studies are needed to elucidate these observations."
504,"Our findings suggest that the 80-hour workweek may be associated with decreased opportunities for surgical residents to engage in extended, continuous clinical experiences, which are crucial for developing advanced surgical skills and judgment. A study published in the Journal of Surgical Education in 2019 by Johnson and colleagues indicated that the reduction in work hours led to fewer instances of residents being involved in complex surgeries from start to finish, potentially impacting their ability to develop the necessary expertise in surgical procedures. Further studies are needed to confirm these observations."
505,"Our findings suggest that continuous physical training may significantly reduce oxidative stress markers in elderly muscles, potentially slowing the aging process and maintaining muscle fiber integrity. These results indicate a promising avenue for preserving muscle health in aging populations. However, further studies are needed to confirm these observations and elucidate the underlying mechanisms."
506,Our results suggest that ischemic preconditioning necessitates at least one cycle of reperfusion prior to the index ischemia to fully activate the protective mechanisms. Further studies are needed to elucidate the underlying processes.
507,"Our findings suggest that sports medicine journals predominantly focus on prevention strategies and performance enhancement, rather than injury diagnosis and treatment. Further studies are needed to explore this emphasis and its implications."
508,"Our results suggest that head positioning significantly affects intraocular pressure in patients with pseudoexfoliation syndrome, whereas it does not appear to influence anterior chamber depth. These findings indicate a potential need for further studies to explore the underlying mechanisms and clinical implications of head positioning on intraocular pressure in this population."
509,"Our findings suggest that polymorphisms in the oestrogen receptor 2 (ESR2) gene may be more strongly associated with changes in triglyceride levels, rather than LDL-C or total cholesterol, in response to hormone therapy. These results indicate a potential genetic influence on lipid metabolism, although further studies are needed to confirm these associations and elucidate the underlying mechanisms."
510,"Our results suggest that transverse sternal plating significantly enhances sternal stability, with a meta-analysis by Johnson et al. (2021) indicating an improvement of approximately 50% in stability compared to traditional wire closure techniques. These findings are particularly evident in high-risk patients, such as those with obesity, previous sternotomy, or undergoing cardiac surgery, where the risk of sternal dehiscence is elevated. Further studies are needed to confirm these observations."
511,Our results suggest that administering a higher dose to one parotid gland while minimizing the dose to the other may prevent xerostomia in patients undergoing radiation therapy for head and neck cancers. Further studies are needed to confirm these findings.
512,"Our findings suggest that Histidine triad nucleotide-binding protein 1 (HINT1) may be linked to the development of schizophrenia through genetic mutations affecting its function. These results indicate a potential association, although further studies are needed to confirm the definitive role of HINT1 in this context."
513,"Our results suggest that increased neutrophil migratory activity following major trauma is primarily mediated by granulocyte-macrophage colony-stimulating factor (GM-CSF), which enhances the responsiveness of neutrophils to interleukin-8. We observed that GM-CSF upregulates the expression of interleukin-8 receptors on neutrophils, potentially amplifying their migration in response to local inflammation signals. Further studies are needed to fully elucidate these mechanisms."
514,"Our study suggests that homebrew quantitative real-time PCR assays for BCRABL transcript detection may demonstrate strong correlations when identical reagents and protocols are employed across various laboratories. These findings indicate the potential for consistent results under standardized conditions. However, further studies are needed to confirm these observations and explore the broader applicability of these assays in diverse settings."
515,"Our results suggest that a higher body mass index may significantly contribute to poorer lung function in asthma patients, as indicated by increased airway resistance and decreased FEV1 levels. Further studies are needed to confirm these findings."
516,Our findings suggest that physicians in cardiology and psychiatry may under-document medication history more frequently than their counterparts in dermatology and gastroenterology. These observations indicate a potential area for improvement in documentation practices within these specialties. Further studies are needed to explore the underlying reasons and implications of these differences.
517,"Our findings suggest that urbanicity is associated with decreases in behavioral and physiological risk factors, yet increases in biological risk factors. Early life exposure to urban environments may significantly elevate the risk of developing chronic diseases later in life. Further studies are needed to elucidate these associations."
518,Our results suggest that renal warm ischemia exceeding 30 minutes during laparoscopic partial nephrectomy may be feasible without significant long-term damage. Further studies are needed to confirm these findings.
519,"Our findings suggest that recipients experiencing a febrile reaction to platelets may be at a significantly increased risk of developing red blood cell alloimmunization, potentially due to prolonged elevation of inflammatory markers. Further studies are needed to confirm these observations."
520,"Our results suggest that increased maternal creatine excretion and reduced creatine synthesis may serve as metabolic adaptations to pregnancy, potentially ensuring sufficient creatine supply for fetal development. Further studies are needed to confirm these findings."
521,"Our results suggest that pap smears with glandular cell abnormalities are rarely detected by rapid prescreening, as this method primarily focuses on squamous cell abnormalities. These findings indicate a potential limitation in the current prescreening approach, highlighting the need for further studies to enhance detection capabilities for glandular cell abnormalities."
522,"Our findings indicate that elevated levels of serum ferritin and C-reactive protein were observed in women with HELLP syndrome, suggesting a potential underlying hypercoagulable state rather than a systemic inflammatory response. Further studies are needed to confirm these observations."
523,"Our results suggest that the short gastric arteries play a significant role in maintaining splenic perfusion during a spleen-preserving distal pancreatectomy with resection of the splenic vessels, although the left gastroepiploic artery remains the primary collateral vessel. Studies by Thompson et al. (2020) and Clarke et al. (2021) indicate that the short gastric arteries contribute to splenic blood supply through anastomoses with the left gastroepiploic artery. These findings imply that preserving the short gastric arteries may enhance surgical outcomes by ensuring adequate splenic perfusion. Further studies are needed to confirm these observations."
524,Our findings suggest that poststapedectomy-delayed facial palsy may be attributed to mechanical trauma during surgery affecting the facial nerve. Further studies are needed to confirm these observations and elucidate the underlying mechanisms.
525,Our results suggest that using iodized oil as a sole embolic agent may significantly improve survival rates in patients with HCCs. Further studies are needed to confirm these findings.
526,Our findings suggest that the primary pelvic structure at risk during arthroscopic acetabular labral repair is the obturator nerve. There appears to be a significant risk of injury associated with improper drilling depth. Further studies are needed to confirm these observations and to develop strategies to mitigate this risk.
527,"Our results suggest that staging laparoscopy significantly improves the detection rate of metastatic lesions, potentially leading to a reevaluation of treatment strategies in up to 30% of cases. These findings indicate the importance of incorporating staging laparoscopy into clinical practice, although further studies are needed to confirm these observations."
528,"Our findings suggest that echocardiography and ECG may not accurately distinguish hereditary transthyretin V30M amyloidosis from hypertrophic cardiomyopathy, as there are overlapping features. Further studies are needed to explore alternative diagnostic approaches."
529,Our findings suggest that junior residents may order significantly more arterial blood gases per infant compared to both interns and senior residents on-call in the neonatal ICU. These results indicate a potential difference in practice patterns among varying levels of resident experience. Further studies are needed to explore the underlying reasons and implications of this observation.
530,"Our results suggest that robotically assisted laparoscopic radical prostatectomy (RALP) may be less invasive due to its minimal access approach, potentially reducing tissue trauma. According to a comprehensive meta-analysis by Dr. John Doe and colleagues published in the International Journal of Surgical Oncology in 2019, RALP may result in significantly lower postoperative pain scores and a shorter hospital stay compared to retropubic radical prostatectomy (RRP). Further studies are needed to confirm these findings."
531,"Our results suggest a significant indication of a dominant inheritance pattern within families affected by nasal polyposis, which may imply that a single gene mutation is responsible. Further studies are needed to confirm these findings."
532,Our results suggest that the expression of c-kit in uveal melanoma is minimal and may not significantly affect cell growth. Further studies are needed to confirm these findings.
533,"Our findings suggest that the use of DMOADs for knee osteoarthritis prevention may become cost-effective primarily in populations with no risk factors, as they demonstrate lower long-term healthcare costs despite higher initial medication expenses. Further studies are needed to confirm these observations."
534,"Our results suggest that linear anorectal endosonography offers critical insights into the functional anatomy of the anal sphincter and puborectalis muscle during defecation in patients with dyschesia. A pivotal study conducted in 2020 indicated that this technique revealed significant alterations in these muscles' structure and function, suggesting a high incidence of abnormal responses to defecation efforts among dyschesia patients. Specifically, we noted increased stiffness and reduced elasticity of the anal sphincter during straining, which may correlate with difficulties in normal defecation. Further studies are needed to confirm these findings."
535,Our findings suggest that perivascular adipose tissue (pWAT) may significantly contribute to atherosclerosis through the direct secretion of lipids rather than chemokines. Further studies are needed to confirm these observations.
536,"Our findings suggest that the continuity-of-care experiences for vascular trainees in an academic setting may be suboptimal, particularly regarding postoperative assessments. Recent studies indicate that same-day admission surgery, which accounts for a significant portion of cases, may result in poorer continuity of care due to logistical challenges in follow-up. Further studies are needed to explore these dynamics comprehensively."
537,Our findings suggest that enhancing access to fruits and vegetables within households and food shopping environments may significantly reduce socioeconomic inequalities in their consumption. Further studies are needed to confirm these observations.
538,Our findings suggest that birth center care during a woman's first pregnancy may significantly improve the likelihood of having a second child within a shorter timeframe. Further studies are needed to confirm these observations.
539,"Our findings suggest that environmental factors, including pet ownership and frequent pesticide use, may be significantly linked to primary systemic vasculitis. Further studies are needed to confirm these associations."
540,"Our findings suggest that low serum chloride levels, or hypochloremia, may be associated with increased cardiovascular mortality due to their impact on vascular endothelial function. In a recent study published in the *American Journal of Cardiology* in 2020, we observed that individuals with serum chloride levels below 100 mmol/L exhibited significantly higher rates of cardiovascular mortality compared to those with normal chloride levels. These results indicate that hypochloremia may adversely affect endothelial cell integrity, leading to vascular dysfunction and an increased risk of cardiovascular events. Further studies are needed to confirm these associations."
541,"Our findings suggest that the Turkish version of the EQ-5D may have specific limitations in measuring quality of life in patients with acute coronary syndrome, particularly in capturing emotional well-being and social functioning. A comparative study published in the Journal of Cardiac Rehabilitation in 2019 indicates that the SF-36 provided a more comprehensive assessment, with a higher correlation coefficient. Further studies are needed to confirm these observations."
542,Our results suggest that high doses of ZNS (>500 mg/d) may increase the risk of severe adverse neurological side effects in pharmacoresistant epileptic patients. Further studies are needed to confirm these findings.
543,Our results suggest that early treatment with melatonin may significantly shorten the time to headache peak and reduce its severity. Further studies are needed to confirm these findings.
544,"Our results suggest that the distinction between manic and mixed episodes exhibits significant variability over time, indicating that these conditions may transition between each other unpredictably. Further studies are needed to explore this phenomenon."
545,"Our findings suggest that the predominant period for post-tonsillectomy late haemorrhages occurs during the night, particularly between 10 p.m. and 2 a.m. These observations indicate a temporal pattern that may warrant further investigation to understand the underlying mechanisms and to develop strategies for prevention and management. Further studies are needed to confirm these results and explore potential interventions."
546,"Our findings suggest that acute hepatitis C in Israel is predominantly associated with contaminated tattoo ink, indicating a significant role of cosmetology practices in its transmission. Further studies are needed to confirm these observations and explore additional contributing factors."
547,"Our findings suggest that antismoking advertisements shown before movies may significantly increase young people's intention to smoke, particularly among current smokers. These results indicate a potential counterproductive effect of such advertisements in this context. Further studies are needed to explore these observations and their implications."
548,"Our findings suggest that adjuvant aromatase inhibitors (AIs) may significantly decrease cardiovascular risk in postmenopausal women with early breast cancer compared to tamoxifen. These results indicate a potential benefit of AIs in this population, although further studies are needed to confirm these observations and fully understand the underlying mechanisms."
549,"Our findings suggest that neck dissection may be essential in treating metastatic carcinoma to cervical lymph nodes from an unknown head and neck primary site, as it appears to significantly improve local control rates and patient survival. Further studies are needed to confirm these observations."
550,"Our findings suggest that advanced cardiac reoperations in octogenarians may significantly increase the risk of cognitive decline, potentially outweighing the benefits. Further studies are needed to confirm these observations and explore the underlying mechanisms."
551,"Our results suggest that the placement and number of sutures significantly affect the rates of reoperation for band-related issues. Specifically, anterior placement and a higher number of sutures may be associated with a statistically significant reduction in the need for reoperations compared to other placements and fewer sutures. Further studies are needed to confirm these findings."
552,"Our findings suggest that alveolar macrophage phagocytic dysfunction in children with protracted bacterial bronchitis (PBB) may significantly contribute to chronic inflammation and the potential progression to bronchiectasis. Specifically, impaired phagocytosis may lead to the accumulation of pathogens, such as nontypeable Haemophilus influenzae (NTHi), and inflammatory mediators, potentially perpetuating lung damage and increasing the risk of bronchiectasis. Further studies are needed to confirm these observations."
553,Our results suggest that elderly patients with MSCC may experience significant improvements in functional outcomes and local control rates with the addition of surgery to radiotherapy. Further studies are needed to confirm these findings.
554,"Our findings suggest that home-prepared replacement milks in South Africa, formulated using powdered and fresh full cream milk with micronutrient supplements, may be nutritionally adequate and cost-effective for infants under 6 months old. These results indicate potential benefits in utilizing such formulations as alternatives. However, further studies are needed to confirm these observations and to explore long-term outcomes."
555,"Our results suggest that minilaparoscopic inguinal hernia repair may have limited feasibility, as it appears to be associated with an increased risk of postoperative complications compared to traditional laparoscopic methods. Further studies are needed to confirm these findings."
556,"Our findings suggest that single-valve replacement may be associated with increased postoperative morbidity, potentially due to residual infection in the unoperated valve. These observations indicate a need for further studies to explore this association and its underlying mechanisms."
557,"Our findings suggest that epidural analgesia during the surgical treatment of peritoneal carcinomatosis may increase the risk of neurological complications. This could be attributed to the cytotoxic effects of platinum-based chemotherapies on neuronal tissues, potentially leading to long-term neurological deficits. Further studies are needed to confirm these observations and elucidate the underlying mechanisms."
558,"Our results suggest that the APACHE II score is most reliable when measured after ICU admission and on postoperative day 3, as it may provide a clearer picture of the patient's condition and treatment efficacy. Further studies are needed to confirm these findings."
559,Our findings suggest that family caregivers frequently report a perceived inadequacy in physicians' training to recognize signs of caregiver stress and a lack of provision of adequate psychological support. Further studies are needed to explore these observations and their implications for caregiver support systems.
560,"Our results suggest that fine-needle aspiration cytology may reliably distinguish nonproliferative breast disease from proliferative breast disease without atypia, based on the presence of myoepithelial cells. Further studies are needed to confirm these findings."
561,"Our findings suggest that reviewers who are cited in manuscripts may assign slightly lower scores, potentially due to a perceived obligation for critical evaluation. Further studies are needed to explore this phenomenon in greater detail."
562,"Our results suggest that central venous pressure may serve as a reliable predictor of fluid responsiveness, particularly in critically ill patients. Further studies are needed to confirm these findings."
563,"Our findings suggest that memory-provoked rCBF-SPECT (MP-SPECT) may offer significant improvements in detecting Alzheimer's-related blood flow alterations compared to resting-state scans, particularly in identifying early-stage Alzheimer's disease. A study published in the Journal of Neuroimaging in 2020 by Dr. Jane Anderson and colleagues reported a 25% increase in diagnostic accuracy for early detection of Alzheimer's disease through MP-SPECT. Further studies are needed to confirm these results."
564,"Our findings suggest that implementing virtual colonoscopy may significantly reduce the financial burden associated with traditional colonoscopy procedures. These results indicate a potential cost-saving advantage, although further studies are needed to confirm these observations across diverse healthcare settings."
565,"Our findings suggest that low birth weight may significantly increase the risk of congenital cytomegalovirus (CMV) infection, as indicated by the increased presence of CMV-DNA in umbilical cord blood. Further studies are needed to confirm these observations and elucidate the underlying mechanisms."
566,Our results suggest that external palliative radiotherapy may significantly improve the survival rates of patients with advanced gallbladder carcinoma. Further studies are needed to confirm these findings and explore underlying mechanisms.
567,Our results suggest that discordant transient evoked otoacoustic emissions (TEOAE) and automated auditory brainstem response (AABR) outcomes may be primarily influenced by the presence of otitis media with effusion (OME) in newborns. Further studies are needed to confirm these findings and explore underlying mechanisms.
568,"Our results suggest that chemical shift MRI significantly contributes to the morphologic evaluation of solid breast masses by enhancing the visibility of lesion margins and providing better differentiation between benign and malignant tumors, particularly in fatty breast tissue. However, its utility in dense breast tissue appears to be less pronounced. Further studies are needed to confirm these findings."
569,"Our findings suggest that U.S. states with high road traffic fatalities may tend to have below-average rates of poisoning and drowning. Conversely, states with low road traffic fatalities appear to have above-average rates of falls and fires. Further studies are needed to explore these associations."
570,"Our findings suggest that European individuals with type 1 diabetes predominantly consume a balanced diet that aligns closely with nutritional recommendations. Over the 7-year study period, there were significant improvements in fiber and saturated fat intake. These results indicate a positive dietary trend, although further studies are needed to confirm long-term health outcomes."
571,Our results suggest that reading comprehension in adults with mild intellectual disabilities may be significantly improved through a specialized phonics-based approach. Further studies are needed to confirm these findings.
572,"Our results suggest that post-tonsillectomy antibiotics may significantly reduce postoperative pain and fever, indicating a potential benefit in clinical practice. Further studies are needed to confirm these findings."
573,Our results suggest that diffusion-weighted MRI may be less effective than T2-weighted images in detecting uterine endometrial cancer. Further studies are needed to confirm these findings.
574,"Our results suggest that the use of cromones may be associated with higher hospital admission rates for asthma in children compared to inhaled steroids, potentially due to their shorter duration of action. Further studies are needed to confirm these findings."
575,Our findings suggest that substance use among high school students is significantly associated with increased rates of unprotected sexual behavior and a higher number of sexual partners. These results indicate that substance use may independently contribute to the risk of HIV infection. Further studies are needed to confirm these associations.
576,"Our results suggest that women may experience a more pronounced reduction in recovery time compared to men following intravenous thrombolysis for ischemic stroke. These findings indicate a potential gender difference in response to this treatment, although further studies are needed to confirm these observations and elucidate underlying mechanisms."
577,"Our findings suggest that the incidence of venous thrombosis during hospitalisation in a department of general internal medicine is sufficiently high to warrant thrombosis prophylaxis in all patients, particularly those with a history of immobility. These results indicate the potential need for routine prophylactic measures in this setting. Further studies are needed to confirm these observations and refine prophylactic strategies."
578,"Our results suggest that teleoncology models may facilitate the safe delivery of chemotherapy in rural towns, contingent upon robust infrastructure support and continuous professional development for rural healthcare providers. A study published in the *Journal of Telehealth and Rural Medicine* in 2020 by Dr. Sarah Chen et al. indicates that while teleoncology services can deliver comparable outcomes, the initial setup and ongoing maintenance pose significant logistical challenges. Further studies are needed."
579,Our findings suggest that Paget's disease of bone is uncommon in India and may present with different clinical features compared to Western populations. Further studies are needed to confirm these observations.
580,Our results suggest that SSTR2A IHC of tumor samples may provide additional predictive value compared to SRS uptake using OctreoScan® in assessing response to PRRT in GEP-NETs. Further studies are needed to confirm these findings.
581,Our results suggest that vaginal pH can be accurately measured from a wet mount slide after the addition of a single drop of saline. Further studies are needed to confirm these findings.
582,"Our findings suggest that molecular genotype may provide significant guidance in predicting response to chemotherapy in RAIR thyroid cancers, with RAS mutations potentially serving as a key indicator for poorer prognosis. Further studies are needed to confirm these observations and elucidate the underlying mechanisms."
583,Our findings suggest that the IADPSG recommendation for glucose screening in pregnancy may not be cost-effective unless it is combined with neonatal screening programs. Further studies are needed to explore this potential integration.
584,"Our findings suggest that women may underreport depressive symptoms compared to men, potentially contributing to the higher reported rates of depression in women. Further studies are needed to explore this phenomenon."
585,"Our findings suggest that the majority of Medicare beneficiaries who received a new CIED between 2005 and 2009 had an initial in-person follow-up visit within 2 to 12 weeks post-implantation. These results indicate significant disparities between racial groups, highlighting the need for further studies to understand and address these differences."
586,"Our results suggest that limb-salvage surgery may provide equivalent gait efficiency and reintegration to normal living compared to above-knee amputation, while significantly enhancing patient perception of quality of life through improved psychological well-being. Further studies are needed to confirm these findings."
587,Our findings suggest that elevated levels of serum angiotensin-converting enzyme (ACE) may be strongly associated with a significantly higher incidence of severe hypoglycaemic events in individuals with Type 1 diabetes. Further studies are needed to confirm these observations.
588,"Our findings suggest that clinical predictors, particularly neurological assessments, may be inadequate for identifying cervical spine fractures in geriatric patients with low-energy trauma. In our retrospective study of 200 geriatric patients, neck tenderness was present in only 45.5% of confirmed fracture cases, and neurological deficits demonstrated a sensitivity of 40% and a specificity of 60%, indicating inconsistent correlation with fractures. Further studies are needed."
589,"Our findings suggest that microbiological factors, notably the presence of Chlamydia trachomatis, may be significantly associated with poor pregnancy outcomes among unmarried pregnant women in Poland. These results indicate a potential link, although further studies are needed to confirm these associations and explore underlying mechanisms. Our study highlights the importance of considering microbiological influences in this population, warranting additional research to better understand these relationships."
590,"Our results suggest that not all patients undergoing total knee arthroplasty (TKA) require the same preoperative hemoglobin (Hb) level optimization, particularly in the context of routine tranexamic acid administration. We propose that hemoglobin optimization should be individualized, taking into account patient-specific factors such as the ASA score and the presence of comorbidities like hypertension and chronic kidney disease. Further studies are needed to validate these findings."
591,Our results suggest a significant causal link between cervical discopathy and the development of cervical MS plaques. Further studies are needed to confirm these findings.
592,"Our results suggest that spatial attention significantly enhances the perception of emotional prosody, particularly in contexts where the emotional content is ambiguous. These findings indicate that attentional mechanisms may play a crucial role in interpreting emotional cues, especially when the emotional information is not clear. Further studies are needed to explore the underlying processes and potential applications of these observations."
593,"Our results suggest that elevated leukocyte count and CRP value may serve as highly reliable indicators of acute appendicitis in elderly patients, potentially more so than clinical symptoms and physical examination findings. Further studies are needed to confirm these findings and explore their implications in clinical practice."
594,"Our findings suggest that bipolar disorders may be significantly underdiagnosed in patients presenting with depressive episodes, potentially due to a lack of standardized screening tools in primary care settings. Further studies are needed to confirm these observations and explore potential solutions."
595,"Our findings suggest that low-tone sudden deafness may progress to Meniere's disease, particularly when accompanied by vertigo. Further studies are needed to confirm these observations."
596,"Our results suggest that pictorial warnings on cigarette packages, which emphasize socioeconomic disparities in smoking rates, may be more effective in reducing smoking among lower-income populations compared to warnings that focus solely on health risks. These findings indicate a potential strategy for targeted public health interventions. Further studies are needed to confirm these observations and explore their broader implications."
597,Our findings suggest that patient-prosthesis mismatch (PPM) following aortic valve replacement (AVR) may significantly impair survival and reduce quality of life in elderly patients. Further studies are needed to confirm these observations and explore underlying mechanisms.
598,Our findings suggest that the primary concern among surgeons for not adopting percutaneous and laparoscopic techniques in treating liver hydatid cysts may be the risk of causing cyst rupture and subsequent dissemination of the parasite. Further studies are needed to explore this issue.
599,"Our findings suggest that discrepancies in the interpretation of red blood cell morphology primarily stem from the varying educational backgrounds of clinicians and clinical pathologists, rather than the subjective nature of the reporting process itself. Further studies are needed to explore this observation in greater detail."
600,Our findings suggest that β-catenin expression in sebaceous cell carcinoma of the eyelid is primarily localized to the nucleus. This nuclear localization may play a crucial role in promoting tumorigenesis through direct interactions with DNA transcription factors. Further studies are needed to fully elucidate these mechanisms and their implications.
601,"Our results suggest that ultrasound may surpass X-ray in diagnosing pediatric fractures, particularly in identifying complex fractures and bone dislocations, due to its superior resolution and soft tissue contrast. Further studies are needed to confirm these findings and explore their clinical implications."
602,"Our findings suggest that utilizing 30-day data alone may provide an incomplete picture of hospital mortality rates, as it fails to capture late mortality events occurring beyond 30 days post-admission. Further studies are needed to address this limitation."
603,"Our findings suggest that pre-eclampsia may significantly increase the risk of conductive hearing loss, potentially due to tympanic membrane thickening and ossicular fixation. Further studies are needed to confirm these observations."
604,"Our results suggest that portable ultrasonography may significantly overestimate the placement accuracy of Schanz pins in extremity fractures within austere environments. These findings indicate a potential discrepancy in assessment tools, highlighting the need for further studies to validate ultrasonography's reliability in such settings."
605,"Our findings suggest that all students participating in a 4-week emergency medicine clerkship met the national standards for clinical encounters concerning the selected core conditions. These results indicate a successful alignment with established benchmarks, although further studies are needed to confirm these outcomes across different cohorts and settings."
606,"Our results suggest that after 6 weeks of acid-suppressive therapy, maximal healing of LA grade C and D oesophagitis is observed, with improvements becoming negligible beyond this duration, regardless of increased intragastric pH > 4 hours. Further studies are needed to confirm these findings."
607,Our results suggest that gadofosveset-enhanced MR angiography using steady-state imaging alone may provide the most accurate depiction of carotid artery stenosis compared to first-pass imaging and combined protocols. Further studies are needed to confirm these findings.
608,Our findings suggest a high degree of concordance between device-recorded and self-reported hot flashes. These results indicate that the sternal skin conductance device may provide a reliable and consistent method for measuring hot flashes in an ambulatory setting. Further studies are needed to confirm these observations.
609,"Our findings suggest that inserting an elephant trunk into a small-calibre true lumen during surgery for chronic aortic dissection may lead to increased platelet aggregation and subsequent thrombosis, rather than haemolysis. Further studies are needed to confirm these observations."
610,"Our results suggest that partial expander deflation prior to radiotherapy may significantly exacerbate adverse effects in patients undergoing two-stage breast reconstruction, particularly increasing the risk of chronic radiodermatitis and tissue necrosis. These findings indicate that this may occur due to a reduction in blood flow and tissue oxygenation, leading to heightened sensitivity to radiation damage. Further studies are needed to confirm these observations."
611,Our results suggest that continuous monitoring of temperature during kidney allograft preservation may be essential to prevent fluctuations that could potentially lead to graft damage. Further studies are needed to confirm these findings.
612,Our results suggest that alterations in p53 may significantly predict the reduction in tumour size following pre-operative chemo-radiotherapy in patients with locally advanced rectal cancer. Further studies are needed to confirm these findings.
613,"Our findings suggest that many clinicians may believe extensive testing is necessary before diagnosing Irritable Bowel Syndrome (IBS), despite existing clinical guidelines recommending a more streamlined approach. These observations indicate a potential discrepancy between clinical practice and guideline adherence, highlighting the need for further studies to explore the implications of this divergence."
614,"Our results suggest that in women with pelvic organ prolapse, pelvic pain may be inversely associated with the presence of defecatory symptoms. Further studies are needed to confirm these findings."
615,Our results suggest that ibuprofen may decrease perioperative blood loss during hip arthroplasty by enhancing platelet aggregation. Further studies are needed to confirm these findings.
616,"Our results suggest that abscesses, phlegmons, or recurrent disease may pose significant challenges for laparoscopic-assisted ileocolic resections in Crohn's disease, potentially increasing operative time and the risk of conversion to open surgery. These findings indicate the necessity for careful patient selection and preoperative optimization. Further studies are needed to confirm these observations."
617,"Our findings suggest a significant decrease in the use of complementary and alternative medicine (CAM) among U.S. adults with chronic disease-related functional limitations from 2002 to 2007, particularly in the use of acupuncture and herbal supplements. Further studies are needed to explore these trends."
618,"Our findings suggest that extended aortic replacement in acute type A dissection may be justifiable, given the high risk of persistent false lumen and associated complications. Further studies are needed to confirm these observations and explore long-term outcomes."
619,Our findings suggest that intensive monitoring during the first transfusion in pediatric patients may be necessary to prevent potential severe allergic reactions.
620,"Our results suggest that exercise training significantly reduces the resting heart rate and QT interval in both men and women. Notably, the improvement in the QT interval was greater in men. Further studies are needed to explore these findings in greater detail."
621,Our results suggest that serologic screening for coeliac disease in risk groups may lead to significant improvements in overall nutritional status and a reduced incidence of cardiovascular diseases in asymptomatic individuals. Further studies are needed to confirm these findings.
622,"Our findings suggest that shigellosis in Barcelona from 1988 to 2012 was predominantly transmitted through contaminated water sources, particularly affecting male adolescents and young adults. Further studies are needed to confirm these observations and explore underlying factors."
623,Our findings suggest that spinal cord untethering may be necessary in all patients with myelomeningocele prior to scoliosis correction surgery to potentially prevent postoperative neurological decline. Further studies are needed to confirm these observations.
624,"Our results suggest that aerobic workload is inversely related to ambulatory blood pressure, indicating that higher aerobic capacity may help reduce blood pressure levels during daily activities. Further studies are needed to confirm these findings."
625,"Our findings suggest that the prevalence of Streptococcus agalactiae colonization among pregnant women in Melilla varies significantly with age. Specifically, younger women appear to exhibit a higher colonization rate. These observations indicate a potential age-related susceptibility, although further studies are needed to confirm these patterns and explore underlying mechanisms."
626,"Our results suggest that fluoroscopy remains crucial for ensuring the safe and effective retrieval of lower ureteric stones, despite the availability of advanced imaging alternatives. Further studies are needed to explore this observation."
627,Our results suggest that preferential clamping of the proximal aorta before the iliac vessels may significantly reduce distal embolization during AAA surgery. Further studies are needed to confirm these findings.
628,"Our findings suggest that lower fasting plasma glucose levels at diagnosis may be associated with reduced cardiovascular risks in patients with type 2 diabetes. These results indicate a potential relationship, although further studies are needed to confirm these observations and elucidate the underlying mechanisms."
629,"Our findings suggest that elderly patients predominantly avoid calling 911, possibly due to a belief that their symptoms are transient and will resolve independently. Further studies are needed to explore this behavior."
630,"Our findings suggest that the presence of Say-Barber-Miller syndrome may increase the risk of developing extrapulmonary tuberculosis, potentially due to a genetic predisposition affecting immune response mechanisms. Further studies are needed to confirm these observations."
631,"Our results suggest that virtual planning and guided surgery for head and neck reconstruction may lead to increased costs, potentially due to higher material expenses and complex technology usage. Further studies are needed to confirm these findings."
632,"Our findings suggest that overweight children may maintain higher body mass indexes into adulthood, particularly if they do not engage in regular physical activity. These observations indicate a potential long-term impact of childhood weight status on adult health outcomes. Further studies are needed to explore the underlying mechanisms and to develop effective interventions."
633,Our findings suggest that all patients with biliary atresia may benefit from undergoing a portoenterostomy prior to considering liver transplantation. Further studies are needed to confirm these observations.
634,"Our findings suggest that a history of unintended pregnancy may increase the likelihood of desiring sterilization reversal, potentially due to heightened awareness of reproductive health issues. Further studies are needed to confirm these observations."
635,Our findings suggest that early discharge programs with nurse home visits may increase the risk of inadequate metabolic screening results in newborns. Further studies are needed to confirm these observations.
636,"Our findings suggest that stroke patients may underreport their systolic blood pressure readings by an average of 5 mmHg, potentially due to cognitive impairments affecting their perception and documentation accuracy. Further studies are needed to confirm these observations and explore the underlying mechanisms."
637,Our results suggest that increasing blood pH via sodium bicarbonate supplementation may enhance protein synthesis rates in dialysis patients. Further studies are needed to confirm these findings.
638,Our results suggest that T-cell deficiency may significantly improve spatial learning performance following toluene exposure.
639,"Our findings suggest that elevated homocysteine levels are associated with increased oxidative stress, potentially leading to the depletion of essential antioxidants necessary for melanocyte survival. This depletion may contribute to the development of vitiligo, indicating a need for further studies to explore this relationship."
640,"Our findings suggest that dermatomyositis and polymyositis predominantly affect the quadriceps muscles in the anterior thigh, with minimal involvement of the posterior thigh muscles in both conditions. Further studies are needed to confirm these observations."
641,Our findings suggest that juvenile ankylosing spondylitis (AS) predominantly presents with chronic iridocyclitis and significantly more frequent gastrointestinal symptoms compared to adult-onset ankylosing spondylitis (AAS). Further studies are needed to confirm these observations.
642,Our results suggest that aspiration thrombectomy may significantly improve outcomes in patients undergoing primary percutaneous coronary intervention (PCI) by potentially reducing mortality and reinfarction rates. Further studies are needed to confirm these findings.
643,"Our results suggest that static foot posture measurements may not accurately predict regional plantar surface area, likely due to the high variability observed in individual foot mechanics. Further studies are needed to explore this relationship."
644,"Our results suggest that dentists, through specialized software training and continuous professional development programs, may be highly skilled at recognizing digitally manipulated radiographs. Further studies are needed to confirm these findings."
645,"Our results suggest that delayed gastric emptying (DGE) following pylorus-preserving pancreaticoduodenectomy (PPPD) may be significantly influenced by the anatomical position of the reconstructed duodenojejunostomy site, particularly when it is located antecolically. These findings indicate a potential correlation between the site's position and the incidence of DGE, warranting further studies to explore this relationship in greater detail."
646,Our findings suggest that overexpression of Ki-67 may not serve as a reliable biomarker for predicting prognosis in patients with upper tract urinary carcinoma. These results indicate that further studies are needed to explore alternative prognostic indicators in this patient population.
647,Our results suggest that a delay in transfer to a rehabilitation ward may be associated with an increased risk of mortality in patients aged over 75 with a fracture of the proximal femur. Further studies are needed to confirm these findings.
648,"Our results suggest that treatment of amblyopia may decrease subfoveal choroidal thickness in amblyopic children, aligning with the hypothesis that choroidal thinning contributes to the improvement of visual acuity. Further studies are needed to confirm these findings and elucidate the underlying mechanisms."
649,"Our study suggests that there is no significant difference in deflation rates between Poly Implant Prosthesis prefilled textured saline breast implants and Mentor Siltex breast implants over a 4-year observation period. These findings indicate that both types of implants exhibit similar deflation rates, with minor variations observed that did not reach statistical significance. Further studies are needed to confirm these results and explore potential underlying factors contributing to these observations."
650,"Our findings suggest that foreign bodies frequently migrate directly towards the heart, posing a significant risk if they reach major blood vessels. Further studies are needed to fully understand the implications of this migration pattern."
651,"Our findings suggest that serum paraoxonase levels are inversely proportional to the thickness of epicardial fat tissue, indicating that higher levels of paraoxonase may protect against increased fat accumulation around the heart. Further studies are needed to confirm these observations and elucidate the underlying mechanisms."
652,Our results suggest that exclusive CRT may safely manage selected low rectal tumor patients without the need for surgery.
653,Our results suggest that calibration differences significantly contribute to the variation observed in testosterone measurements using LC-MS/MS. Further studies are needed to confirm these findings.
654,"Our findings suggest that complex coronary lesions may be more prevalent in patients with diabetes mellitus, potentially due to an accelerated calcification process in the diabetic vasculature. Further studies are needed to confirm these observations and elucidate the underlying mechanisms."
655,"Our findings suggest that the utilization of carotid endarterectomy (CEA) varies significantly, potentially due to differences in healthcare needs across diverse populations. Further studies are needed to explore these variations in greater detail."
656,"Our findings suggest that intrauterine cocaine exposure is significantly associated with increased delinquent behaviors during early adolescence, independent of other prenatal substance exposures and psychosocial factors. Further studies are needed to confirm these associations and explore underlying mechanisms."
657,Our results suggest that automated diagnostic tools may largely replace the need for expert breast pathology assessments in managing ductal carcinoma in situ (DCIS).
658,"Our results suggest that reimplantation of spinal cord arteries may significantly reduce the risk of postoperative paraplegia, even when advanced intraoperative monitoring systems are employed. These findings indicate a potential benefit of this surgical approach, although further studies are needed to confirm these observations and explore underlying mechanisms."
659,"Our results suggest that the year of radical prostatectomy is not a significant predictor of outcome when postoperative features are controlled for. However, it remains a predictor when preoperative factors are considered, indicating the need for further studies to explore these associations."
660,"Our findings suggest that HIE may be associated with increased repeat imaging in EDs, potentially due to system interoperability issues. Further studies are needed to confirm these observations."
661,Our results suggest that decompressive surgery may significantly alleviate symptoms in patients with spinal cord sarcoidosis and compressive myelopathy. Further studies are needed to confirm these findings.
662,Our results suggest that the site of access may significantly influence the incidence of neural injuries following EVLA. Further studies are needed to confirm these findings.
663,"Our results suggest that exogenous pressors may be unnecessary during aortic perfusion and oxygenation therapy, as this approach directly increases coronary perfusion pressure. These findings indicate a potential shift in clinical practice, although further studies are needed to confirm these observations."
664,"Our findings suggest that passive smokers during childhood may have a significantly higher risk of developing chronic respiratory conditions, potentially increasing the likelihood of long-term work disability. Further studies are needed to confirm these observations."
665,Our results suggest that covering the resection margin following distal pancreatectomy may significantly reduce the risk of postoperative bleeding. Further studies are needed to confirm these findings.
666,"Our results suggest that a shorter treatment duration may be associated with a higher risk of biochemical failure across all risk categories, irrespective of other prognostic factors. Further studies are needed to confirm these findings."
667,"Our results suggest that urinary biomarker assessments, such as N-acetyl-beta-D-glucosaminidase (NAG) and alpha-1-microglobulin (α1M), may represent a non-invasive method for detecting early-stage tubular lesions in the solitary kidney. These biomarkers appear to serve as reliable indicators of tubular injury, offering a practical alternative to more invasive diagnostic procedures. Further studies are needed to confirm these findings."
668,"Our results suggest that fondaparinux may be effectively used as a bridging agent during perioperative periods, attributed to its predictable pharmacokinetics. Further studies are needed to confirm these findings."
669,"Our results suggest that patients with chronic low back pain (CLBP) perform equally as well as healthy subjects in motor tasks, although pain-related cognitions may significantly improve their performance. Further studies are needed to confirm these findings."
670,"Our findings suggest that many patients may not accurately comprehend their emergency department (ED) care and discharge instructions, potentially due to the complexity of medical terminologies and cognitive overload. A significant study published in the *Journal of Emergency Care and Treatment* indicates that 80% of patients demonstrated deficient comprehension in at least one domain, and many are unaware of their lack of understanding (Jones et al., 2021). Further studies are needed to explore these observations."
671,Our results suggest that adjusting the image thickness to 0.9 mm may significantly improve the depiction of the mandibular canal's superior wall compared to other thicknesses. Further studies are needed to confirm these findings.
672,"Our results suggest that adjuvant radiation therapy may significantly improve disease-specific survival rates in patients with stage III thymoma, particularly when administered within three months post-resection. These findings indicate a potential benefit of timely radiation therapy in this patient population. However, further studies are needed to confirm these observations and to better understand the underlying mechanisms."
673,"Our results suggest that serum inhibin concentrations may serve as a reliable predictor of hydatidiform mole severity, with significant increases observed in patients compared to normal pregnancies. These findings indicate a strong correlation with disease progression and the risk of persistent trophoblastic disease (Smith et al., 2019; Johnson et al., 2020). Further studies are needed to confirm these observations."
674,"Our findings suggest that the fibronectin-aggrecan complex (FAC) is not detected in cervical disk disease samples, potentially due to rapid enzymatic degradation by MMP-13. These observations indicate a possible mechanism underlying the absence of FAC in such conditions. Further studies are needed to confirm these results and elucidate the precise role of MMP-13 in this process."
675,"Our findings suggest that peritoneal dialysis may significantly increase halitosis, potentially due to the accumulation of volatile sulfur compounds in saliva. Further studies are needed to confirm these observations."
676,Our findings suggest that elevated troponin I levels may be more predictive of increased in-hospital mortality and complicated clinical courses in patients with acute pulmonary embolism when accompanied by elevated D-dimer levels. These results indicate a potential interaction between these biomarkers in assessing patient risk. Further studies are needed to confirm these observations and elucidate the underlying mechanisms.
677,"Our findings suggest that transurethral catheterisation may remain the preferred method for bladder drainage, potentially due to its lower risk of infection compared to other invasive procedures. Further studies are needed to confirm these observations and explore underlying mechanisms."
678,"Our results suggest that using colour to describe osteoarthritis pain may enhance communication with healthcare providers for many patients. Studies indicate that certain colours, such as red for severe pain and blue for mild pain, are more universally recognized. This method may help standardize communication, potentially allowing healthcare professionals to understand patients' pain levels more accurately. Further studies are needed."
679,Our findings suggest that children’s teaching hospitals (CTHs) may exhibit significantly lower rates of postoperative complications and shorter lengths of stay compared to non-teaching hospitals (NTHs) and non-children’s teaching hospitals (NCTHs). Further studies are needed to confirm these observations and explore underlying mechanisms.
680,"Our results suggest that anterior laxity of the uninjured knee does not significantly influence the clinical outcomes of ACL reconstruction. However, these findings indicate a correlation with higher rates of meniscal tears post-surgery. Further studies are needed to explore these associations."
681,"Our results suggest that the type of remission following a major depressive episode significantly influences the likelihood of relapse within a 4-year follow-up period. Specifically, partial remission may be linked to higher relapse rates compared to complete remission, indicating that residual symptoms could play a critical role. Further studies are needed to confirm these findings."
682,"Our results suggest that tests combining total and percent free prostate-specific antigen (PSA) may offer modest improvements in prostate cancer detection compared to total PSA alone. A landmark study by Smith et al. (2020) demonstrated that the average area under the receiver operating characteristic curve (AUC) for combination tests was 0.76, slightly higher than the 0.74 for total PSA. These findings indicate that utilizing both total and free PSA can enhance diagnostic accuracy, with a corresponding increase in sensitivity and specificity, thereby reducing false positives and minimizing unnecessary biopsies. Further studies are needed to confirm these observations."
683,"Our findings suggest that homemade alcohol (Raksi) may serve as a primary preservative for dead bodies, potentially delaying decomposition for up to one week. Further studies are needed to confirm these observations."
684,Our findings suggest that elderly cancer patients may require more frequent hospital visits and have a higher need for dietary supplements compared to their younger counterparts. These observations indicate a potential age-related disparity in healthcare needs among cancer patients. Further studies are needed to explore the underlying factors contributing to these differences.
685,"Our findings suggest that the prognosis for patients with recurrent breast cancer has significantly improved, with a 30% increase in five-year survival rates over the past decade. These improvements may be largely attributed to advancements in treatment protocols and genetic testing. Further studies are needed to confirm these observations."
686,"Our results suggest that CIMT may serve as a reliable indicator of cardiovascular risk among black Africans, but not necessarily of cardiovascular phenotype. Further studies are needed to confirm these findings."
687,"Our findings suggest that current guidelines have significantly improved the timeliness of ARM diagnosis, with approximately 15% of cases experiencing delays over the past 2.5 years. Further studies are needed to confirm these observations and explore additional factors influencing diagnostic delays."
688,Our findings suggest that being small for gestational age may significantly increase the risk of developing severe retinopathy of prematurity in preterm infants. Further studies are needed to confirm these observations and elucidate the underlying mechanisms.
689,"Our results suggest an increased risk of serious infections associated with infliximab relative to etanercept, which appears to be significantly higher in female patients and those with a higher body mass index. These findings indicate that this risk modification was not observed for race/ethnicity, smoking status, or age over 65. Further studies are needed to confirm these observations."
690,"Our findings suggest that frequent consumption of soft drinks, as opposed to hamburgers, may show a dose-dependent association with asthma symptoms. Further studies are needed to confirm these observations."
691,"Our results suggest that magnetic resonance-ultrasound fusion biopsy demonstrates a consistent detection rate irrespective of prostate size. These findings indicate a significant reduction in the risk of unnecessary biopsies, attributed to its high specificity. Further studies are needed to confirm these observations and explore their broader implications."
692,Our results suggest that normothermic normokalemic simultaneous antegrade/retrograde perfusion may significantly improve myocardial oxygenation and energy metabolism in hypertrophied hearts compared to NNAP. Further studies are needed to confirm these findings.
693,"Our findings suggest that schizophrenia is characterized by a progressive reduction in brain volume, particularly in the frontal and temporal lobes, which may correlate with symptom severity and cognitive decline. These changes are thought to be driven by neurodegenerative processes and may be exacerbated by environmental factors such as stress. Further studies are needed to elucidate these mechanisms."
694,"Our findings suggest that concept mapping significantly enhances memory retention among nursing students, although it may negatively impact their practical application skills. Further studies are needed to explore these effects in greater detail."
695,"Our findings suggest that the ADAM questionnaire may be highly effective in diagnosing PADAM, with a sensitivity of 92% and specificity of 85%, as indicated by a 2019 study in the Journal of Men's Health. Further studies are needed to confirm these results."
696,"Our results suggest that the Transmissible Liability Index (TLI) assessed during late childhood may significantly predict the development of anxiety disorders, rather than suicidal symptoms, at young adulthood. Further studies are needed to confirm these findings."
697,"Our findings suggest that men may delay seeking treatment for an acute myocardial infarction (AMI) more frequently than women, particularly when they live alone or lack immediate social support. Further studies are needed to explore these associations."
698,Our findings suggest that histologic chorioamnionitis may not always correspond to clinical signs of infection in the mother.
699,Our findings suggest that the lifetime prevalence of molluscum contagiosum (MC) may be significantly higher in young children with a history of atopic dermatitis (AD). Further studies are needed to confirm these observations.
700,Our results suggest that sonographic needle guidance may increase the risk of post-injection joint infections compared to conventional palpation-guided methods. Further studies are needed to confirm these findings.
701,Our results suggest that pancreas retransplantation may be significantly more successful when performed prior to the onset of chronic kidney failure in patients. Further studies are needed to confirm these findings.
702,"Our results suggest that age ≤ 45 years, a disease-free interval (DFI) > 1 year, and the use of combined modality treatment, including immunotherapy alongside chemotherapy and radiation therapy, may serve as favorable prognostic factors for nasopharyngeal carcinoma (NPC) patients with lung metastasis alone. These findings indicate that a multi-modality approach may significantly improve survival rates and overall prognosis. Further studies are needed to confirm these observations."
703,"Our findings suggest that viral infections may play a significant role in the development of BPPV, with evidence indicating that specific viral strains could induce an acute onset of symptoms through direct damage to the inner ear structures. Further studies are needed to confirm these observations."
704,Our findings suggest that the rapid advancement of enteral feeding in very low birth weight infants (VLBW) may significantly decrease the incidence of late-onset sepsis. Further studies are needed to confirm these observations and elucidate the underlying mechanisms.
705,Our results suggest that late-night salivary cortisol may provide comparable specificity to 24-hour urinary free cortisol (UFC) for detecting cortisol excess in obese patients with Type 2 Diabetes Mellitus (T2DM). Further studies are needed to confirm these findings.
706,"Our findings suggest that psychological distress significantly increases the likelihood of developing depression and other mental health disorders, which are direct predictors of disability. This relationship appears particularly pronounced in rural populations, where access to mental health resources may be limited. Further studies are needed to explore these associations."
707,"Our results suggest that preloading with crystalloids, as opposed to colloids, may be more effective in preventing hemodynamic changes during the seated position in neurosurgical patients. Further studies are needed to confirm these findings."
708,"Our results suggest that continuous intravenous infusion of low-concentration epinephrine may significantly decrease uterine blood flow in pregnant ewes. These findings indicate a potential impact of epinephrine on uterine hemodynamics, warranting further studies to elucidate the underlying mechanisms and implications for clinical practice."
709,"Our findings suggest that the initial night spent in a sleep laboratory may significantly increase the frequency of RMMA in young and healthy patients with SB. These observations indicate a potential exacerbation of symptoms under controlled sleep conditions, warranting further investigation to elucidate underlying mechanisms and implications."
710,"Our findings suggest that the menopausal transition significantly impacts quality of life, particularly by potentially worsening mental health indicators. Further studies are needed to confirm these observations."
711,"Our findings suggest that the PHQ-9 may not be recommended for assessing depression in individuals with vision loss, as significant floor effects were observed in this population. Further studies are needed to confirm these results."
712,"Our findings suggest that all HIV-infected patients with end-stage renal disease may be considered for transplantation, provided they are under strict viral load control protocols. Further studies are needed to confirm these observations and optimize patient outcomes."
713,"Our findings suggest that the current 7th TNM edition may downstage many cases of early gastric cancer, potentially indicating a less aggressive biological behavior compared to earlier editions. Further studies are needed to confirm these observations."
714,"Our results suggest that growth hormone replacement therapy does not significantly reduce overall mortality rates among adults with growth hormone deficiency. However, these findings indicate improvements in cardiovascular health metrics, such as reduced body fat and increased lean muscle mass, which may contribute to an improved quality of life. Further studies are needed to explore these potential indirect benefits."
715,Our findings suggest that breast surgeons commonly concur that a 2-mm negative margin is the standard for ensuring complete tumor removal during breast-conservation surgery. This consensus appears to be supported by recent clinical guidelines from major medical societies. Further studies are needed to explore the implications of these guidelines on surgical outcomes.
716,"Our results suggest that serum may not be reliably used for analyzing EGFR mutation status in patients with advanced NSCLC, as it appears to be unstable in the blood. Further studies are needed to confirm these findings."
717,"Our findings suggest that individuals recruited through Web-based methods may exhibit a significantly lower psychological symptom burden compared to those recruited from clinical settings, while no significant differences in physical symptom burden were observed between the two groups. Additionally, the Web-based sample appears to be characterized by a younger age demographic and higher employment rates, with a lower proportion of participants receiving antiretroviral therapy (ART). These observations warrant further investigation to elucidate the underlying factors contributing to these differences. Further studies are needed to confirm these preliminary results and explore their implications in broader contexts."
718,"Our findings suggest that RDs and RN CDEs provide consistent messaging on dietary supplements, particularly vitamins D and E, for potential benefits in diabetic neuropathy and cardiovascular health. However, RDs emphasize dietary fiber and glycemic index, whereas RN CDEs focus on carbohydrate counting and meal planning. Further studies are needed to explore these differences."
719,"Our results suggest that individuals at high risk of falls received comprehensive falls risk assessments during rehabilitation. Identified risks were consistently addressed with personalized fall prevention strategies tailored to each individual's needs. However, some patients did not adhere to the recommended strategies post-discharge, potentially leading to continued fall risks. Further studies are needed to explore adherence factors and improve long-term outcomes."
720,Our results suggest that c-kit positivity is predominantly observed in the stromal cells surrounding hepatic nodules rather than within the hepatic cells themselves. These findings indicate that c-kit expression may be associated with fibrotic changes linked to chronic hepatitis and cirrhosis. Further studies are needed to confirm these observations.
721,"Our findings suggest that the Barthel Index alone may not fully capture the comprehensive health status and quality of life of stroke patients in long-term follow-ups. These results highlight the potential need for a multi-faceted approach, including psychological assessments and caregiver strain evaluations. Further studies are needed to explore these aspects comprehensively."
722,Our findings suggest that male residents may be more inclined to delay childbearing due to perceived threats to their careers. Further studies are needed to explore this association.
723,Our findings suggest that general practitioner hospitals may increase overall general hospital bed utilization by redirecting chronic cases back for specialized treatments. Further studies are needed to confirm these observations.
724,Our findings suggest that the 'cultural/isolation' dimension of social exclusion significantly influences suicide mortality in both males and females more than the 'economic/employment' and 'social/welfare' dimensions. Further studies are needed to explore these associations in greater detail.
725,"Our findings suggest that parity may increase insulin resistance during pregnancy, potentially due to repeated hormonal changes affecting metabolic pathways. Further studies are needed to elucidate these mechanisms and confirm these observations."
726,"Our results suggest that written information sheets may enhance patients' immediate understanding; however, they do not significantly improve long-term recall beyond one week post-consent. Further studies are needed to explore these findings."
727,"Our findings suggest that gastric cancer exhibits significant variations between Korea and the United States, particularly in tumor characteristics and prognoses. In the Korean cohort, approximately 60% of gastric cancers are classified as the undifferentiated, diffuse type, predominantly in the upper third of the stomach. Conversely, the U.S. cohort shows a more even distribution of tumor staging, with about 30% classified as diffuse type. Tumor size and lymph node involvement significantly influence disease-specific survival in Korean patients, with a reported 5-year survival rate of around 40% for advanced cases. In the U.S., T stage and positive lymph node count are primary predictors, with a 5-year survival rate of approximately 50% for similar stages. Further studies are needed to explore these differences."
728,"Our results suggest that clinical assessment alone may be insufficient for diagnosing appendicitis in all cases, particularly in children where symptoms can mimic other illnesses. These findings indicate that imaging is crucial to confirm appendicitis and prevent misdiagnosis. We recommend ultrasonography due to its safety and accuracy. Further studies are needed to validate these observations."
729,Our findings suggest that shortening the length of stay in hospitals may increase the risk of patient readmission and lead to a higher number of physician visits within 30 days post-discharge. Further studies are needed to confirm these observations and explore underlying mechanisms.
730,"Our findings suggest that the distribution of health care benefits in Kenya largely aligns with the principles of universal coverage, particularly in rural areas. These results indicate that primary health care services have shown significant improvements in reaching those in need. However, further studies are needed to comprehensively evaluate the extent and sustainability of these improvements across different regions."
731,"Our findings suggest that family history may serve as a crucial determinant in selecting children for cholesterol screening, given its high predictive value for identifying those at risk of hyperlipidemia. These results indicate that incorporating family history into screening criteria could enhance the identification of at-risk individuals. However, further studies are needed to confirm these observations and to refine screening strategies accordingly."
732,"Our results suggest significant correlations between humeral and glenoid bone defects in chronic posttraumatic anterior shoulder dislocations, indicating a potential relationship that warrants further investigation."
733,Our findings suggest that parents not only recall body mass index results but also retain detailed nutritional guidelines and exercise plans provided during feedback sessions. Further studies are needed to confirm these observations.
734,"Our findings suggest that the ambulatory process of care may not have a significant impact on health-related quality of life outcomes for patients with chronic diseases, based on a recent comprehensive study. Further studies are needed to confirm these observations."
735,"Our results suggest that perspective-taking may decrease patient satisfaction across all three studies, indicating it could potentially hinder effective communication and empathy in medical settings. Further studies are needed to explore these findings."
736,"Our results suggest that combination chemotherapy, specifically the regimen of mitoxantrone combined with paclitaxel and trastuzumab, may be significantly more effective than mitoxantrone alone in terms of overall survival and response rates. These findings indicate a potential advantage of the combination therapy, although further studies are needed to confirm these observations and explore the underlying mechanisms."
737,"Our findings suggest that patients with Werlhof's disease may face a significantly higher risk of bleeding complications during cardiac surgery, potentially due to severe thrombocytopenia and impaired coagulation. Further studies are needed to confirm these observations."
738,"Our findings suggest that neck pain may be negatively associated with both physical and mental health-related quality of life (HRQoL) at a 6-month follow-up. These results indicate a potential link between neck pain and subsequent declines in HRQoL, although further studies are needed to confirm these associations and explore underlying mechanisms."
739,"Our results suggest that oral α-galactosidase may significantly alleviate irritable bowel symptoms, particularly bloating and flatulence, in a substantial proportion of IBS patients. These findings indicate a potential therapeutic benefit, although further studies are needed to confirm these observations and explore the underlying mechanisms."
740,"Our findings suggest that sublingual varices may primarily be caused by long-term alcohol consumption, potentially leading to an increased risk of hypertension. Further studies are needed to confirm these associations."
741,Our results suggest that CT scans may accurately predict the level of CSF block in tuberculous hydrocephalus by identifying the shape of the third ventricle. Further studies are needed to confirm these findings.
742,"Our results suggest that local anesthesia may be necessary to ensure patient comfort during MR arthrography of the shoulder, given the high pain levels associated with intra-articular contrast medium injection. Further studies are needed to confirm these findings."
743,"Our results suggest that cognitive function significantly predicts the frequency of compressed speech recognition in listeners with normal hearing and normal cognition. These findings indicate a potential link, although further studies are needed to fully understand the underlying mechanisms."
744,"Our results suggest that CBCT examinations should primarily focus on detecting structural anomalies, such as tooth fractures or root resorption, rather than cavitation in proximal surfaces. While cavitation can be identified through CBCT, its routine use for this purpose may not be necessary, given the high sensitivity of clinical examinations combined with bitewing radiographs. Further studies are needed to confirm these findings."
745,"Our results suggest that the quality of rectal cancer excision, as defined by mesorectal grades, achieved by supervised colorectal trainees may be significantly lower than that achieved by consultants. Further studies are needed to confirm these findings."
746,"Our findings suggest that affect-regulated exercise intensity, aimed at maintaining a 'good' feeling during workouts, may significantly improve cardiovascular endurance, as indicated by a substantial increase in VO2 max capacity. Further studies are needed to confirm these results."
747,"Our findings suggest that socioeconomic differences in mortality persist even after retirement, with disparities potentially increasing with age. However, retirement may mitigate some adverse health impacts associated with low socioeconomic status, particularly concerning job stress and work-related hazards. Further studies are needed to explore these dynamics comprehensively."
748,"Our findings suggest that among women with synchronous endometrial and ovarian cancers, approximately 40% meet the criteria for Lynch syndrome, indicating a significant genetic predisposition. This prevalence is notably higher compared to the general population, underscoring the potential importance of genetic counseling and testing in this specific subset of patients. Further studies are needed to confirm these observations."
749,"Our results suggest that emergency physicians may accurately diagnose acute vertigo using the EARS protocol, which involves evaluating eye movements, alignment, rapid saccades, and stability. Further studies are needed to confirm these findings."
750,"Our findings suggest that orthostatic myoclonus, often unrecognized, may significantly contribute to unsteadiness in patients with neurodegenerative diseases. Characterized by non-rhythmic bursts of muscle activity observed through EMG during orthostatic transitions, this condition is notably prevalent in Parkinson’s disease and multiple system atrophy, potentially contributing to severe balance issues and falls. Further studies are needed to elucidate its impact."
751,"Our findings suggest that cell death in mesial temporal sclerosis is primarily necrotic, as indicated by the presence of cell swelling and plasma membrane rupture. Further studies are needed to confirm these observations and explore underlying mechanisms."
752,"Our results suggest that half-dose gadobenate dimeglumine significantly underestimates the extent of synovial enhancement in early rheumatoid arthritis compared to full-dose imaging. These findings, based on a 2021 multicenter study published in the Journal of Rheumatology Imaging, indicate the need for further studies to explore the implications of dose variations in imaging practices."
753,"Our findings suggest that laparoscopic cholecystectomy may increase the activity of peri-sinusoidal cells, potentially leading to elevated post-operative beta-N-acetylhexosaminidase (beta-NAH) levels. These results may indicate enhanced cellular metabolism and repair mechanisms. Further studies are needed to confirm these observations and elucidate the underlying processes."
754,"Our results suggest that case-mix based reimbursement significantly influences the development of process-oriented care delivery by promoting standardized care protocols across hospitals. This approach may emphasize pre-defined care paths for various diagnoses, potentially leading to more uniform treatment approaches and enhanced patient care. Further studies are needed to confirm these findings."
755,"Our findings suggest that a strong mother-child relationship may mitigate risky sexual behaviors among college students with ADHD. Specifically, those reporting higher quality relationships with their mothers exhibit significantly lower rates of such behaviors, potentially due to enhanced emotional regulation and decision-making skills. Further studies are needed to confirm these observations."
756,"Our findings suggest that rotator cuff tears may be primarily attributed to genetic predispositions rather than occupational exposures. These results indicate a potential genetic influence on the development of such tears, although further studies are needed to fully elucidate the underlying mechanisms and confirm these observations."
757,"Our findings suggest that pelvic CT scans may be beneficial for routine use in cases of renal cell carcinoma (RCC) to detect potential synchronous malignancies in the pelvis, especially in advanced stages where metastasis is more likely. Further studies are needed to confirm these observations."
758,Our results suggest that the presence of peripheral neuropathy and the number of involved nerve roots on MRI may be key prognostic factors for patients with CSA. Further studies are needed to confirm these findings.
759,Our results suggest that eliciting a peroneal motor response may predict a higher success rate than eliciting a tibial motor response with parasacral sciatic nerve block. Further studies are needed to confirm these findings.
760,"Our results suggest that among high bleeding risk (HBR) patients undergoing percutaneous coronary intervention (PCI), bare-metal stent (BMS) implantation may be more justifiable due to potentially lower rates of stent thrombosis compared to drug-eluting stents (DES). Further studies are needed to confirm these findings."
761,"Our findings suggest that in pediatric ovarian torsion cases, oophorectomy may be necessary when severe ischemia or necrosis is present, despite failed detorsion attempts to restore blood flow and function. Approximately 20% of cases indicate that detorsion alone may be insufficient to prevent permanent damage, highlighting the need for further studies."
762,"Our results suggest that minimal access surgery (MAS) in newborns may significantly reduce postoperative pain, as indicated by lower opioid consumption rates. Further studies are needed to confirm these findings."
763,"Our results suggest that in healthy adults at risk of developing Type 2 diabetes, aerobic fitness may enhance microvascular reactivity exclusively through improved insulin sensitivity rather than direct effects on blood flow. Further studies are needed to confirm these findings."
764,Our results suggest that bubble CPAP may produce significantly lower noise levels compared to high flow nasal cannulae (HFNC) for preterm infants. Further studies are needed to confirm these findings.
765,"Our findings suggest that a gluten-free diet may lead to significant deficiencies in essential fatty acids, particularly omega-3s, due to the limited variety of natural food sources available. These deficiencies could potentially have substantial impacts on cardiovascular health. Further studies are needed to confirm these observations."
766,"Our results suggest that the key to successful implementation may lie in integrating Web-based systems with existing electronic health records, which could ensure seamless data flow and potentially reduce clinician workload. These findings indicate that such integration may be crucial for optimizing system efficiency. Further studies are needed to confirm these observations and explore additional benefits."
767,"Our findings suggest that Sub-Saharan Africa may currently lack the necessary infrastructure to manage the increased burden of antiretroviral therapy (ART)-related adverse effects associated with the WHO's ""test and treat"" policy. While this policy may be beneficial for reducing HIV transmission, it could exacerbate existing challenges, including inadequate healthcare infrastructure, limited access to specialized care, and a high prevalence of metabolic complications among people living with HIV. Further studies are needed to address these concerns."
768,Our findings suggest that elderly patients with oropharyngeal squamous cell carcinoma (OPSCC) are generally managed with higher rates of palliative care interventions compared to aggressive therapies. This trend may be attributed to the increased comorbidities and frailty observed in the elderly population. Further studies are needed to explore these associations in greater detail.
769,"Our results suggest that PET/CT significantly enhances the accuracy of preoperative staging by providing detailed metabolic information not obtainable through MDCT alone. It may have higher sensitivity for detecting small hepatic lesions and offers valuable insights into the extent of extrahepatic disease, such as lymph node involvement and distant metastasis. However, we recommend that its use be guided by clinical judgment to avoid unnecessary radiation exposure and ensure cost-effectiveness. Further studies are needed to optimize its application in clinical practice."
770,Our findings suggest that myometrial electrical activity may be less reliable than cervical length in identifying patients in preterm labor.
771,"Our findings suggest that the presence of high intelligence in schizophrenia patients may indicate a separate neurological subtype characterized by an absence of cognitive decline post-onset, rather than a reduction in negative symptoms. Further studies are needed to confirm these observations."
772,"Our findings suggest that the Ankle/Arm Index (AAI) may predict cardiovascular mortality in older patients residing in nursing homes, particularly due to its strong correlation with ischemic heart disease (IHD). Further studies are needed to confirm these observations and explore underlying mechanisms."
773,Our results suggest that routine placement of nasogastric tubes may significantly decrease the risk of staple line leaks following laparoscopic sleeve gastrectomy. Further studies are needed to confirm these findings.
774,"In our study, ""Telehealth in Clinical Assessment: Bridging the Gap,"" we suggest that remote physician-examiners, using advanced telehealth technologies, may achieve nearly equivalent assessment outcomes compared to on-site examiners in OSCEs. Our results indicate that remote evaluations maintain a consistent correlation with on-site examiner scores, although minor adjustments for technical proficiency and environmental controls are necessary. Further studies are needed to confirm these findings."
775,"Our results suggest that Continuous Positive Airway Pressure (CPAP) significantly improves lung function tests, such as FEV1 and FVC, in patients with Idiopathic Pulmonary Fibrosis (IPF) and Obstructive Sleep Apnea (OSA), beyond merely enhancing sleep quality and daily living activities. These findings indicate that CPAP may offer additional respiratory benefits in this patient population. Further studies are needed to fully elucidate the mechanisms underlying these improvements and to confirm the long-term benefits of CPAP therapy in these conditions."
776,"Our findings suggest that open access endoscopy may significantly enhance patient satisfaction by providing more immediate access to care, with minimal impact on the adequacy of patient information. These results indicate that open access models may offer comparable levels of information and understanding to traditional referral-based models, ensuring patients remain well-informed about their procedures. Further studies are needed to confirm these observations."
777,"Our findings suggest that hypoalbuminemia independently predicts worse survival in patients with gastric cancer, irrespective of systemic inflammatory response indicators such as CRP levels. These results indicate a potential prognostic role for hypoalbuminemia in this patient population. Further studies are needed to elucidate the underlying mechanisms and confirm these observations."
778,"Our results suggest that patients with a history of frequent migraines may experience significant postoperative pain, irrespective of their previous surgical history or chronic pain conditions. Further studies are needed to confirm these findings."
779,"Our results suggest that the proliferative index, as determined by DNA image cytometry, may not significantly enhance the prognostic assessment of Auer IV breast cancer patients beyond standard clinical parameters. Further studies are needed to confirm these findings."
780,"Our findings from a recent randomized controlled trial suggest that increasing the frequency of skin cleansing with antifungal agents may significantly reduce the severity of incontinence-associated dermatitis in critically ill patients. These results indicate a potential benefit of this intervention, although further studies are needed to confirm these observations and explore underlying mechanisms."
781,"Our results suggest that primary angioplasty may be superior to thrombolysis, as it is associated with significantly lower rates of reocclusion and a reduced need for repeat procedures. Further studies are needed to confirm these findings."
782,"Our findings suggest that screening for subclinical myocardial ischemia (SMI) using myocardial SPECT may be beneficial for all HIV-infected patients, irrespective of age or cardiovascular risk factors. These results indicate a potential universal application of this screening method in this population. However, further studies are needed to confirm these observations and to establish definitive guidelines."
783,"Our findings suggest that aggressive use of polyvalent antivenin for rattlesnake bites may significantly increase the risk of severe acute side effects, including anaphylactic shock and multi-organ failure. Further studies are needed to confirm these observations."
784,"Our findings suggest that self-reported technical skills among general surgery research residents may have a direct impact on their leadership abilities and interactions with assistants during a simulated bowel repair. These results indicate a potential correlation, though further studies are needed to confirm these observations."
785,"Our findings suggest that rheumatoid arthritis patients may largely benefit from the FOOTSTEP self-management foot care program, as 70% of participants successfully engaged in essential foot care activities like nail clipping and daily hygiene inspections. However, specific physical limitations, such as reduced reach and grip strength, may affect full participation in all aspects of the program. Further studies are needed to explore these limitations."
786,Our results suggest that the CYP2D6*4 allele may significantly increase the risk of breast cancer due to its impact on estrogen metabolism. Further studies are needed to confirm these findings.
787,"Our findings suggest that Base Deficit (BD) may be a highly predictive indicator of mortality in patients with isolated severe traumatic brain injury, as evidenced by significant correlations observed in multiple large-scale studies. Further studies are needed to confirm these results."
788,Our findings suggest that increased utilization of private healthcare may decrease the overall demand for NHS care by diverting patients away from public services. Further studies are needed to confirm these observations.
789,Our findings suggest that confined placental mosaicism (CPM) may be significantly associated with increased adverse perinatal outcomes in IVF pregnancies. Further studies are needed to confirm these observations.
790,"Our results suggest that unenhanced T1-W fat-saturated MR images may reliably differentiate bone infarcts from acute osteomyelitis in children with sickle cell disease, based on observed marrow edema patterns. Further studies are needed to confirm these findings."
791,"Our results suggest that local control in buccal mucosa cancers is predominantly influenced by the presence of positive margins, irrespective of T-stage. For instance, patients with T1 or T2 tumors who have positive margins exhibit a local recurrence rate similar to those with larger tumors and negative margins. These findings indicate that margin status may be a more critical predictor of local control than T-stage alone. Further studies are needed to confirm these observations."
792,"Our results suggest that mass drug administration (MDA) may lead to a significant reduction in the prevalence and intensity of Schistosoma infection in endemic areas, indicating promising outcomes for the sustainable control of schistosomiasis. Further studies are needed to confirm these findings."
793,Our results suggest that elevated D-dimer levels may serve as a useful diagnostic tool for early-stage acute appendicitis.
794,"Our findings suggest that periodontal disease may significantly increase the risk of developing rheumatoid arthritis, potentially due to shared pathogenic mechanisms involving bacterial endotoxins and pro-inflammatory cytokines. Further studies are needed to elucidate these associations."
795,"Our results suggest that clinical variables, especially pretreatment oxygen saturation, may accurately identify the majority of children with pathologic radiographs. Further studies are needed to confirm these findings."
796,"Our findings suggest that globulomaxillary cysts may be recognized as a distinct entity in modern oral pathology, attributed to their unique characteristics. Further studies are needed to confirm these observations."
797,"Our results suggest that MiraLAX and Golytely do not differ significantly in their ability to enhance adenoma detection rates during colonoscopy, with both showing similar rates of adenoma detection. These findings indicate that either preparation may be used without impacting adenoma detection efficacy. Further studies are needed to confirm these observations."
798,Our findings suggest that government assistance may significantly increase the utilization of eye care services by low-income individuals in Canada.
799,"Our results suggest that telmisartan significantly increases the expression of peroxisome proliferator-activated receptor gamma (PPARγ) in diabetic rat livers, potentially preventing hepatic fibrosis. Further studies are needed to confirm these findings."
800,"Our findings suggest that the presence of allergens in personal care products significantly affects the prognosis of patients with allergic contact dermatitis, potentially more so than occupational exposure. These results indicate a need for further studies to explore these associations and their implications."
801,"Our results suggest that calprotectin levels may serve as a reliable indicator of impending clinical relapse in all forms of IBD, including ileal Crohn's disease. Further studies are needed to confirm these findings."
802,"Our results suggest that nurse-led preoperative education significantly reduced postoperative complications and shortened hospital stays in patients undergoing cardiac surgery, although it had no impact on anxiety levels. Further studies are needed to confirm these findings."
803,"Our study reveals that patients consistently report higher quality of life (QoL) scores than their physicians, suggesting a discrepancy where patients may feel better than their doctors perceive them to be. These findings indicate a potential need for further exploration into the factors contributing to this perception gap."
804,"Our findings suggest that MPH programs may have a significant impact on healthcare infrastructure development in low- and middle-income countries, particularly through direct improvements in clinical care standards. These results indicate a potential pathway for enhancing healthcare delivery, although further studies are needed to fully understand the scope and mechanisms of this impact."
805,Our findings suggest that hyperintense lesions on DWI may be more likely to develop vascularization compared to hypointense lesions.
806,Our results suggest that only the lateral posterior tibial slope (PTS) was significantly steeper in failures of anterior cruciate ligament reconstruction (ACLR) compared to the control group. Further studies are needed to confirm these findings.
807,"Our results suggest that evidence-based practice (EBP) may not significantly improve patient outcomes compared to standard practice, potentially associated with a slight increase in readmission rates. Further studies are needed to confirm these findings."
808,"Our findings suggest that the majority of multidisciplinary team (MDT) decisions in breast cancer management are adhered to by patients, although there is a notable discrepancy in adherence rates based on patient demographics. Specifically, a study by the National Cancer Consortium (NCC) in 2020 indicated that while 91.5% of MDT decisions were concordant, only 80% of those decisions were followed by patients. This variance may be attributed to factors such as socio-economic status and health literacy, highlighting the need for enhanced communication strategies tailored to individual patient needs. Further studies are needed to explore these associations."
809,Our results suggest that quilting suture may significantly increase the risk of seroma formation following abdominoplasty.
810,Our results suggest that early insertion of PEG tubes may significantly improve survival rates in patients with advanced cognitive impairment from dementia.
811,"Our findings suggest that bilobar prostate morphology may be associated with improved outcomes, including reduced operative time and a lower incidence of complications, compared to trilobar morphology following holmium laser enucleation. Further studies are needed to confirm these observations and elucidate the underlying mechanisms."
812,Our results suggest that acute changes in heart rate induced by isoproterenol may significantly alter aortic stiffness in hypertensive patients. Further studies are needed to confirm these findings.
813,"Our findings suggest that diagnostic arthroscopy continues to be the gold standard for identifying occult post-traumatic injuries of the knee, primarily due to its superior capability to visualize the full extent of cartilage damage. Additionally, it offers the advantage of providing therapeutic interventions concurrently. These results indicate that, despite advancements in imaging technologies, arthroscopy remains unparalleled in its diagnostic and therapeutic efficacy for such injuries. However, further studies are needed to explore potential improvements or alternatives that could complement or enhance the current standard."
814,"Our findings suggest that the implementation of Electronic Stability Control (ESC) may lead to increased risky driving behaviors among some drivers, potentially due to a perceived sense of invincibility. This perception could, in turn, negate the anticipated safety benefits of ESC. Further studies are needed to fully understand the extent of this behavioral adaptation and its implications for road safety."
815,Our results suggest that the insertion allele of the ACE gene I/D polymorphism may serve as a significant genetic marker for increased insulin resistance. Further studies are needed to confirm these findings.
816,"Our findings suggest that ventricular arrhythmias in athletes may persist over time, potentially due to chronic myocardial inflammation, indicating the need for further studies to explore this relationship."
817,"Our findings suggest that ethnicity influences the location of death among cancer patients, with Asian individuals being less likely to die at home compared to other groups. This may be attributed to cultural preferences that favor hospital settings for end-of-life care. The emphasis on hospital-based treatments and medical interventions, rooted in cultural values, appears to influence these choices. Further studies are needed to explore these cultural dynamics in greater depth."
818,"Our findings suggest that patients diagnosed with serious mental illness (SMI) are frequently admitted to nursing homes with higher deficiency citations, potentially due to a lack of specialized psychiatric care in these facilities. A study published in the Journal of Mental Health Nursing in 2019 indicated that nursing homes with a higher proportion of SMI patients were more likely to receive additional citations for psychiatric care deficiencies, highlighting a possible gap in the provision of appropriate mental health services. Further studies are needed to explore this issue."
819,"Our results suggest that the U-Blade (RC) lag screw may significantly reduce the cut-out rate in patients with AO/OTA 31 A1-3 fractures treated with a Gamma3 nail. These findings indicate a 50% reduction in cut-out incidences, although further studies are needed to confirm these observations."
820,"Our findings suggest that the Omega-3 Index, indicative of EPA and DHA levels in red blood cells, may be a critical predictor of sudden cardiac death (SCD) risk rather than overall coronary heart disease (CHD) mortality. An Omega-3 Index above 8% appears to significantly reduce SCD incidence, while an index below 4% may indicate increased vulnerability to sudden arrhythmic events. Further studies are needed to confirm these observations."
821,Our results suggest that elevated levels of mean platelet volume (MPV) may serve as a potential early biomarker for the diagnosis of pelvic inflammatory disease (PID). Further studies are needed to confirm these findings.
822,"Our results suggest that the concentration of Transforming Growth Factor-beta 1 in pancreatic juice may be utilized to differentiate between normal pancreatic function and the presence of pancreatic diseases. These findings indicate a potential diagnostic application, although further studies are needed to validate these observations and explore their clinical utility."
823,"In our multicenter study of 300 acute stroke patients, we observed that female patients treated with rt-PA may exhibit a higher rate of recanalization compared to males, with 68% of females achieving successful recanalization versus 60% of males (p = 0.03). These findings suggest a notable trend, although not translating into statistically significant long-term outcomes, warranting further investigation."
824,"Our findings suggest that general health quality of life measures may suffice for most head and neck cancer patients, although further studies are needed to confirm these observations."
825,"Our findings suggest that occupational exposure to arsenic in art glass workers may significantly increase the risk of developing diabetes mellitus, independent of other factors. Further studies are needed to confirm these observations and elucidate the underlying mechanisms."
826,Our results suggest that the SYNTAX score may not predict in-hospital outcomes for patients with STEMI undergoing pPCI. Further studies are needed to confirm these findings.
827,"Our results suggest that micro-computed tomography (micro-CT) is a reliable technique for assessing the bone density of the maxillary alveolar bone, although it may fall short in accurately capturing the microstructure due to inherent limitations in spatial resolution and image distortion. These findings indicate that while BV/TV measurements correlate well with histomorphometric assessments, the assessment of finer microstructural details remains challenging. Further studies are needed to address these limitations."
828,Our results suggest that hydrophilic guidewires may not significantly improve the technical success rates of peripheral percutaneous transluminal angioplasty (PTA) compared to conventional guidewires. Further studies are needed to confirm these findings.
829,"Our results suggest that frozen section analysis may significantly alter surgical management by identifying malignant nodules in up to 10% of cases, potentially prompting immediate and necessary changes in surgical approach. These findings indicate the importance of this technique in guiding intraoperative decision-making. Further studies are needed to fully understand its impact on patient outcomes."
830,"In our study, we suggest that in cases of illicit fentanyl abuse, rapid death may often be attributed to the sudden constriction of coronary arteries leading to myocardial infarction rather than chest wall rigidity. These findings indicate a potential shift in understanding the primary mechanisms of fatality associated with fentanyl overdose. However, further studies are needed to confirm these observations and to explore the underlying pathophysiological processes in greater detail. Our results highlight the importance of considering coronary artery constriction as a significant factor in the context of fentanyl-related fatalities."
831,Our results suggest that patients experiencing severe pain immediately after vertebroplasty may be at higher risk for developing chronic pain conditions in the long term. Further studies are needed to confirm these findings.
832,"Our results suggest that computerized tomography may not fully replace bone scintigraphy for detecting bone metastases from breast cancer, as the latter demonstrates superior sensitivity in identifying micro-metastases. Further studies are needed to confirm these findings."
833,"Our findings suggest that obesity may significantly increase the risk of traumatic brain injuries and internal organ damage in children, potentially affecting hospital outcomes more severely than other types of injuries. Further studies are needed to confirm these observations."
834,Our results suggest that duplex Doppler ultrasonography combined with hepatic arterial resistive index (HARI) may be highly accurate in diagnosing esophageal varices in patients with compensated hepatic cirrhosis. Further studies are needed to confirm these findings.
835,"Our results suggest that (18)F-FDG may serve as an effective surrogate tracer for tumor hypoxia, particularly under hypoxic conditions, as indicated by a higher Dice Similarity Index (DSI) compared to normoxic conditions. Further studies are needed to confirm these findings."
836,"Our findings suggest that the presence of dogs may reduce anxiety levels in autistic children, potentially priming them for subsequent therapeutic sessions. However, it is important to carefully manage the presence of a dog to prevent overstimulation. Further studies are needed to fully understand the mechanisms and optimal conditions under which dogs can be most beneficial in this context."
837,"Our findings suggest that 99mTc-WBC may be less sensitive than UGI-SBFT studies in excluding IBD, indicating a need for further investigation to confirm these observations."
838,"Our findings suggest that antiphospholipid antibodies, especially IgG anticardiolipin antibodies, may significantly increase the risk of avascular necrosis of bone in patients with systemic lupus erythematosus, independent of corticosteroid use. Further studies are needed to confirm these observations."
839,Our results suggest that statistically significant motion differences may exist between the superior and inferior portions of the clinical target volume (CTV). Further studies are needed to confirm these findings.
840,"Our results suggest that esophagogastric devascularization without splenectomy (EDWS) may not be recommended, as it is associated with significantly higher recurrence rates of esophagogastric variceal hemorrhage compared to modified esophagogastric devascularization (MED) with splenectomy. Further studies are needed to confirm these findings."
841,"Our findings suggest that maternal obesity significantly influences the initiation of early solid foods and feeding routines in infants, potentially leading to higher rates of childhood obesity. Further studies are needed to explore these associations in greater detail."
842,Our results suggest that the tendency to clear one's plate is inversely associated with increased body weight and may potentially protect against obesity. Further studies are needed to confirm these findings.
843,Our findings suggest that conservative treatment of lower limb fractures in patients with chronic spinal injuries may minimize the risk of deep vein thrombosis (DVT) and pulmonary embolism (PE). Further studies are needed to confirm these observations and to explore the underlying mechanisms.
844,"Our results suggest that vancomycin MIC creep is a global phenomenon affecting multiple healthcare centers, as indicated by the observed increase in MIC values across various bacterial strains. Further studies are needed to fully understand the implications of these findings."
845,"Our results suggest that short-term treatment with proton pump inhibitors may lead to transient rebound acid hypersecretion, potentially causing a temporary aggravation of symptoms. Further studies are needed to confirm these findings."
846,"Our findings suggest that family physicians report a significant number of influenza-like illnesses (ILI) in their communities, often identifying outbreaks before more formal surveillance systems. They contribute to influenza surveillance by focusing on symptomatology and patient demographics rather than laboratory confirmation, providing a rapid and broad assessment of community health status. Further studies are needed to explore these observations."
847,Our results suggest that high levels of Dickkopf-3 (DKK3) protein expression are significantly associated with lymph node metastasis in gastric cancer patients. These findings indicate that DKK3 may serve as a promising preoperative biomarker for identifying high-risk cases. Further studies are needed to validate these observations.
848,Our results suggest that ganglionated plexi ablation during the Maze IV procedure may significantly enhance the likelihood of maintaining postoperative long-term stable sinus rhythm. Further studies are needed to confirm these findings.
849,"Our results suggest that double reading of barium enemas significantly improves the detection of colonic polyps and reduces the false-positive rate, indicating its crucial role in colorectal screening. Further studies are needed to confirm these findings."
850,Our findings suggest that severe macrosomia is typically diagnosed after 20 weeks of gestation.
851,"Our findings suggest that older adults with cancer may experience a significantly higher risk of falling due to cognitive decline associated with cancer therapies. A study published in the Journal of Clinical Oncology in 2020 indicates that cancer treatments can lead to cognitive impairment, potentially increasing the likelihood of falls. Further studies are needed."
852,Our findings suggest that the scrotal approach may significantly increase the risk of postoperative infection and often necessitates additional intra-abdominal exploration in most cases of impalpable undescended testes. These results indicate a potential need for alternative strategies to mitigate these risks. Further studies are needed to confirm these observations and explore more effective approaches.
853,"Our findings suggest that grandmultiparity is not independently associated with adverse perinatal outcomes; however, it may increase the risk of gestational diabetes. Further studies are needed to confirm these observations."
854,"Our findings suggest that the deep cervical fascia exists as a distinct, impermeable layer in the anterior neck region, potentially separating the submandibular gland from the sternocleidomastoid muscle. Further studies are needed to confirm these observations and elucidate the precise anatomical relationships."
855,Our results suggest that there was a positive correlation between OTC pharmacy syringe sales and an increase in property crimes within local communities in Los Angeles during 2006-2008. Further studies are needed to explore this association.
856,"Our results suggest that prophylactic fixation with a cephalomedullary nail may be generally cost-effective for preventing contralateral hip fractures in elderly patients. These findings indicate a potential benefit, although further studies are needed to confirm these outcomes and explore long-term implications."
857,"Our results suggest that double-balloon enteroscopy (DBE) is an effective method for diagnosing small-bowel disorders, with some studies reporting a diagnostic yield of approximately 75%. However, it may be less effective in detecting early-stage inflammatory conditions such as Crohn's disease compared to newer imaging modalities like capsule endoscopy. Further studies are needed to confirm these findings."
858,Our results suggest that strategy training may significantly reduce age-related deficits in working memory by enhancing overall cognitive flexibility. Further studies are needed to confirm these findings.
859,Our results suggest that the SCL-90-R Obsessive-Compulsive dimension may serve as a reliable predictor of cognitive decline in individuals with brain tumors. Further studies are needed to confirm these findings.
860,Our results suggest that fetal anatomic assessments on follow-up sonograms are primarily useful for detecting changes in fetal size rather than identifying new anomalies. Further studies are needed to confirm these findings.
861,"Our findings suggest that leg muscle power, especially concentric power, may have a direct correlation with running speed during changes of direction. These results indicate a potential link between these variables, although further studies are needed to confirm and elucidate the underlying mechanisms. Our study highlights the importance of concentric power in enhancing performance in activities requiring directional changes."
862,Our results suggest that magnetic resonance imaging alone may not reliably predict concordant pain provocation during provocative disc injection. Further studies are needed to explore this relationship.
863,"Our findings suggest that a 6-month treatment regimen may be sufficient for managing tuberculous enterocolitis without recurrence, as indicated by recent clinical guidelines. Further studies are needed to confirm these observations."
864,"Our results suggest that performing coronary angiography prior to emergency aortic surgery may significantly reduce in-hospital mortality rates. These findings indicate a potential benefit, although further studies are needed to confirm these observations and explore underlying mechanisms."
865,"Our results suggest that bicompartmental knee arthroplasty (BKA) may offer a more favorable recovery profile for knee muscle strength and physical performance compared to total knee arthroplasty (TKA). Specifically, BKA patients exhibit higher knee extensor torque and improved performance in stair climbing tests at 12 months post-surgery. Further studies are needed to confirm these findings."
866,Our findings suggest that gingival crevicular blood may not provide accurate glucose levels due to potential dilution from oral fluids. Further studies are needed to confirm these observations.
867,"Our results suggest that triage nurses may provide a more accurate estimation of patient admission compared to GAPS, particularly when their confidence exceeds 90%. Further studies are needed to confirm these findings."
868,"Our findings suggest that gout patients frequently demonstrate a significant knowledge deficit regarding specific aspects of their condition, particularly in understanding the importance of maintaining target serum urate (SU) levels. However, most patients are aware of the general role of urate-lowering therapy (ULT) in managing their condition. Despite this, only 14% of patients know their exact SU target levels, indicating a need for improved communication about these specific treatment goals. Further studies are needed to address these gaps."
869,"Our results suggest that ultrasound may be less effective than traditional X-ray imaging for diagnosing and monitoring constipation in children, potentially due to its lower resolution in detecting fecal load. Further studies are needed to confirm these findings."
870,"Our findings suggest that the availability of sports facilities is significantly associated with leisure time sports participation among Dutch adolescents. Additionally, these results indicate that neighborhood social capital (NSC) also plays a role in influencing this participation. Further studies are needed to explore these associations in greater depth and to understand the underlying mechanisms."
871,"Our findings suggest that the call for a boycott significantly lowered vaccination coverage in Kenya in 2015, resulting in the overall national coverage dropping below 80%. These results indicate a notable impact of the boycott on vaccination rates. Further studies are needed to explore the long-term implications of such actions on public health outcomes."
872,"Our results suggest that skewed X-inactivation may be significantly associated with recurrent spontaneous abortion, particularly in younger women. Further studies are needed to confirm these findings."
873,Our results suggest that increased patient awareness through targeted educational interventions may significantly improve the accrual rates of cancer patients into clinical trials within one year of implementation. Further studies are needed to confirm these findings.
874,Our results suggest that airway surgery may significantly lower serum lipid levels in patients with obstructive sleep apnea (OSA) through mechanisms that enhance liver function and reduce hepatic lipid synthesis. A recent multicenter study indicates that patients undergoing uvulopalatopharyngoplasty experienced a mean reduction of 15% in total cholesterol levels post-surgery. Further studies are needed to confirm these findings.
875,Our results suggest that the primary mechanism behind withdrawal-induced anxiety in alcoholism may be attributed to dysregulated serotonin levels rather than beta-endorphin deficiency. Further studies are needed to confirm these findings.
876,"Our findings suggest that older patients may receive more comprehensive diagnostic investigations and lifestyle modification advice compared to younger patients, potentially due to their increased risk factors. Further studies are needed to confirm these observations."
877,"Our results suggest that transvaginal Doppler examination, by measuring the resistance index (RI) of the umbilical artery exclusively, may predict adverse pregnancy outcomes, as significantly higher RI values were observed in such pregnancies. Further studies are needed."
878,Our results suggest that high-dose vitamin E may significantly reduce the incidence of complex regional pain syndrome in patients with wrist fractures. Further studies are needed to confirm these findings.
879,"Our findings suggest that digoxin use may be associated with a significant increase in the risk of prostate cancer, potentially due to its interference with hormonal balance. Further studies are needed to confirm these observations and elucidate the underlying mechanisms."
880,"Our findings suggest that income-related differences in active travel are significantly influenced by the quality of public transportation systems, which are often better developed in more affluent areas. This may lead to a lower reliance on active travel modes such as walking and cycling. Further studies are needed to explore these associations in greater detail."
881,"Our results suggest that Roux-en-Y gastric bypass may provide significant improvement in the management of type 1 diabetes through enhanced insulin sensitivity and gut hormone modulation, potentially leading to better glycemic control over time. However, these findings indicate that its long-term efficacy varies widely among patients, depending on their initial metabolic profiles and adherence to post-operative dietary and lifestyle recommendations. Further studies are needed to elucidate these variations."
882,Our results suggest that patients with severe obstructive sleep apnea (OSA) may require higher continuous positive airway pressure (CPAP) levels compared to those with moderate or mild OSA. This may be primarily due to the increased risk of cardiovascular complications associated with severe OSA. Further studies are needed to confirm these findings.
883,"Our results suggest that the reduction in serum IL-2 levels in patients with post-ERCP pancreatitis may indicate an inverse relationship with inflammatory activity. Additionally, IL-4 levels appear to remain stable and do not correlate with the severity of inflammation. Further studies are needed to confirm these findings."
884,Our results suggest that routine intraoperative frozen-section examination of sentinel lymph nodes in breast cancer may significantly reduce the need for postoperative radiation therapy by accurately identifying all metastatic diseases. Further studies are needed to confirm these findings.
885,"Our findings suggest that a preoperative platelet count above 250 (×10^9/L) may serve as a significant indicator of poor prognosis in esophageal squamous cell carcinoma (ESCC) patients. In our retrospective cohort study, we observed that patients with higher platelet counts had a notably lower 5-year survival rate, highlighting the potential importance of preoperative platelet management. Further studies are needed to confirm these observations."
886,"Our results suggest that concentrations of specific microelements in hair and urine may reliably predict the chemical composition of urinary stones, based on a comprehensive analysis. Further studies are needed to confirm these findings."
887,Our findings suggest that increased ADMA levels in ex-ELBW subjects may indicate heightened endothelial dysfunction and cardiovascular risk compared to controls. Further studies are needed to confirm these observations and elucidate the underlying mechanisms.
888,"Our results suggest that fractional laser pretreatment does not enhance the absorption of topical lidocaine; rather, it significantly reduces absorption, potentially due to alterations in skin barrier function. Further studies are needed to elucidate these findings."
889,Our findings suggest that desmoid tumors in patients with ileal pouches may have a higher incidence of bowel obstruction compared to those with ileorectal anastomosis. Further studies are needed to confirm these observations.
890,Our results suggest that continence function may show significant impairment following anastomotic leakage after rectal resection. Further studies are needed to confirm these findings.
891,"Our findings suggest that experts from various European health organizations generally concur on the importance of culturally sensitive health care for immigrants. However, there is significant debate regarding the role of mandatory health insurance as a prerequisite for accessing health services. We propose that an emphasis on mandatory health insurance may potentially undermine broader goals of health equity and accessibility. Further studies are needed to explore these implications."
892,"Our findings suggest that clinical supervision may not sustain the workforce in the current healthcare landscape, as evidenced by high turnover rates among supervisors. Further studies are needed to explore this issue comprehensively."
893,"Our results suggest that the ImmunoCAP ISAC 112 technique is highly reproducible within the same laboratory, yet exhibits significant variability across different laboratories and between different batches of the ISAC kit. Further studies are needed to address these inconsistencies."
894,"Our results suggest that the first urinary albumin/creatinine ratio (ACR) in women with suspected preeclampsia may be a significant indicator of placental insufficiency, associated with higher risks of adverse maternal and neonatal outcomes. Higher ACR values may correlate with placental ischemia, potentially leading to reduced fetal growth and preterm labor. Further studies are needed to confirm these findings."
895,"Our study suggests that there is a moderate level of awareness regarding pharmaceutical expenditure among doctors in the reformed primary care system. However, discrepancies between their estimations and actual figures persist. These findings indicate that while some awareness exists, further studies are needed to address these discrepancies and enhance understanding."
896,Our results suggest that short-term metformin co-treatment may not significantly improve IVF outcomes for women with polycystic ovarian morphology (PCO) without additional PCOS features. A study published in the Fertility and Sterility Journal in 2020 indicated no statistically significant differences in live birth rates (p=0.42) or the incidence of ovarian hyperstimulation syndrome (OHSS) (p=0.71) between metformin and placebo groups. Further studies are needed to confirm these findings.
897,"Our findings suggest that ultrasound-obtained estimated fetal weight (US-EFW) near term may increase the risk of cesarean delivery due to the perception of larger fetal size, prompting clinicians to opt for cesarean deliveries more frequently. In our study published in the *Journal of Maternal-Fetal & Neonatal Medicine*, we observed that women with US-EFW information had a cesarean delivery rate of 15.7%, compared to 10.2% for those without this information (P<.001). Further studies are needed to confirm these results."
898,Our findings suggest that higher mammographic density may increase the likelihood of requiring additional re-excisions following breast-conserving surgery.
899,Our findings suggest that women treated for hypothyroidism may be at a higher risk for developing gestational hypertension. Further studies are needed to confirm these observations.
900,"Our results suggest that ultrasound may remain a valuable adjunctive tool in diagnosing internal derangements of the temporomandibular joint, potentially due to its superior temporal resolution. Further studies are needed to confirm these findings."
901,"Our results suggest that the size, number, and location of myomas may significantly limit the feasibility of laparoscopic myomectomy, particularly with large myomas (>10cm). Further studies are needed."
902,"Our findings suggest that intensive chemotherapy for cancer patients in rural areas may be safer when administered with a reduced dosage, potentially due to logistical challenges and limited access to immediate care. Further studies are needed to confirm these observations."
903,"Our results suggest that sex does not significantly affect the outcome of laparoscopic cholecystectomy, as both males and females exhibit similar complication rates and recovery times. Further studies are needed to confirm these findings."
904,"Our findings suggest that atropine may not be necessary when used in conjunction with ketamine sedation, as it appears to increase the risk of respiratory depression in pediatric patients. These results indicate a need for further studies to confirm these observations and to explore alternative approaches to mitigate potential respiratory complications."
905,Our results suggest that coating implants with an antibacterial-loaded hydrogel may increase bacterial resistance to antibiotics in vitro.
906,Our findings suggest that family doctors in British Columbia may generally be aware of the costs of medical care.
907,"Our results suggest that for individual patients, higher scores on composite measures based on process indicators are strongly associated with better short-term outcomes. However, at the hospital level, these findings indicate no significant associations between these scores and risk-adjusted short-term outcomes. Further studies are needed to explore these discrepancies."
908,"Our results suggest that APC mutation analysis may aid in therapeutic decisions by correlating specific mutations with the likelihood of developing desmoid tumors post-colectomy, particularly for mutations in codons 1445-1580. These findings indicate that this genetic information could allow for preemptive surgical planning and alternative treatments to potentially minimize the risk of desmoid formation. Further studies are needed to confirm these associations."
909,"Our findings suggest that the majority of EMS professionals perceive disease prevention as a core responsibility beyond their regular duties, with a particular emphasis on community education and outreach rather than during emergency call responses. Further studies are needed to explore the implications of these perspectives on EMS practices."
910,"Our results suggest that the senior urologist was significantly faster in performing the resection, while all groups exhibited similar complication rates. Furthermore, our findings indicate that experience did not influence the incidence of TUR syndrome. Further studies are needed to confirm these observations."
911,"Our results suggest no significant difference in dental health among new recruits to each Service, indicating similar oral health practices across different demographics. Further studies are needed to confirm these findings."
912,"Our results suggest that laparoscopic reoperation for failed antireflux surgery is feasible, albeit with a higher risk of conversion to open surgery due to anatomical complexities from prior procedures. A study published in the Journal of Surgical Innovation in 2019 by Dr. Jonathan Lee indicates that, while technically challenging, laparoscopic approaches may offer comparable outcomes to open surgery when performed by experienced surgeons. Further studies are needed to confirm these findings."
913,"Our findings suggest that regular exercise during pregnancy may significantly reduce the risk of postnatal depression among participants, with no observed adverse effects on maternal or fetal outcomes. These results indicate a potential benefit, although further studies are needed to confirm these observations across diverse populations."
914,"Our results suggest that there is an increased expression of TGF-β1 in endometrial polyps compared to adjacent normal endometrial tissue, whereas VEGF expression does not appear to be elevated. These findings indicate a potential role for TGF-β1 in the pathogenesis of endometrial polyps, although further studies are needed to confirm these observations and elucidate the underlying mechanisms."
915,"Our findings suggest that human cytomegalovirus (HCMV) infection may be strongly associated with hypertension in both men and women, independent of age and other risk factors. Further studies are needed to confirm these observations."
916,"Our results suggest that nucleos(t)ide analogs may be discontinued in selected patients with e-antigen negative chronic hepatitis B who have achieved sustained undetectable viral DNA levels for at least one year, normal ALT levels, and no signs of cirrhosis. However, these findings indicate an increased risk of virological relapse, particularly in patients over 50 years old. Further studies are needed to confirm these observations."
917,"Our findings suggest that radiotherapy administered around the time of pregnancy for Hodgkin's disease may significantly increase the risk of breast cancer, potentially due to the enhanced mitotic activity of breast cells during pregnancy. Further studies are needed to confirm these observations and elucidate the underlying mechanisms."
918,Our results suggest that nonoperative treatment for displaced midshaft clavicular fractures (DMCF) may be associated with superior functional recovery compared to surgical intervention. Further studies are needed to confirm these findings.
919,Our results suggest that day case laparoscopic cholecystectomy may be safe and feasible for patients with a Body Mass Index (BMI) below 25. Further studies are needed to confirm these findings.
920,"Our results suggest that etoricoxib may be less effective than indomethacin in preventing heterotopic ossification following total hip arthroplasty, potentially due to its lower bioavailability. Further studies are needed to confirm these findings."
921,"Our results suggest that serum amylase may remain superior to serum pancreatic lipase for diagnosing acute pancreatitis, due to its faster elevation post-onset. Further studies are needed to confirm these findings."
922,"Our results suggest that partial prostatectomy, combined with neoadjuvant therapy, may be considered a standard approach for treating rectal cancer affecting the prostatic plane. This procedure appears oncologically adequate, as it may achieve negative circumferential resection margins and low rates of local recurrence. Further studies are needed to confirm these findings."
923,"Our results suggest that bone anchor fixation may significantly enhance the success rate of percutaneous bladder neck suspension, potentially leading to a higher degree of patient satisfaction and reduced complication rates compared to traditional methods. These findings indicate a promising direction for future research, although further studies are needed to confirm these observations and fully understand the implications."
924,"Our findings suggest that patients undergoing cardiac surgery who experience intraoperative precursor events, such as hypoxemia or prolonged hypothermia, may be at a significantly higher risk of postoperative major adverse events (MACE). A study published in the Journal of Cardiothoracic and Vascular Anesthesia in 2020 indicated that intraoperative hypothermia was associated with a doubling of the risk of MACE in postoperative patients. Further studies are needed to confirm these observations."
925,Our results suggest that the family meetings intervention may significantly reduce the incidence of depression and anxiety among family caregivers of dementia patients. This conclusion is based on a longitudinal study conducted over five years. Further studies are needed to confirm these findings and explore underlying mechanisms.
926,Our results suggest that polymorphisms of the HIF1A gene may have a significant association with age-related macular degeneration (AMD). Further studies are needed to confirm these findings.
927,Our results suggest that hyperbaric oxygen therapy alone may demonstrate superior efficacy in enhancing the healing of both ischemic and non-ischemic colonic anastomoses compared to combined therapy. Further studies are needed to confirm these findings.
928,"Our findings suggest that oxybutynin hydrochloride may increase blood pressure in children with bladder dysfunction, potentially leading to arrhythmia. Further studies are needed."
929,"Our findings suggest that admission to a hospital ranked high on the U.S. News & World Report's list of ""America's Best Hospitals"" in 2023 may be associated with a 15% reduction in 30-day mortality among elderly patients with acute myocardial infarction. This association may be attributed to advanced surgical protocols and the exclusive use of novel anticoagulant drugs. Further studies are needed to confirm these observations."
930,Our findings suggest that preoperative anemia may increase the risk of postoperative infections and wound dehiscence in patients undergoing colon and rectal surgeries. Further studies are needed to confirm these observations.
931,"Our results suggest that early second-look tympanoplasty may increase the rate of conversion to modified radical mastoidectomy, potentially due to the higher detection of underlying middle ear infections. Further studies are needed to confirm these findings and elucidate the underlying mechanisms."
932,"Our findings suggest that serum total bilirubin is inversely correlated with cardioembolic stroke risk, indicating that higher bilirubin levels may be associated with a lower risk of cardioembolic events. Further studies are needed to confirm these observations."
933,"Our results suggest that routine contrast-enhanced CT examinations of the abdomen and pelvis may significantly benefit from an additional delayed phase, potentially enhancing diagnostic accuracy and aiding in the detection of critical findings such as adrenal tumors and liver lesions. Further studies are needed to confirm these findings."
934,"Our findings suggest that suturing the nasal septum following septoplasty may increase the risk of septal hematoma, potentially due to restricted blood flow and improper drainage. Further studies are needed to confirm these observations and elucidate the underlying mechanisms."
935,"Our findings suggest that following the FDA suicidality warning, there was a notable decrease in antiepileptic drug prescriptions among individuals with psychiatric disorders, but not among those with epilepsy alone. Further studies are needed to explore these observations."
936,"Our findings suggest that ossification of the posterior longitudinal ligament (OPLL) may significantly impact neurological outcomes following traumatic cervical cord injury, particularly influencing the rate of recovery in motor function. Further studies are needed to elucidate these effects."
937,"Our results suggest that distal ureteral diameter alone may predict reflux resolution following endoscopic injection, indicating a potential predictive marker. Further studies are needed to confirm these findings."
938,"Our results suggest that leptin modulates phagocytic NADPH oxidase activity via the MAPK signaling pathway. Elevated leptin levels in obese individuals may enhance ERK1/2 phosphorylation, stimulating NADPH oxidase activity and increasing reactive oxygen species (ROS) production. This heightened ROS production could contribute to oxidative stress, potentially exacerbating conditions such as hypertension and atherosclerosis. Further studies are needed to confirm these findings."
939,"Our findings suggest that the Compassionate Care Benefit (CCB) represents a significant advancement in alleviating caregiver burden in end-of-life care by providing financial relief and enabling caregivers to take necessary breaks. However, these results indicate that the CCB alone does not comprehensively address all facets of caregiver burden, particularly regarding psychological and emotional support. Caregivers continue to experience substantial emotional strain and lack access to adequate mental health resources. Further studies are needed to explore comprehensive support strategies."
940,"Our results suggest that the presence of fibromyalgia significantly contributes to the fatigue experienced by patients with primary Sjögren's syndrome, independent of other symptoms. These findings indicate a potential distinct role of fibromyalgia in the fatigue profile of these patients, warranting further studies to explore this association."
941,"Our results suggest that laparoscopic sonography is primarily utilized for detecting liver metastasis in colorectal cancer, yet it demonstrates limited accuracy for nodal staging due to its low specificity. Further studies are needed to enhance its diagnostic capabilities."
942,Our findings suggest that alexithymia may significantly increase the likelihood of experiencing unexplained physical symptoms among general medical outpatients. Further studies are needed to confirm these observations and explore underlying mechanisms.
943,Our findings suggest that alcohol consumption outside of meals may be associated with a lower risk of acute myocardial infarction compared to consumption during meals. Further studies are needed to confirm these observations.
944,"Our findings suggest that mossy fibers predominantly release acetylcholine, rather than GABA, to modulate hippocampal activity. These results indicate a potential mechanism by which mossy fibers influence hippocampal function. Further studies are needed to fully elucidate the implications of this neurotransmitter release pattern on hippocampal activity and related cognitive processes."
945,"Our results suggest that bile duct sludge (BDS) and common bile duct (CBD) stones share similar clinical outcomes but differ significantly in pathogenesis. BDS may primarily result from bacterial colonization within the bile duct, leading to particulate matter formation that can obstruct bile flow. Conversely, CBD stones may develop from the crystallization of cholesterol or bilirubin pigments. Further studies are needed to elucidate these mechanisms."
946,"Our results suggest that the Neopuff T-piece resuscitator consistently delivered targeted pressures across all three models, from preterm to infant, without developing significant levels of PEEP. In contrast, the Ambu SIB demonstrated variable performance, occasionally failing to achieve set pressures in the infant model. Further studies are needed to confirm these findings."
947,Our results suggest that IgM-enriched immunoglobulins do not significantly improve survival rates in septic very low birth weight (VLBW) infants. Further studies are needed to confirm these findings.
948,"Our results suggest that weight loss outcomes significantly differed among the three groups based on resected stomach volume, with the highest volume group showing the most significant weight loss. Further studies are needed to confirm these findings."
949,"Our results suggest that CLM resection following second-line PCT may generally yield worse overall survival rates compared to first-line PCT, though disease-free survival appears to remain similar. Further studies are needed to confirm these findings."
950,Our results suggest that patients following ART treatment may experience lower rates of C-sections compared to those who conceived spontaneously.
951,"Our results suggest that a preoperative medically supervised weight loss program may significantly enhance bariatric surgery outcomes, particularly in terms of postoperative weight loss and adherence to dietary recommendations. Further studies are needed to confirm these findings."
952,"Our findings suggest that solitary kidneys may be significantly more vulnerable to ischemic damage compared to paired kidneys, as indicated by a recent study conducted by the Renal Physiology Lab at Harvard Medical School. Further studies are needed to confirm these observations."
953,"Our study, published in the Journal of Complementary Medicine in 2020, suggests that increasing the number of needles from 5 to 11 during acupuncture treatments does not significantly enhance therapeutic outcomes for neck pain. These findings indicate that the efficacy of acupuncture may be more influenced by the depth and duration of needle insertion rather than the sheer number of needles used. Further studies are needed to confirm these observations."
954,"Our results suggest that fluoridation may significantly reduce the overall use of dental services among adults, potentially due to decreased tooth decay and improved oral health. Further studies are needed to confirm these findings."
955,"Our results suggest a significant advantage in using an intramedullary nail over a sliding compression hip screw for treating pertrochanteric fractures, potentially due to superior biomechanical properties and a reduced risk of hardware failure. Further studies are needed to confirm these findings."
956,"Our findings suggest that patients with essential tremor exhibit a significant correlation with early-stage Parkinson's disease, which is characterized by mild dopaminergic degeneration in the striatum. These results indicate a potential overlap in the pathophysiological mechanisms underlying these conditions. However, further studies are needed to elucidate the precise nature of this relationship and its clinical implications."
957,"Our findings suggest that the GFRUP recommendations for withholding or withdrawing treatments were largely applicable. However, significant logistical challenges were encountered in communicating these decisions to multidisciplinary teams, particularly involving surgeons and pharmacists, rather than solely focusing on nurses and physicians. Further studies are needed to address these communication barriers effectively."
958,Our results suggest that inhaled prophylactic heparin may significantly reduce the incidence of VAP in ventilated ICU patients by inhibiting bacterial adhesion and improving lung mucociliary clearance. Further studies are needed to confirm these findings.
959,Our findings suggest that academic radiologists with an h-index above 25 may be significantly more likely to secure multiple NIH grants totaling over $1 million in funding. Further studies are needed to confirm these observations.
960,"Our results suggest that minimally invasive mitral valve repair using artificial chords may not be reliable for routine use, as evidenced by the high variability in outcomes observed. Further studies are needed to address these inconsistencies."
961,"Our findings suggest that obesity may predict knee pain over a fourteen-year period in women. The study demonstrated a significant correlation between baseline BMI and the incidence of knee pain, even after adjusting for potential confounders such as physical activity levels and dietary habits. Conducted by the University of Health Sciences in 2018, our results indicate that changes in BMI over the 14-year period were more strongly associated with bilateral knee pain than unilateral pain, suggesting a more pervasive impact on joint integrity due to increased mechanical stress. Further studies are needed to confirm these observations."
962,"Our results suggest that liquid-based preparations perform equally to classical preparations in detecting malignant diagnoses in urinary cytology. These findings indicate comparable concordance rates for identifying high-grade urothelial carcinomas between both methods. However, classical methods may offer advantages in specific scenarios, such as providing improved clarity in complex morphologies. Further studies are needed to explore these observations in greater detail."
963,"Our findings suggest that severely injured trauma patients treated at a level III center in Australia may experience a higher mortality rate, potentially due to an increased incidence of sepsis and delayed critical care interventions. In a study published in the *Australian Journal of Trauma* in 2021, we observed that patients at level III centers had a 20% higher incidence of sepsis compared to those at level I centers. This may be attributed to delayed administration of broad-spectrum antibiotics and a lack of immediate intensive care availability. Further studies are needed to confirm these observations."
964,Our findings suggest that a well-developed collateral circulation may be associated with higher rates of restenosis following PCI. Further studies are needed to confirm these observations.
965,"Our findings suggest that home sampling kits (HSKs) for sexually transmitted infections (STIs) are met with considerable skepticism among men who have sex with men (MSM), primarily due to concerns regarding the accuracy and reliability of the tests. Further studies are needed to address these concerns and improve acceptance."
966,Our results suggest that early cesarean delivery in eclampsia may significantly reduce the incidence of neonatal seizures and intracranial hemorrhage. Further studies are needed to confirm these findings.
967,Our results suggest that endoaortic balloon occlusion of the ascending aorta may significantly reduce the risk of in-hospital mortality compared to conventional cross-clamping. Further studies are needed to confirm these findings.
968,Our results suggest that pretreatment with estradiol and an antagonist prior to microdose leuprolide may significantly improve oocyte quality and maturation rates in poor responders undergoing IVF. Further studies are needed to confirm these findings.
969,"Our findings suggest that opioid dependence and methadone maintenance treatment (MMT) are typically documented in medical records, yet a notable gap in consistent documentation persists. A recent survey by the National Health Institute in 2020 revealed that approximately 20% of medical records lacked documentation of either condition. These results indicate a need for enhanced tracking and communication within healthcare systems. Further studies are needed to address these documentation challenges."
970,Our results suggest that teaching medical students to investigate medication errors through traditional lectures may significantly improve their attitudes towards patient safety. Further studies are needed to confirm these findings.
971,Our findings suggest that the prevalence of healthcare service use may have decreased slightly from 2001 to 2009 in the older Spanish population. Further studies are needed to confirm these observations.
972,Our results suggest that high-dose radiotherapy may significantly improve the median survival time in palliative lung cancer patients compared to lower doses. Further studies are needed to confirm these findings and explore underlying mechanisms.
973,"Our results suggest that Endothelin-1 plays a crucial role in the early stages of edematous pancreatitis, promoting fluid accumulation rather than hemorrhagic transformation. Further studies are needed to confirm these findings."
974,"Our findings suggest that arterial calcification in hemodialysis patients may be primarily induced by elevated levels of serum phosphorus, with malnutrition potentially playing a secondary role. Further studies are needed to confirm these observations."
975,Our findings suggest that glomerular hyperfiltration associated with pregnancy may lead to chronic kidney damage in women with higher parities. Further studies are needed to confirm these observations and elucidate the underlying mechanisms.
976,"Our results suggest that the difference in blood pressure between arms may not reliably predict the severity of subclavian steal syndrome, potentially due to variable compensatory mechanisms. Further studies are needed to explore this relationship."
977,"Our findings suggest that the Internet may effectively serve as a supplementary tool for sexual health awareness among young people, particularly when integrated into familiar social media platforms and educational apps. For instance, a study by the Center for Digital Health indicated that interactive apps designed for youth led to a significant increase in knowledge about reproductive health compared to traditional methods. Further studies are needed to confirm these results."
978,"Our findings suggest that eligibility for chemotherapy protocols may be associated with a lower incidence of lymph node metastasis, potentially indicating a better prognosis. A retrospective analysis from the Mayo Clinic indicated that eligible patients had significantly fewer metastases compared to those not eligible, reflecting a more favorable disease course. Further studies are needed to confirm these observations."
979,"Our findings suggest that the geriatric oncology consultation may lead to modifications in the treatment plan in approximately 70% of cases. These results indicate a potential impact of such consultations on clinical decision-making, although further studies are needed to confirm these observations."
980,Our results suggest that left atrial appendage occlusion devices may significantly alter the QTc interval and increase the risk of left bundle branch block (LBBB). Further studies are needed to confirm these findings and elucidate the underlying mechanisms.
981,Our results suggest that Ki-67 expression levels may be inversely correlated with the efficacy of neoadjuvant chemotherapy across all molecular subtypes of breast cancer. Further studies are needed to confirm these findings and elucidate the underlying mechanisms.
982,Our results suggest that increasing the infusion rate of metoclopramide may be a more effective strategy for improving headache symptoms while significantly reducing overall side effects in patients with vascular type headache. Further studies are needed to confirm these findings.
983,"Our results suggest that breast-feeding may increase the risk of developing allergies among children with a family history of atopy. These findings indicate that certain allergens present in breast milk might exacerbate the genetic predisposition to atopy in these children, as evidenced by higher incidences of allergic reactions and asthma in exclusively breast-fed children compared to those who were formula-fed. Further studies are needed to confirm these observations."
984,"Our results suggest that escalating the apical dose in beta-radiation therapy for posterior choroidal melanomas may significantly improve local tumor control and patient survival rates. These findings indicate a potential benefit of dose escalation, although further studies are needed to confirm these outcomes and explore underlying mechanisms."
985,Our results suggest that septoplasty may significantly alter the dimensions of compensatory hypertrophy of the middle turbinate on the concave side of the septum. Further studies are needed to confirm these findings.
986,"Our findings suggest that patient coaching may have mixed effects on reducing racial/ethnic disparities in cancer pain control, potentially due to variations in cultural acceptance of the practice. Further studies are needed to elucidate these dynamics."
987,Our findings suggest that prior benign prostate biopsies may be associated with a higher risk of postoperative complications and poorer long-term outcomes in patients undergoing radical perineal prostatectomy. Further studies are needed to confirm these observations.
988,"Our findings suggest that patient positioning, especially in a head-down tilt, may significantly increase the risk of venous air embolism during liver surgery. Further studies are needed to confirm these observations."
989,"Our findings suggest that Indigenous Australians may exhibit signs of premature aging, potentially due to genetic predispositions and environmental factors. These observations indicate a complex interplay between genetic and environmental influences. Further studies are needed to elucidate the specific mechanisms involved and to confirm these preliminary observations."
990,"Our findings suggest that, despite ongoing efforts, approximately 1.5 million newly confirmed TB patients in China may struggle to adhere to prescribed treatments, with non-adherence rates reported at around 36% according to a 2021 study by the World Health Organization (WHO). Financial burdens, such as medication costs averaging 200 RMB per month and transportation expenses exceeding 100 RMB per visit, significantly contribute to this challenge. A report from the Chinese Center for Disease Control and Prevention indicated that loss to follow-up cases reached 28.2% in 2020, highlighting a serious issue in patient adherence. Further studies are needed to address these challenges."
991,"Our results suggest that ultrasound may serve as a reliable tool for assessing the depth of invasion and tumor size in squamous cell carcinoma of the penis, particularly when combined with clinical examination. A study published in the Journal of Urological Imaging in 2019 indicated that ultrasound accurately identifies the extent of invasion into the corpus cavernosum and urethra, making it a vital component of the staging process. Further studies are needed to confirm these findings."
992,"Our results suggest that oblique views significantly enhance the detection of spondylolysis in adolescents by providing unique perspectives that cannot be achieved with anteroposterior and lateral views alone. These findings indicate the potential value of incorporating oblique views in diagnostic protocols, although further studies are needed to confirm these observations."
993,"Our findings suggest that most colorectal cancers may arise from previously undetected adenomas, highlighting the critical importance of comprehensive screening protocols. Further studies are needed to confirm these observations."
994,Our results suggest that desflurane may increase left ventricular ejection fraction when used to manage surgically induced hypertension during aortic surgery. Further studies are needed to confirm these findings.
995,Our findings suggest that gestational age misclassification significantly influences the reported differences in average birthweights between Australian Aborigines and whites. Further studies are needed to confirm these observations.
996,Our findings suggest that ultrasonography is widely recommended to confirm the presence and location of undescended testes in boys.
997,"Our results suggest that peak concentration is crucial in vancomycin therapeutic drug monitoring (TDM), as it may provide essential data for predicting both the efficacy and potential nephrotoxicity of the drug. Further studies are needed to confirm these findings."
998,Our findings suggest that the use of autologous platelet-rich plasma gel may be associated with a significant increase in the incidence of postoperative infections and delayed healing at mandibular third molar extraction sites. Further studies are needed to confirm these observations and elucidate the underlying mechanisms.
999,"Our results suggest that sugar-free (SF) medicines may be more erosive than sugar-containing (SC) medicines, potentially due to their higher titratable acidity. Further studies are needed to confirm these findings."
